plz;ort;bundesland;lat;lon
01067;Dresden;Sachsen;51.0547;13.7269
01069;Dresden;Sachsen;51.0430;13.7373
01097;Dresden;Sachsen;51.0714;13.7399
01099;Dresden;Sachsen;51.0783;13.8051
01108;Dresden (Weixdorf, Marsdorf);Sachsen;51.1557;13.7825
01109;Hellerau (Klotzsche, Wilschdorf …);Sachsen;51.1164;13.7468
01127;Dresden;Sachsen;51.0790;13.7208
01129;Dresden;Sachsen;51.0967;13.7360
01139;Dresden;Sachsen;51.0836;13.6981
01156;Dresden;Sachsen;51.0494;13.6214
01157;Dresden;Sachsen;51.0707;13.6729
01159;Dresden;Sachsen;51.0452;13.6996
01169;Dresden;Sachsen;51.0443;13.6738
01187;Dresden;Sachsen;51.0281;13.6943
01189;Dresden;Sachsen;51.0500;13.7500
01217;Dresden;Sachsen;51.0500;13.7500
01219;Dresden;Sachsen;51.0210;13.7679
01237;Dresden;Sachsen;51.0130;13.7988
01239;Dresden;Sachsen;51.0066;13.8089
01257;Dresden;Sachsen;51.0114;13.8054
01259;Dresden;Sachsen;51.0500;13.7500
01277;Dresden;Sachsen;51.0426;13.7870
01279;Dresden;Sachsen;51.0425;13.7801
01307;Dresden;Sachsen;51.0500;13.7500
01309;Dresden;Sachsen;51.0510;13.7783
01324;Dresden;Sachsen;51.0500;13.7500
01326;Dresden;Sachsen;51.0538;13.8155
01328;Dresden;Sachsen;51.0500;13.7500
01445;Radebeul;Sachsen;51.1065;13.6605
01454;Wachau (Radeberg);Sachsen;51.1364;13.9093
01458;Ottendorf-Okrilla;Sachsen;51.1833;13.8333
01465;Dresden;Sachsen;51.0917;13.8000
01468;Moritzburg;Sachsen;51.1592;13.6802
01471;Radeburg;Sachsen;51.2152;13.7281
01477;Arnsdorf;Sachsen;51.0942;13.9918
01558;Großenhain;Sachsen;51.2895;13.5335
01561;Weißig am Raschütz (Ebersbach, Schönfeld …);Sachsen;51.2955;13.6358
01587;Riesa;Sachsen;51.2991;13.2848
01589;Riesa;Sachsen;51.3026;13.3097
01591;Riesa;Sachsen;51.3000;13.3000
01594;Hirschstein (Stauchitz);Sachsen;51.2509;13.3072
01609;Gröditz (Wülknitz, Nauwalde);Sachsen;51.3938;13.4036
01612;Glaubitz (Nünchritz, Diesbar-Seußlitz);Sachsen;51.2994;13.3935
01616;Strehla;Sachsen;51.3525;13.2266
01619;Zeithain (Röderaue);Sachsen;51.3606;13.3982
01623;Ketzerbachtal (Leuben-Schleinitz, Lommatzsch);Sachsen;51.1531;13.3178
01640;Coswig;Sachsen;51.1320;13.5831
01662;Meißen;Sachsen;51.1649;13.4859
01665;Klipphausen (Käbschütztal, Taubenheim …);Sachsen;51.1203;13.4426
01683;Heynitz (Nossen);Sachsen;51.0819;13.3598
01689;Weinböhla (Niederau);Sachsen;51.1553;13.5687
01705;Freital;Sachsen;51.0017;13.6488
01723;Wilsdruff;Sachsen;51.0520;13.5366
01728;Bannewitz;Sachsen;50.9929;13.7171
01731;Kreischa;Sachsen;50.9453;13.7551
01734;Rabenau;Sachsen;50.9648;13.6431
01737;Tharandt;Sachsen;50.9791;13.5236
01738;Dorfhain;Sachsen;50.9333;13.5667
01744;Dippoldiswalde;Sachsen;50.8962;13.6691
01762;Hartmannsdorf-Reichenau (Schmiedeberg);Sachsen;50.8265;13.6256
01768;Bärenstein (Reinhardtsgrimma, Glashütte);Sachsen;50.8487;13.7776
01773;Altenberg;Sachsen;50.7656;13.7533
01774;Pretzschendorf (Höckendorf);Sachsen;50.8995;13.5571
01776;Hermsdorf/Erzgebirge;Sachsen;50.7500;13.6333
01778;Geising;Sachsen;50.7574;13.7928
01796;Struppen (Pirna, Dohma);Sachsen;50.9361;13.9623
01809;Müglitztal (Dohna, Heidenau);Sachsen;50.9468;13.8475
01814;Porschdorf (Reinhardtsdorf-Schöna, Bad Schandau …);Sachsen;50.9210;14.1560
01816;Bad Gottleuba-Berggießhübel;Sachsen;50.8583;13.9500
01819;Bahretal;Sachsen;50.8875;13.9000
01824;Gohrisch (Rosenthal-Bielatal, Rathen …);Sachsen;50.9115;14.0834
01825;Liebstadt;Sachsen;50.8642;13.8569
01829;Stadt Wehlen;Sachsen;50.9582;14.0309
01833;Dürrröhrsdorf-Dittersbach (Stolpen);Sachsen;51.0412;14.0397
01844;Neustadt in Sachsen (Hohwald);Sachsen;51.0364;14.2215
01847;Lohmen;Sachsen;50.9883;14.0027
01848;Hohnstein;Sachsen;50.9799;14.1141
01855;Kirnitzschtal (Sebnitz);Sachsen;50.9594;14.2613
01877;Demitz-Thumitz (Bischofswerda, Schmölln-Putzkau …);Sachsen;51.1316;14.2479
01896;Pulsnitz (Lichtenberg, Ohorn);Sachsen;51.1795;14.0092
01900;Bretnig-Hauswalde (Großröhrsdorf);Sachsen;51.1476;14.0512
01904;Neukirch/Lausitz (Steinigtwolmsdorf);Sachsen;51.0802;14.3267
01906;Burkau;Sachsen;51.1758;14.1733
01909;Frankenthal (Großharthau);Sachsen;51.1191;14.1040
01917;Kamenz;Sachsen;51.2680;14.0937
01920;Steina (Haselbachtal, Crostwitz …);Sachsen;51.2630;14.1613
01936;Haselbachtal (Straßgräbchen, Neukirch …);Sachsen;51.2666;13.9678
01945;Grünewald (Kroppen, Tettau …);Brandenburg;51.4197;13.8781
01968;Senftenberg (Schipkau);Brandenburg;51.5336;13.9548
01979;Lauchhammer;Brandenburg;51.4881;13.7662
01983;Großräschen (Neu-Seeland);Brandenburg;51.6045;14.0709
01987;Schwarzheide;Brandenburg;51.4767;13.8556
01990;Großkmehlen (Ortrand, Frauendorf);Brandenburg;51.3896;13.7515
01993;Schipkau;Brandenburg;51.5279;13.9051
01994;Schipkau;Brandenburg;51.5590;13.8963
01996;Hosena;Brandenburg;51.4547;14.0251
01998;Schipkau;Brandenburg;51.5461;13.9120
02625;Bautzen;Sachsen;51.1825;14.4292
02627;Kubschütz (Hochkirch, Radibor …);Sachsen;51.1892;14.5319
02633;Doberschau-Gaußig (Göda);Sachsen;51.1598;14.3384
02681;Wilthen (Crostau, Kirschau …);Sachsen;51.0879;14.4264
02689;Sohland an der Spree;Sachsen;51.0471;14.4298
02692;Doberschau-Gaußig (Obergurig, Großpostwitz/Oberlausitz …);Sachsen;51.1257;14.4172
02694;Großdubrau (Guttau, Malschwitz);Sachsen;51.2503;14.5140
02699;Puschwitz (Neschwitz, Königswartha);Sachsen;51.2786;14.3194
02708;Lawalde (Kittlitz, Obercunnersdorf …);Sachsen;51.0747;14.6470
02727;Neugersdorf;Sachsen;50.9773;14.6088
02730;Ebersbach/Sachsen;Sachsen;51.0167;14.5833
02733;Cunewalde;Sachsen;51.1000;14.5167
02736;Beiersdorf (Oppach);Sachsen;51.0703;14.5191
02739;Eibau;Sachsen;50.9827;14.6621
02742;Neusalza-Spremberg (Friedersdorf);Sachsen;51.0318;14.5491
02747;Herrnhut (Strahwalde, Berthelsdorf …);Sachsen;51.0147;14.7531
02748;Bernstadt auf dem Eigen;Sachsen;51.0500;14.8500
02763;Mittelherwigsdorf (Bertsdorf-Hörnitz, Zittau);Sachsen;50.9001;14.7704
02779;Großschönau (Hainewalde);Sachsen;50.9051;14.6936
02782;Seifhennersdorf;Sachsen;50.9349;14.6019
02785;Olbersdorf;Sachsen;50.8730;14.7704
02788;Schlegel (Hirschfelde);Sachsen;50.9574;14.8818
02791;Oderwitz;Sachsen;50.9583;14.7083
02794;Leutersdorf;Sachsen;50.9500;14.6500
02796;Jonsdorf;Sachsen;50.8500;14.7000
02797;Oybin;Sachsen;50.8500;14.7500
02799;Waltersdorf;Sachsen;50.8703;14.6503
02826;Görlitz;Sachsen;51.1503;14.9829
02827;Görlitz;Sachsen;51.1490;14.9534
02828;Görlitz;Sachsen;51.1687;14.9693
02829;Markersdorf (Königshain, Neißeaue …);Sachsen;51.1875;14.8740
02894;Vierkirchen (Sohland am Rotstein, Reichenbach/Oberlausitz);Sachsen;51.1531;14.7771
02899;Schönau-Berzdorf auf dem Eigen (Ostritz);Sachsen;51.0406;14.9153
02906;Hohendubrau (Quitzdorf am See, Kreba-Neudorf …);Sachsen;51.2947;14.7211
02923;Horka (Hähnichen, Kodersdorf …);Sachsen;51.2895;14.8768
02929;Rothenburg/Oberlausitz;Sachsen;51.3635;14.9461
02943;Weißwasser (Boxberg/Oberlausitz);Sachsen;51.4520;14.6035
02953;Gablenz (Bad Muskau);Sachsen;51.5419;14.6896
02956;Rietschen;Sachsen;51.4000;14.7833
02957;Weißkeißel (Krauschwitz);Sachsen;51.5078;14.7136
02959;Schleife (Trebendorf, Groß Düben);Sachsen;51.5444;14.5556
02977;Hoyerswerda;Sachsen;51.4379;14.2355
02979;Elsterheide (Spreetal);Sachsen;51.5084;14.2667
02991;Elsterheide (Leippe-Torno, Lauta);Sachsen;51.4597;14.1155
02994;Wiednitz (Bernsdorf);Sachsen;51.3798;14.0479
02997;Wittichenau;Sachsen;51.3850;14.2440
02999;Lohsa (Knappensee, Uhyst);Sachsen;51.3716;14.4094
03042;Cottbus;Brandenburg;51.7612;14.3544
03044;Cottbus;Brandenburg;51.7754;14.3374
03046;Cottbus;Brandenburg;51.7560;14.3197
03048;Cottbus;Brandenburg;51.7403;14.3198
03050;Cottbus;Brandenburg;51.7324;14.3347
03051;Cottbus;Brandenburg;51.7667;14.3333
03052;Cottbus;Brandenburg;51.7667;14.3333
03053;Cottbus;Brandenburg;51.7667;14.3333
03054;Cottbus;Brandenburg;51.7667;14.3333
03055;Cottbus;Brandenburg;51.7667;14.3333
03058;Neuhausen (Klein Döbbern, Haasow …);Brandenburg;51.6964;14.4125
03096;Guhrow (Dissen-Striesow, Schmogrow-Fehrow …);Brandenburg;51.8254;14.2206
03099;Kolkwitz;Brandenburg;51.7500;14.2500
03103;Neu-Seeland (Neupetershain);Brandenburg;51.6147;14.1480
03116;Drebkau;Brandenburg;51.6541;14.2232
03119;Welzow;Brandenburg;51.5838;14.1708
03130;Bagenz (Lieskau, Wolfshain …);Brandenburg;51.5912;14.4656
03139;Terpe;Brandenburg;51.5667;14.3667
03149;Wiesengrund (Groß Schacksdorf-Simmersdorf, Forst (Lausitz));Brandenburg;51.7090;14.5921
03159;Neiße-Malxetal (Wiesengrund, Döbern);Brandenburg;51.6520;14.5938
03172;Atterwasch (Grabko, Grießen …);Brandenburg;51.9310;14.6102
03185;Grötsch (Teichland, Turnow-Preilack …);Brandenburg;51.8511;14.4268
03197;Jänschwalde (Drewitz);Brandenburg;51.8787;14.5042
03202;Luckow-Petershagen;Brandenburg;53.2435;14.2573
03205;Luckaitztal (Werchow, Groß-Mehßow …);Brandenburg;51.7198;13.9688
03222;Kittlitz (Klein Radden, Groß-Klessow …);Brandenburg;51.8534;13.9176
03226;Koßwig (Raddusch, Suschow …);Brandenburg;51.8072;14.0570
03229;Altdöbern (Luckaitztal);Brandenburg;51.6667;14.0167
03238;Gorden (Dollenchen, Gröbitz …);Brandenburg;51.6065;13.6878
03246;Gahro (Babben, Crinitz);Brandenburg;51.7280;13.7590
03249;Sonnewalde (Bahren, Breitenau …);Brandenburg;51.7084;13.6590
03253;Hennersdorf (Trebbus, Tröbitz …);Brandenburg;51.6521;13.5044
04103;Leipzig;Sachsen;51.3405;12.3827
04105;Leipzig;Sachsen;51.3489;12.3688
04107;Leipzig;Sachsen;51.3667;12.3833
04109;Leipzig;Sachsen;51.3420;12.3750
04129;Leipzig;Sachsen;51.3674;12.3909
04155;Leipzig;Sachsen;51.3667;12.3833
04157;Leipzig;Sachsen;51.3775;12.3599
04158;Breitenfeld;Sachsen;51.4035;12.3418
04159;Leipzig;Sachsen;51.3717;12.3321
04177;Leipzig;Sachsen;51.3425;12.3230
04178;Burghausen;Sachsen;51.3566;12.2643
04179;Leipzig;Sachsen;51.3290;12.3115
04205;Leipzig;Sachsen;51.3209;12.2793
04207;Leipzig;Sachsen;51.3120;12.3077
04209;Leipzig;Sachsen;51.3148;12.2912
04229;Leipzig;Sachsen;51.3254;12.3341
04249;Leipzig;Sachsen;51.3667;12.3833
04275;Leipzig;Sachsen;51.3667;12.3833
04277;Leipzig;Sachsen;51.3667;12.3833
04279;Leipzig;Sachsen;51.3667;12.3833
04288;Leipzig;Sachsen;51.3667;12.3833
04289;Leipzig;Sachsen;51.3667;12.3833
04299;Leipzig;Sachsen;51.3667;12.3833
04315;Leipzig;Sachsen;51.3667;12.3833
04316;Leipzig;Sachsen;51.3667;12.3833
04317;Leipzig;Sachsen;51.3329;12.4047
04318;Leipzig;Sachsen;51.3332;12.4195
04319;Leipzig;Sachsen;51.3667;12.3833
04328;Sellerhausen-Stünz;Sachsen;51.3480;12.4313
04329;Leipzig;Sachsen;51.3667;12.3833
04347;Leipzig;Sachsen;51.3637;12.4312
04349;Leipzig;Sachsen;51.3667;12.3833
04356;Leipzig;Sachsen;51.3667;12.3833
04357;Leipzig;Sachsen;51.3667;12.3833
04416;Markkleeberg;Sachsen;51.2755;12.3691
04420;Markranstädt (Großlehna);Sachsen;51.3042;12.1960
04425;Taucha;Sachsen;51.3833;12.4833
04435;Schkeuditz;Sachsen;51.3968;12.2214
04442;Zwenkau;Sachsen;51.2187;12.3301
04451;Borsdorf;Sachsen;51.3500;12.5333
04460;Kitzen;Sachsen;51.2217;12.2235
04463;Großpösna;Sachsen;51.2667;12.5000
04509;Krostitz (Zschortau, Delitzsch …);Sachsen;51.5041;12.3520
04519;Rackwitz;Sachsen;51.4333;12.3833
04523;Pegau (Elstertrebnitz);Sachsen;51.1585;12.2424
04539;Groitzsch;Sachsen;51.1554;12.2828
04552;Lobstädt (Wyhratal, Borna);Sachsen;51.1166;12.4883
04564;Böhlen;Sachsen;51.2006;12.3862
04565;Regis-Breitingen;Sachsen;51.0888;12.4384
04567;Kitzscher;Sachsen;51.1644;12.5526
04571;Rötha;Sachsen;51.1978;12.4145
04574;Deutzen (Heuersdorf);Sachsen;51.1151;12.4080
04575;Neukieritzsch;Sachsen;51.1499;12.4109
04579;Espenhain;Sachsen;51.1893;12.4789
04600;Altenburg;Thüringen;50.9876;12.4368
04603;Saara (Windischleuba, Göhren …);Thüringen;50.9728;12.4357
04610;Wintersdorf (Meuselwitz);Thüringen;51.0549;12.3527
04613;Lucka;Thüringen;51.0973;12.3334
04617;Monstab (Fockendorf, Treben …);Thüringen;51.0146;12.3684
04618;Frohnsdorf (Göpfersdorf, Langenleuba-Niederhain …);Thüringen;50.9351;12.5885
04626;Heukewalde (Löbichau, Jonaswalde …);Thüringen;50.8972;12.3019
04639;Gößnitz;Thüringen;50.8890;12.4329
04643;Geithain;Sachsen;51.0553;12.6967
04651;Bad Lausick (Eulatal);Sachsen;51.1225;12.6389
04654;Frohburg;Sachsen;51.0572;12.5575
04655;Kohren-Sahlis;Sachsen;51.0188;12.6042
04657;Narsdorf;Sachsen;51.0167;12.7167
04668;Großbardau (Thümmlitzwalde, Parthenstein …);Sachsen;51.2107;12.7239
04680;Zschadraß (Colditz);Sachsen;51.1307;12.8099
04683;Naunhof (Belgershain);Sachsen;51.2555;12.5692
04685;Nerchau;Sachsen;51.2709;12.7891
04687;Trebsen/Mulde;Sachsen;51.2833;12.7500
04688;Mutzschen;Sachsen;51.2616;12.8913
04703;Bockelwitz (Leisnig, Gersdorf);Sachsen;51.1563;12.9410
04720;Mochau (Großweitzschen, Ebersbach …);Sachsen;51.1299;13.1212
04736;Waldheim;Sachsen;51.0728;13.0200
04741;Roßwein (Niederstriegis);Sachsen;51.0742;13.1662
04746;Hartha;Sachsen;51.0986;12.9739
04749;Ostrau;Sachsen;51.2000;13.1667
04758;Oschatz (Cavertitz, Liebschützberg);Sachsen;51.3389;13.1340
04769;Sornzig-Ablaß (Naundorf, Mügeln);Sachsen;51.2385;13.0568
04774;Dahlen;Sachsen;51.3649;12.9988
04779;Wermsdorf;Sachsen;51.2833;12.9500
04808;Falkenhain (Thallwitz, Hohburg …);Sachsen;51.3921;12.7978
04821;Brandis;Sachsen;51.3360;12.6102
04824;Beucha;Sachsen;51.3231;12.5622
04827;Machern;Sachsen;51.3667;12.6333
04828;Bennewitz;Sachsen;51.3607;12.7138
04838;Doberschütz (Jesewitz, Mockrehna …);Sachsen;51.4910;12.6541
04849;Bad Düben (Kossa);Sachsen;51.6022;12.6629
04860;Dreiheide (Pflückuff, Torgau …);Sachsen;51.5498;12.9630
04862;Mockrehna;Sachsen;51.5000;12.8000
04874;Belgern;Sachsen;51.4826;13.1238
04880;Trossin (Elsnig, Dommitzsch);Sachsen;51.6225;12.8748
04886;Arzberg (Beilrode, Großtreben-Zwethau);Sachsen;51.5666;13.0704
04889;Schildau;Sachsen;51.4572;12.9302
04895;Falkenberg/Elster;Brandenburg;51.5875;13.2364
04910;Elsterwerda (Haida);Brandenburg;51.4699;13.4939
04916;Stolzenhain (Herzberg (Elster), Wildberg …);Brandenburg;51.7815;13.2467
04924;Uebigau-Wahrenbrück (Bad Liebenwerda);Brandenburg;51.5175;13.3639
04928;Plessa (Schraden, Döllingen …);Brandenburg;51.4609;13.6166
04931;Mühlberg (Elbe);Brandenburg;51.4333;13.2167
04932;Prösen (Hirschfeld, Wainsdorf …);Brandenburg;51.4143;13.5417
04934;Dreska (Hohenleipisch);Brandenburg;51.4926;13.5440
04936;Körba (Frankenhain, Wehrhain …);Brandenburg;51.7374;13.4130
04938;Uebigau-Wahrenbrück;Brandenburg;51.5167;13.3333
06108;Halle;Sachsen-Anhalt;51.4830;11.9720
06110;Halle;Sachsen-Anhalt;51.4701;11.9675
06112;Halle;Sachsen-Anhalt;51.4753;11.9973
06114;Halle;Sachsen-Anhalt;51.5034;11.9622
06116;Halle;Sachsen-Anhalt;51.4862;12.0283
06118;Halle;Sachsen-Anhalt;51.5175;11.9710
06120;Halle (Lieskau);Sachsen-Anhalt;51.5082;11.8838
06122;Halle;Sachsen-Anhalt;51.4804;11.9215
06124;Halle;Sachsen-Anhalt;51.4796;11.9370
06126;Halle;Sachsen-Anhalt;51.5000;12.0000
06128;Halle;Sachsen-Anhalt;51.4507;11.9493
06130;Halle;Sachsen-Anhalt;51.4410;11.9856
06132;Halle;Sachsen-Anhalt;51.4348;11.9815
06179;Bennstedt (Langenbogen, Schkopau …);Sachsen-Anhalt;51.4595;11.8355
06184;Gröbers (Dölbau, Schkopau …);Sachsen-Anhalt;51.4121;12.0854
06188;Brachstedt (Schwerz, Oppin …);Sachsen-Anhalt;51.5272;12.0999
06193;Mösthinsdorf (Wallwitz, Krosigk …);Sachsen-Anhalt;51.5916;11.9531
06198;Salzmünde (Dößel, Gimritz …);Sachsen-Anhalt;51.5695;11.8151
06217;Beuna (Geusa, Merseburg);Sachsen-Anhalt;51.3369;11.9610
06231;Rodden (Kreypau, Tollwitz …);Sachsen-Anhalt;51.3007;12.1008
06237;Spergau (Leuna);Sachsen-Anhalt;51.3056;12.0194
06242;Krumpa (Braunsbedra, Roßbach …);Sachsen-Anhalt;51.2836;11.8904
06246;Bad Lauchstädt (Delitz am Berge, Milzau …);Sachsen-Anhalt;51.3808;11.8882
06249;Mücheln (Geiseltal);Sachsen-Anhalt;51.3000;11.8000
06254;Günthersdorf (Luppenau, Friedensdorf …);Sachsen-Anhalt;51.3581;12.1205
06255;Schafstädt (Wünsch);Sachsen-Anhalt;51.3657;11.7848
06258;Schkopau;Sachsen-Anhalt;51.4000;11.9988
06259;Frankleben;Sachsen-Anhalt;51.3114;11.9293
06268;Steigra (Nemsdorf-Göhrendorf, Oechlitz …);Sachsen-Anhalt;51.3367;11.6209
06279;Alberstedt (Schraplau, Esperstedt …);Sachsen-Anhalt;51.4356;11.6347
06295;Burgsdorf (Bischofrode, Neehausen …);Sachsen-Anhalt;51.5187;11.5826
06308;Siersleben (Siebigerode, Klostermansfeld …);Sachsen-Anhalt;51.5813;11.4987
06311;Helbra;Sachsen-Anhalt;51.5500;11.5000
06313;Ahlsdorf (Hergisdorf, Wimmelburg);Sachsen-Anhalt;51.5331;11.4856
06317;Amsdorf (Röblingen am See, Aseleben …);Sachsen-Anhalt;51.4748;11.6772
06318;Wansleben am See;Sachsen-Anhalt;51.4667;11.7500
06333;Endorf (Welbsleben, Bräunrode …);Sachsen-Anhalt;51.6709;11.4486
06343;Möllendorf (Mansfeld, Gorenzen …);Sachsen-Anhalt;51.5869;11.4000
06347;Freist (Ihlewitz, Heiligenthal …);Sachsen-Anhalt;51.6224;11.6782
06348;Großörner;Sachsen-Anhalt;51.6153;11.4898
06366;Köthen;Sachsen-Anhalt;51.7519;11.9709
06369;Cosa (Wülknitz, Weißandt-Gölzau …);Sachsen-Anhalt;51.7238;11.9882
06385;Aken;Sachsen-Anhalt;51.8527;12.0446
06386;Meilendorf (Reppichau, Hinsdorf …);Sachsen-Anhalt;51.7709;12.0843
06388;Piethen (Wieskau, Maasdorf …);Sachsen-Anhalt;51.6820;11.9367
06406;Bernburg;Sachsen-Anhalt;51.7946;11.7401
06408;Baalberge (Biendorf, Gröna …);Sachsen-Anhalt;51.7647;11.7821
06420;Rothenburg (Golbitz, Gerlebogk …);Sachsen-Anhalt;51.6725;11.7952
06425;Alsleben (Saale) (Strenznaundorf, Belleben …);Sachsen-Anhalt;51.7043;11.6651
06429;Wedlitz (Nienburg (Saale), Pobzig …);Sachsen-Anhalt;51.8430;11.7814
06449;Westdorf (Aschersleben, Groß Schierstedt …);Sachsen-Anhalt;51.7902;11.4582
06456;Drohndorf (Mehringen, Freckleben …);Sachsen-Anhalt;51.7057;11.5396
06458;Heteborn (Hausneindorf, Hedersleben …);Sachsen-Anhalt;51.8580;11.2646
06463;Meisdorf (Radisleben, Reinstedt …);Sachsen-Anhalt;51.7349;11.3220
06464;Frose;Sachsen-Anhalt;51.7958;11.3791
06466;Gatersleben;Sachsen-Anhalt;51.8221;11.2866
06467;Hoym;Sachsen-Anhalt;51.7829;11.3124
06469;Nachterstedt;Sachsen-Anhalt;51.8008;11.3349
06484;Quedlinburg (Ditfurt, Westerhausen);Sachsen-Anhalt;51.8158;11.1802
06493;Neudorf (Dankerode, Ballenstedt …);Sachsen-Anhalt;51.6192;11.1474
06502;Warnstedt (Thale, Weddersleben …);Sachsen-Anhalt;51.7594;11.0679
06507;Siptenfelde (Rieder, Bad Suderode …);Sachsen-Anhalt;51.7021;11.0516
06526;Wippra (Sangerhausen);Sachsen-Anhalt;51.5226;11.2851
06528;Riestedt (Emseloh, Kleinleinungen …);Sachsen-Anhalt;51.4862;11.2777
06536;Questenberg (Bennungen, Rottleberode …);Sachsen-Anhalt;51.5013;11.0598
06537;Kelbra (Tilleda);Sachsen-Anhalt;51.4278;11.0910
06542;Mittelhausen (Nienstedt, Katharinenrieth …);Sachsen-Anhalt;51.4206;11.4049
06543;Stangerode (Wieserode, Pansfelde …);Sachsen-Anhalt;51.6346;11.3084
06547;Breitenstein (Schwenda, Stolberg (Harz));Sachsen-Anhalt;51.5822;10.9725
06556;Voigtstedt (Artern, Mönchpfiffel-Nikolausrieth …);Thüringen;51.3612;11.2896
06567;Esperstedt (Bad Frankenhausen);Thüringen;51.3517;11.1394
06571;Roßleben (Donndorf, Wiehe …);Thüringen;51.2996;11.3747
06577;Oberheldrungen (Heldrungen, Etzleben …);Thüringen;51.2740;11.2199
06578;Kannawurf (Oldisleben, Bilzingsleben);Thüringen;51.2866;11.1237
06618;Löbitz (Pödelist, Leislau …);Sachsen-Anhalt;51.1137;11.8346
06628;Möllern (Taugwitz, Crölpa-Löbschütz …);Sachsen-Anhalt;51.1245;11.6829
06632;Gleina (Zeuchfeld, Baumersroda …);Sachsen-Anhalt;51.2379;11.7711
06636;Weischütz (Hirschroda, Burgscheidungen …);Sachsen-Anhalt;51.2273;11.6681
06638;Karsdorf;Sachsen-Anhalt;51.2713;11.6577
06642;Bucha (Wohlmirstedt, Altenroda …);Sachsen-Anhalt;51.2631;11.5357
06647;Lossa (Thalwinkel, Bad Bibra …);Sachsen-Anhalt;51.1979;11.5386
06648;Burgholzhausen (Tromsdorf, Herrengosserstedt …);Sachsen-Anhalt;51.1294;11.5094
06667;Pretzsch (Tagewerben, Gröbitz …);Sachsen-Anhalt;51.1869;11.9362
06679;Muschwitz (Taucha, Hohenmölsen …);Sachsen-Anhalt;51.1824;12.0750
06682;Deuben (Teuchern, Schelkau …);Sachsen-Anhalt;51.1186;12.0308
06686;Dehlitz (Röcken, Lützen …);Sachsen-Anhalt;51.2275;12.1061
06688;Wengelsdorf (Schkortleben, Großkorbetha);Sachsen-Anhalt;51.2615;12.0299
06712;Draschwitz (Wittgendorf, Würchwitz …);Sachsen-Anhalt;51.0351;12.1394
06721;Goldschau (Osterfeld, Meineweh …);Sachsen-Anhalt;51.0746;11.9431
06722;Droyßig (Kleinhelmsdorf, Weickelsdorf …);Sachsen-Anhalt;51.0320;11.9819
06724;Spora (Bröckau, Weißenborn …);Sachsen-Anhalt;51.0035;12.1769
06725;Profen (Reuden);Sachsen-Anhalt;51.1183;12.2057
06727;Luckenau (Döbris, Theißen …);Sachsen-Anhalt;51.0963;12.1115
06729;Tröglitz (Rehmsdorf, Langendorf);Sachsen-Anhalt;51.0686;12.2182
06731;Bitterfeld-Wolfen;Sachsen-Anhalt;51.6229;12.2677
06749;Friedersdorf (Bitterfeld);Sachsen-Anhalt;51.6330;12.3362
06766;Bobbau (Wolfen, Thalheim …);Sachsen-Anhalt;51.6605;12.2387
06773;Radis (Selbitz, Jüdenberg …);Sachsen-Anhalt;51.7526;12.5220
06774;Rösa (Söllichau, Krina …);Sachsen-Anhalt;51.6388;12.4921
06779;Schierau (Tornau, Raguhn …);Sachsen-Anhalt;51.7199;12.2434
06780;Spören (Stumsdorf, Göttnitz …);Sachsen-Anhalt;51.6186;12.1337
06785;Schleesen (Kakau, Brandhorst …);Sachsen-Anhalt;51.8033;12.4331
06786;Vockerode (Riesigk, Griesen …);Sachsen-Anhalt;51.8316;12.4406
06791;Zschornewitz (Möhlau);Sachsen-Anhalt;51.7236;12.3764
06792;Sandersdorf;Sachsen-Anhalt;51.6266;12.2534
06794;Sandersdorf (Glebitzsch);Sachsen-Anhalt;51.6100;12.2329
06796;Brehna;Sachsen-Anhalt;51.5579;12.2128
06800;Jeßnitz (Altjeßnitz);Sachsen-Anhalt;51.6873;12.3106
06803;Greppin;Sachsen-Anhalt;51.6468;12.3007
06804;Burgkemnitz (Muldenstein);Sachsen-Anhalt;51.6778;12.3732
06808;Holzweißig;Sachsen-Anhalt;51.5982;12.3084
06809;Petersroda (Roitzsch);Sachsen-Anhalt;51.5728;12.2762
06842;Dessau;Sachsen-Anhalt;51.8231;12.2598
06844;Dessau;Sachsen-Anhalt;51.8441;12.2475
06846;Dessau;Sachsen-Anhalt;51.8333;12.2500
06847;Dessau;Sachsen-Anhalt;51.8221;12.1917
06849;Dessau;Sachsen-Anhalt;51.8083;12.2410
06861;Dessau-Roßlau;Sachsen-Anhalt;51.8333;12.2500
06862;Roßlau (Rodleben, Brambach);Sachsen-Anhalt;51.9081;12.2180
06868;Thießen (Bräsen, Stackelitz …);Sachsen-Anhalt;51.9806;12.3517
06869;Coswig (Zieko, Klieken …);Sachsen-Anhalt;51.9247;12.4691
06886;Lutherstadt Wittenberg;Sachsen-Anhalt;51.8744;12.6060
06888;Dabrun (Eutzsch, Zörnigall …);Sachsen-Anhalt;51.8647;12.7188
06889;Lutherstadt Wittenberg;Sachsen-Anhalt;51.8744;12.6060
06895;Kropstädt (Zahna, Rahnsdorf …);Sachsen-Anhalt;51.9322;12.7625
06896;Straach (Schmilkendorf, Nudersdorf);Sachsen-Anhalt;51.9367;12.6080
06901;Rackith (Schnellin, Dorna …);Sachsen-Anhalt;51.7803;12.6956
06905;Meuro (Bad Schmiedeberg, Korgau);Sachsen-Anhalt;51.6941;12.7261
06909;Trebitz (Pretzsch/Elbe, Priesitz);Sachsen-Anhalt;51.7234;12.7918
06917;Klöden (Schützberg, Jessen (Elster));Sachsen-Anhalt;51.8096;12.9808
06918;Zemnick (Gadegast, Elster/Elbe …);Sachsen-Anhalt;51.8753;12.8847
06922;Prettin (Labrun, Axien …);Sachsen-Anhalt;51.6905;12.9334
06925;Purzien (Bethau, Groß Naundorf …);Sachsen-Anhalt;51.7265;13.0284
06926;Holzdorf (Premsendorf, Kleinkorga …);Sachsen-Anhalt;51.7972;13.1124
06928;Linda (Elster);Sachsen-Anhalt;51.8500;13.1167
07318;Arnsgereuth (Wittgendorf, Saalfeld/Saale);Thüringen;50.6201;11.3087
07330;Probstzella (Marktgölitz);Thüringen;50.5448;11.3592
07333;Unterwellenborn;Thüringen;50.6500;11.4333
07334;Goßwitz (Kamsdorf);Thüringen;50.6392;11.4657
07336;Könitz (Birkigt);Thüringen;50.6596;11.4863
07338;Hohenwarte (Altenbeuthen, Kaulsdorf …);Thüringen;50.5920;11.5091
07343;Wurzbach;Thüringen;50.4636;11.5378
07349;Lehesten;Thüringen;50.4743;11.4522
07356;Lobenstein (Neundorf (bei Lobenstein));Thüringen;50.4628;11.5967
07366;Birkenhügel (Pottiga, Blankenstein …);Thüringen;50.4116;11.7009
07368;Remptendorf (Saalburg-Ebersdorf);Thüringen;50.5125;11.6750
07381;Moxa (Nimritz, Oberoppurg …);Thüringen;50.6891;11.6329
07387;Krölpa (Lausnitz bei Pößneck);Thüringen;50.6720;11.5192
07389;Gössitz (Wilhelmsdorf, Keila …);Thüringen;50.6520;11.6310
07407;Rudolstadt (Heilingen, Remda-Teichel …);Thüringen;50.7580;11.3678
07422;Saalfelder Höhe (Bad Blankenburg, Rottenbach);Thüringen;50.6611;11.2488
07426;Königsee (Allendorf, Bechstedt …);Thüringen;50.6492;11.1257
07427;Schwarzburg;Thüringen;50.6430;11.1919
07429;Sitzendorf (Rohrbach, Döschnitz);Thüringen;50.6162;11.2074
07545;Gera;Thüringen;50.8782;12.0824
07546;Gera;Thüringen;50.8901;12.1019
07548;Gera;Thüringen;50.8667;12.0833
07549;Gera;Thüringen;50.8408;12.0756
07551;Gera;Thüringen;50.8412;12.1072
07552;Gera;Thüringen;50.8667;12.0833
07554;Kauern (Brahmenau, Pölzig …);Thüringen;50.8943;12.1622
07557;Hundhaupten (Crimla, Harth-Pöllnitz …);Thüringen;50.8024;12.0138
07570;Teichwitz (Weida, Steinsdorf …);Thüringen;50.7630;12.0126
07580;Paitzdorf (Linda bei Weida, Gauern …);Thüringen;50.8329;12.2068
07586;Hartmannsdorf (Bad Köstritz, Caaschwitz …);Thüringen;50.9140;11.9848
07589;Lindenkreuz (Schwarzbach, Saara …);Thüringen;50.8037;11.9357
07607;Gösen (Hainspitz, Eisenberg …);Thüringen;50.9824;11.8844
07613;Hartmannsdorf (Walpernhain, Crossen an der Elster …);Thüringen;50.9666;11.9668
07616;Poxdorf (Rauschwitz, Bürgel …);Thüringen;50.9584;11.7723
07619;Schkölen (Mertendorf);Thüringen;51.0208;11.8024
07629;Sankt Gangloff (Hermsdorf, Reichenbach …);Thüringen;50.8783;11.8796
07639;Tautenhain (Weißenborn, Bad Klosterlausnitz);Thüringen;50.9218;11.8885
07646;Schöngleina (Geisenhain, Renthendorf …);Thüringen;50.8463;11.7558
07743;Jena;Thüringen;50.9326;11.5868
07745;Jena;Thüringen;50.8933;11.5847
07747;Jena;Thüringen;50.8899;11.6086
07749;Jena;Thüringen;50.9430;11.6034
07751;Großlöbichau (Golmsdorf, Jenalöbnitz …);Thüringen;50.8957;11.6185
07768;Reinstädt (Bibra, Kahla …);Thüringen;50.7967;11.5619
07774;Frauenprießnitz (Wichmar, Thierschneck …);Thüringen;51.0346;11.7233
07778;Lehesten (Neuengönna, Dorndorf-Steudnitz …);Thüringen;50.9975;11.6483
07806;Dreba (Neustadt an der Orla, Lausnitz bei Neustadt an der Orla …);Thüringen;50.7080;11.7369
07819;Tömmelsdorf (Linda bei Neustadt an der Orla, Lemnitz …);Thüringen;50.7368;11.8346
07907;Löhma (Plothen, Pörmitz …);Thüringen;50.6203;11.8229
07919;Mühltroff (Kirschkau);Sachsen;50.5721;11.9077
07922;Tanna;Thüringen;50.4946;11.8572
07924;Eßbach (Neundorf (bei Schleiz), Volkmannsdorf …);Thüringen;50.6038;11.7053
07926;Gefell;Thüringen;50.4405;11.8593
07927;Hirschberg;Thüringen;50.4054;11.8183
07929;Saalburg-Ebersdorf;Thüringen;50.4917;11.7000
07937;Zadelsdorf (Zeulenroda, Silberfeld …);Thüringen;50.6442;11.9862
07950;Weißendorf (Göhren-Döhlen, Wiebelsdorf …);Thüringen;50.7014;11.9918
07952;Pausa (Vogtländisches Oberland);Sachsen;50.5867;12.0445
07955;Braunsdorf (Auma);Thüringen;50.7181;11.9066
07957;Langenwetzendorf (Hain);Thüringen;50.6932;12.0887
07958;Hohenleuben;Thüringen;50.7113;12.0543
07973;Greiz;Thüringen;50.6578;12.1992
07980;Neumühle (Berga/Elster, Kühdorf …);Thüringen;50.7177;12.1319
07985;Vogtländisches Oberland (Elsterberg);Sachsen;50.6001;12.1298
07987;Mohlsdorf;Thüringen;50.6697;12.2652
07989;Teichwolframsdorf;Thüringen;50.7209;12.2469
08056;Zwickau;Sachsen;50.7114;12.4928
08058;Zwickau;Sachsen;50.7439;12.4781
08060;Zwickau;Sachsen;50.7188;12.4601
08062;Zwickau;Sachsen;50.6915;12.4734
08064;Zwickau;Sachsen;50.6752;12.4709
08066;Zwickau;Sachsen;50.7319;12.5251
08107;Kirchberg (Hartmannsdorf bei Kirchberg, Hirschfeld);Sachsen;50.6128;12.5137
08112;Wilkau-Haßlau;Sachsen;50.6750;12.5148
08115;Lichtentanne;Sachsen;50.6925;12.4259
08118;Hartenstein;Sachsen;50.6668;12.6710
08132;Mülsen;Sachsen;50.7449;12.5735
08134;Langenweißbach (Wildenfels);Sachsen;50.6529;12.5954
08141;Reinsdorf;Sachsen;50.6978;12.5555
08144;Hirschfeld;Sachsen;50.6333;12.4667
08147;Crinitzberg;Sachsen;50.5667;12.5083
08209;Auerbach/Vogtland;Sachsen;50.4924;12.4171
08223;Falkenstein/Vogtland (Werda, Neustadt/Vogtland …);Sachsen;50.4578;12.3425
08228;Rodewisch;Sachsen;50.5308;12.4133
08233;Treuen;Sachsen;50.5425;12.3034
08236;Ellefeld;Sachsen;50.4837;12.3888
08237;Steinberg;Sachsen;50.5389;12.4778
08239;Bergen;Sachsen;50.4710;12.2745
08248;Klingenthal/Sachsen;Sachsen;50.3667;12.4667
08258;Markneukirchen;Sachsen;50.3114;12.3295
08261;Schöneck/Vogtland;Sachsen;50.3833;12.3167
08262;Morgenröthe-Rautenkranz (Tannenbergsthal/Vogtland);Sachsen;50.4398;12.4899
08265;Erlbach;Sachsen;50.3167;12.3667
08267;Zwota;Sachsen;50.3510;12.4224
08269;Hammerbrücke;Sachsen;50.4350;12.4150
08280;Aue;Sachsen;50.5903;12.7066
08289;Schneeberg;Sachsen;50.5947;12.6414
08294;Lößnitz;Sachsen;50.6218;12.7315
08297;Zwönitz;Sachsen;50.6303;12.8100
08301;Schlema;Sachsen;50.5981;12.6588
08304;Schönheide;Sachsen;50.5046;12.5216
08309;Eibenstock;Sachsen;50.4943;12.5998
08312;Lauter/Sachsen;Sachsen;50.5667;12.7333
08315;Bernsbach;Sachsen;50.5762;12.7675
08318;Hundshübel;Sachsen;50.5439;12.5711
08321;Zschorlau;Sachsen;50.5667;12.6500
08324;Bockau;Sachsen;50.5421;12.6864
08325;Carlsfeld, Erzgebirge;Sachsen;50.5167;12.6000
08326;Sosa;Sachsen;50.4992;12.6512
08328;Stützengrün;Sachsen;50.5333;12.5333
08340;Schwarzenberg/Erzgebirge (Beierfeld);Sachsen;50.5519;12.7873
08344;Grünhain;Sachsen;50.5802;12.8069
08349;Johanngeorgenstadt (Erlabrunn);Sachsen;50.4526;12.7094
08352;Markersbach (Raschau, Pöhla);Sachsen;50.5260;12.8378
08355;Rittersgrün;Sachsen;50.4803;12.7934
08359;Breitenbrunn/Erzgebirge;Sachsen;50.4667;12.7667
08371;Glauchau;Sachsen;50.8199;12.5449
08373;Remse;Sachsen;50.8500;12.5667
08393;Meerane (Schönberg, Dennheritz);Sachsen;50.8428;12.4737
08396;Waldenburg (Oberwiera);Sachsen;50.8799;12.5496
08412;Leubnitz (Werdau);Sachsen;50.7296;12.3659
08427;Fraureuth;Sachsen;50.7000;12.3500
08428;Langenbernsdorf;Sachsen;50.7558;12.3267
08432;Steinpleis;Sachsen;50.7142;12.3999
08439;Langenhessen;Sachsen;50.7625;12.3714
08451;Crimmitschau;Sachsen;50.8090;12.3461
08459;Neukirchen/Pleiße;Sachsen;50.8000;12.3667
08468;Heinsdorfergrund (Reichenbach/Vogtland);Sachsen;50.6225;12.3378
08485;Lengenfeld;Sachsen;50.5694;12.3641
08491;Limbach (Netzschkau);Sachsen;50.5987;12.2469
08496;Neumark;Sachsen;50.6601;12.3562
08499;Mylau;Sachsen;50.6186;12.2654
08523;Plauen;Sachsen;50.4942;12.1353
08525;Plauen;Sachsen;50.5106;12.1300
08527;Plauen;Sachsen;50.4935;12.1272
08529;Plauen;Sachsen;50.4921;12.1775
08538;Burgstein (Reuth, Weischlitz);Sachsen;50.4412;11.9958
08539;Mehltheuer;Sachsen;50.5453;12.0370
08541;Theuma (Neuensalz);Sachsen;50.4851;12.2193
08543;Pöhl;Sachsen;50.5500;12.1833
08547;Jößnitz;Sachsen;50.5000;12.1333
08548;Syrau;Sachsen;50.5430;12.0793
08606;Bösenbrunn (Mühlental, Triebel/Vogtland …);Sachsen;50.4094;12.2269
08626;Eichigt (Adorf);Sachsen;50.3350;12.2133
08645;Bad Elster;Sachsen;50.2819;12.2343
08648;Bad Brambach;Sachsen;50.2167;12.3167
09028;Chemnitz, Sachsen;Sachsen;50.8333;12.9167
09030;Chemnitz, Sachsen;Sachsen;50.8333;12.9167
09111;Chemnitz;Sachsen;50.8351;12.9222
09112;Chemnitz;Sachsen;50.8270;12.9043
09113;Chemnitz;Sachsen;50.8507;12.8951
09114;Chemnitz;Sachsen;50.8574;12.8977
09116;Chemnitz;Sachsen;50.8213;12.8840
09117;Chemnitz;Sachsen;50.8179;12.8379
09119;Chemnitz;Sachsen;50.8203;12.9056
09120;Chemnitz;Sachsen;50.8056;12.9067
09122;Chemnitz;Sachsen;50.7945;12.8875
09123;Chemnitz;Sachsen;50.7659;12.9460
09125;Chemnitz;Sachsen;50.7963;12.9199
09126;Chemnitz;Sachsen;50.8197;12.9403
09127;Chemnitz;Sachsen;50.8284;12.9586
09128;Chemnitz, Sachsen;Sachsen;50.8333;12.9167
09130;Chemnitz;Sachsen;50.8376;12.9345
09131;Chemnitz;Sachsen;50.8333;12.9167
09212;Limbach-Oberfrohna (Kändler, Pleißa);Sachsen;50.8500;12.7733
09217;Burgstädt;Sachsen;50.9133;12.8060
09221;Neukirchen/Erzgebirge;Sachsen;50.7835;12.8700
09224;Mittelbach bei Chemnitz;Sachsen;50.7940;12.7860
09227;Einsiedel bei Chemnitz;Sachsen;50.7705;12.9745
09228;Wittgensdorf;Sachsen;50.8832;12.8703
09232;Hartmannsdorf;Sachsen;50.9000;12.8000
09235;Burkhardtsdorf;Sachsen;50.7333;12.9167
09236;Claußnitz;Sachsen;50.9333;12.8833
09241;Mühlau;Sachsen;50.9000;12.7667
09243;Niederfrohna;Sachsen;50.9000;12.7167
09244;Lichtenau;Sachsen;50.9083;12.9917
09247;Röhrsdorf;Sachsen;50.8621;12.8339
09249;Taura;Sachsen;50.9167;12.8500
09306;Königshain-Wiederau (Rochlitz, Erlau …);Sachsen;51.0284;12.8260
09322;Penig;Sachsen;50.9334;12.7042
09326;Geringswalde;Sachsen;51.0768;12.9072
09328;Lunzenau;Sachsen;50.9627;12.7559
09337;Hohenstein-Ernstthal (Callenberg, Bernsdorf);Sachsen;50.8058;12.6710
09350;Lichtenstein/Sachsen;Sachsen;50.7438;12.6453
09353;Oberlungwitz;Sachsen;50.7823;12.7079
09355;Gersdorf;Sachsen;50.7500;12.7167
09356;Sankt Egidien;Sachsen;50.7862;12.6240
09366;Niederdorf (Stollberg/Erzgebirge);Sachsen;50.7155;12.7752
09376;Oelsnitz/Erzgebirge;Sachsen;50.7170;12.7217
09380;Thalheim / Erzgebirge;Sachsen;50.7000;12.8500
09385;Lugau/Erzgebirge (Erlbach-Kirchberg);Sachsen;50.7500;12.7584
09387;Jahnsdorf/Erzgebirge;Sachsen;50.7500;12.8500
09390;Gornsdorf;Sachsen;50.7000;12.8833
09392;Auerbach;Sachsen;50.6833;12.9167
09394;Hohndorf;Sachsen;50.7404;12.6806
09395;Hormersdorf;Sachsen;50.6741;12.8819
09399;Niederwürschnitz;Sachsen;50.7250;12.7500
09405;Gornau/Erzgebirge (Zschopau);Sachsen;50.7574;13.0468
09419;Thum;Sachsen;50.6708;12.9509
09423;Gelenau/Erzgebirge;Sachsen;50.7055;12.9694
09427;Ehrenfriedersdorf;Sachsen;50.6493;12.9701
09429;Wolkenstein;Sachsen;50.6555;13.0713
09430;Venusberg (Drebach);Sachsen;50.6875;13.0174
09432;Großolbersdorf;Sachsen;50.7000;13.0833
09435;Scharfenstein;Sachsen;50.7041;13.0565
09437;Börnichen/Erzgebirge (Waldkirchen/Erzgebirge);Sachsen;50.7584;13.1250
09439;Amtsberg;Sachsen;50.7500;13.0056
09456;Mildenau (Annaberg-Buchholz);Sachsen;50.5832;13.0394
09465;Sehmatal;Sachsen;50.5167;12.9833
09468;Tannenberg (Geyer);Sachsen;50.6168;12.9293
09471;Bärenstein (Königswalde);Sachsen;50.5250;13.0417
09474;Crottendorf;Sachsen;50.5167;12.9500
09477;Jöhstadt;Sachsen;50.5123;13.0946
09481;Scheibenberg (Elterlein);Sachsen;50.5584;12.8903
09484;Oberwiesenthal;Sachsen;50.4167;12.9833
09487;Schlettau;Sachsen;50.5588;12.9527
09488;Wiesa;Sachsen;50.6111;13.0138
09496;Pobershau (Marienberg);Sachsen;50.6270;13.2031
09509;Pockau;Sachsen;50.7241;13.2798
09514;Lengefeld;Sachsen;50.7191;13.1929
09517;Zöblitz;Sachsen;50.6591;13.2298
09518;Großrückerswalde;Sachsen;50.6333;13.1167
09526;Heidersdorf (Olbernhau, Pfaffroda);Sachsen;50.6807;13.3642
09544;Neuhausen/Erzgebirge;Sachsen;50.6750;13.4667
09548;Deutschneudorf (Seiffen/Erzgebirge);Sachsen;50.6334;13.4583
09557;Flöha;Sachsen;50.8561;13.0741
09569;Gahlenz (Frankenstein, Oederan …);Sachsen;50.8606;13.1773
09573;Leubsdorf (Augustusburg);Sachsen;50.8059;13.1344
09575;Eppendorf;Sachsen;50.8000;13.2333
09577;Niederwiesa;Sachsen;50.8667;13.0167
09579;Borstendorf (Grünhainichen);Sachsen;50.7702;13.1665
09599;Freiberg;Sachsen;50.9109;13.3388
09600;Weißenborn/Erzgebirge (Oberschöna, Niederschöna);Sachsen;50.9103;13.3632
09603;Großschirma;Sachsen;50.9660;13.2859
09618;Großhartmannsdorf (Brand-Erbisdorf);Sachsen;50.8062;13.3237
09619;Dorfchemnitz bei Sayda (Sayda, Mulda/Sachsen);Sachsen;50.7593;13.4295
09623;Frauenstein (Rechenberg-Bienenmühle);Sachsen;50.7703;13.5365
09627;Bobritzsch (Hilbersdorf);Sachsen;50.9049;13.4206
09629;Reinsberg;Sachsen;51.0082;13.3654
09633;Halsbrücke;Sachsen;50.9500;13.3500
09634;Siebenlehn;Sachsen;51.0311;13.3081
09638;Lichtenberg/Erzgebirge;Sachsen;50.8333;13.4167
09648;Mittweida (Kriebstein, Altmittweida);Sachsen;51.0010;12.9807
09661;Striegistal (Tiefenbach, Rossau …);Sachsen;50.9560;13.0511
09669;Frankenberg/Sachsen;Sachsen;50.9259;13.0596
10115;Berlin;Berlin;52.5323;13.3846
10117;Berlin;Berlin;52.5170;13.3872
10119;Berlin;Berlin;52.5305;13.4053
10178;Berlin;Berlin;52.5213;13.4096
10179;Berlin;Berlin;52.5122;13.4164
10243;Berlin Friedrichshain;Berlin;52.5123;13.4394
10245;Berlin Friedrichshain;Berlin;52.5007;13.4647
10247;Berlin Friedrichshain;Berlin;52.5161;13.4656
10249;Berlin Friedrichshain;Berlin;52.5238;13.4428
10315;Berlin;Berlin;52.5132;13.5148
10317;Berlin;Berlin;52.4979;13.4908
10318;Berlin;Berlin;52.4835;13.5287
10319;Berlin;Berlin;52.4992;13.5188
10365;Berlin;Berlin;52.5206;13.4969
10367;Berlin;Berlin;52.5246;13.4821
10369;Berlin;Berlin;52.5295;13.4695
10405;Berlin;Berlin;52.5352;13.4257
10407;Berlin;Berlin;52.5336;13.4492
10409;Berlin;Berlin;52.5443;13.4414
10435;Berlin;Berlin;52.5378;13.4112
10437;Berlin;Berlin;52.5449;13.4126
10439;Berlin;Berlin;52.5522;13.4121
10551;Berlin;Berlin;52.5307;13.3372
10553;Berlin;Berlin;52.5305;13.3215
10555;Berlin;Berlin;52.5215;13.3355
10557;Berlin;Berlin;52.5233;13.3594
10559;Berlin;Berlin;52.5301;13.3499
10585;Berlin;Berlin;52.5152;13.3057
10587;Berlin;Berlin;52.5184;13.3195
10589;Berlin;Berlin;52.5276;13.3057
10623;Berlin;Berlin;52.5088;13.3274
10625;Berlin;Berlin;52.5095;13.3147
10627;Berlin;Berlin;52.5080;13.3030
10629;Berlin;Berlin;52.5028;13.3086
10707;Berlin;Berlin;52.4967;13.3138
10709;Berlin;Berlin;52.4939;13.3031
10711;Berlin;Berlin;52.4981;13.2905
10713;Berlin;Berlin;52.4851;13.3133
10715;Berlin;Berlin;52.4824;13.3289
10717;Berlin;Berlin;52.4908;13.3275
10719;Berlin;Berlin;52.4988;13.3257
10777;Berlin;Berlin;52.4975;13.3427
10779;Berlin;Berlin;52.4921;13.3395
10781;Berlin;Berlin;52.4936;13.3529
10783;Berlin;Berlin;52.4964;13.3624
10785;Berlin;Berlin;52.5073;13.3643
10787;Berlin;Berlin;52.5078;13.3439
10789;Berlin;Berlin;52.5017;13.3377
10823;Berlin;Berlin;52.4873;13.3509
10825;Berlin;Berlin;52.4838;13.3413
10827;Berlin;Berlin;52.4838;13.3543
10829;Berlin;Berlin;52.4761;13.3607
10961;Berlin Kreuzberg;Berlin;52.4926;13.3975
10963;Berlin Kreuzberg;Berlin;52.5003;13.3813
10965;Berlin Kreuzberg;Berlin;52.4855;13.3946
10967;Berlin Kreuzberg;Berlin;52.4905;13.4164
10969;Berlin Kreuzberg;Berlin;52.5025;13.4012
10997;Berlin Kreuzberg;Berlin;52.5009;13.4356
10999;Berlin Kreuzberg;Berlin;52.4969;13.4266
11011;Berlin;Berlin;52.5179;13.3759
12043;Berlin;Berlin;52.4799;13.4371
12045;Berlin;Berlin;52.4855;13.4392
12047;Berlin;Berlin;52.4905;13.4285
12049;Berlin;Berlin;52.4764;13.4220
12051;Berlin;Berlin;52.4669;13.4298
12053;Berlin;Berlin;52.4768;13.4325
12055;Berlin;Berlin;52.4712;13.4486
12057;Berlin;Berlin;52.4684;13.4633
12059;Berlin;Berlin;52.4809;13.4513
12099;Berlin;Berlin;52.4644;13.4023
12101;Berlin;Berlin;52.4785;13.3791
12103;Berlin;Berlin;52.4641;13.3747
12105;Berlin;Berlin;52.4492;13.3714
12107;Berlin;Berlin;52.4312;13.3917
12109;Berlin;Berlin;52.4465;13.3993
12157;Berlin;Berlin;52.4653;13.3462
12159;Berlin;Berlin;52.4737;13.3369
12161;Berlin;Berlin;52.4704;13.3270
12163;Berlin;Berlin;52.4626;13.3185
12165;Berlin;Berlin;52.4557;13.3148
12167;Berlin;Berlin;52.4486;13.3338
12169;Berlin;Berlin;52.4548;13.3435
12203;Berlin;Berlin;52.4444;13.3096
12205;Berlin;Berlin;52.4340;13.2945
12207;Berlin;Berlin;52.4199;13.3133
12209;Berlin;Berlin;52.4179;13.3291
12247;Berlin;Berlin;52.4395;13.3462
12249;Berlin;Berlin;52.4264;13.3518
12277;Berlin;Berlin;52.4134;13.3750
12279;Berlin;Berlin;52.4106;13.3531
12305;Berlin;Berlin;52.4033;13.4021
12307;Berlin;Berlin;52.3886;13.3907
12309;Berlin;Berlin;52.3905;13.4171
12347;Berlin;Berlin;52.4509;13.4281
12349;Berlin;Berlin;52.4253;13.4221
12351;Berlin;Berlin;52.4328;13.4555
12353;Berlin;Berlin;52.4227;13.4589
12355;Berlin;Berlin;52.4110;13.4978
12357;Berlin;Berlin;52.4293;13.4905
12359;Berlin;Berlin;52.4473;13.4531
12435;Berlin;Berlin;52.4866;13.4672
12437;Berlin;Berlin;52.4624;13.4817
12439;Berlin;Berlin;52.4528;13.5286
12459;Berlin;Berlin;52.4656;13.5280
12487;Berlin;Berlin;52.4437;13.5052
12489;Berlin;Berlin;52.4356;13.5432
12524;Berlin;Berlin;52.4128;13.5417
12526;Berlin;Berlin;52.3976;13.5642
12527;Berlin;Berlin;52.3856;13.6339
12529;Schönefeld (Berlin);Brandenburg;52.4528;13.4519
12555;Berlin;Berlin;52.4627;13.5791
12557;Berlin;Berlin;52.4303;13.5920
12559;Berlin;Berlin;52.4149;13.6634
12587;Berlin;Berlin;52.4586;13.6362
12589;Berlin;Berlin;52.4438;13.7034
12619;Berlin;Berlin;52.5235;13.5883
12621;Berlin;Berlin;52.5027;13.5878
12623;Berlin;Berlin;52.5026;13.6165
12627;Berlin;Berlin;52.5372;13.6135
12629;Berlin;Berlin;52.5413;13.5901
12679;Berlin;Berlin;52.5501;13.5660
12681;Berlin;Berlin;52.5369;13.5367
12683;Berlin;Berlin;52.5075;13.5591
12685;Berlin;Berlin;52.5391;13.5650
12687;Berlin;Berlin;52.5564;13.5645
12689;Berlin;Berlin;52.5665;13.5675
13047;Reinickendorf;Berlin;52.5667;13.3333
13051;Berlin;Berlin;52.5815;13.4908
13053;Berlin;Berlin;52.5500;13.5046
13055;Berlin;Berlin;52.5401;13.4960
13057;Berlin;Berlin;52.5711;13.5415
13059;Berlin;Berlin;52.5809;13.5217
13086;Berlin;Berlin;52.5565;13.4482
13088;Berlin;Berlin;52.5603;13.4708
13089;Berlin;Berlin;52.5707;13.4410
13125;Berlin;Berlin;52.6329;13.4829
13127;Berlin;Berlin;52.6200;13.4380
13129;Berlin;Berlin;52.5921;13.4579
13156;Berlin;Berlin;52.5824;13.3997
13158;Berlin;Berlin;52.5932;13.3835
13159;Berlin;Berlin;52.6230;13.3978
13187;Berlin;Berlin;52.5695;13.4084
13189;Berlin;Berlin;52.5643;13.4219
13347;Berlin;Berlin;52.5491;13.3655
13349;Berlin;Berlin;52.5580;13.3473
13351;Berlin;Berlin;52.5507;13.3328
13353;Berlin;Berlin;52.5416;13.3495
13355;Berlin;Berlin;52.5416;13.3904
13357;Berlin;Berlin;52.5502;13.3828
13359;Berlin;Berlin;52.5599;13.3851
13403;Berlin;Berlin;52.5739;13.3224
13405;Berlin;Berlin;52.5596;13.2967
13407;Berlin;Berlin;52.5727;13.3512
13409;Berlin;Berlin;52.5679;13.3714
13435;Berlin;Berlin;52.6020;13.3456
13437;Berlin;Berlin;52.5905;13.3284
13439;Berlin;Berlin;52.5976;13.3584
13465;Berlin;Berlin;52.6399;13.2896
13467;Berlin;Berlin;52.6171;13.3075
13469;Berlin;Berlin;52.6119;13.3422
13503;Berlin;Berlin;52.6122;13.2488
13505;Berlin;Berlin;52.5839;13.2404
13507;Berlin;Berlin;52.5765;13.2717
13509;Berlin;Berlin;52.5892;13.3006
13581;Berlin;Berlin;52.5310;13.1794
13583;Berlin;Berlin;52.5437;13.1824
13585;Berlin;Berlin;52.5477;13.2049
13587;Berlin;Berlin;52.5767;13.1854
13589;Berlin;Berlin;52.5570;13.1676
13591;Berlin;Berlin;52.5345;13.1405
13593;Berlin;Berlin;52.5148;13.1672
13595;Berlin;Berlin;52.5116;13.1962
13597;Berlin;Berlin;52.5272;13.2195
13599;Berlin;Berlin;52.5463;13.2350
13627;Berlin;Berlin;52.5398;13.2991
13629;Berlin;Berlin;52.5422;13.2661
14050;Berlin;Berlin;52.5208;13.2683
14052;Berlin;Berlin;52.5156;13.2569
14053;Berlin;Berlin;52.5159;13.2387
14055;Berlin;Berlin;52.5020;13.2447
14057;Berlin;Berlin;52.5073;13.2879
14059;Berlin;Berlin;52.5205;13.2878
14089;Berlin;Berlin;52.4708;13.1516
14109;Berlin;Berlin;52.4197;13.1440
14129;Berlin;Berlin;52.4463;13.2026
14131;Berlin;Berlin;52.5170;13.4000
14163;Berlin;Berlin;52.4368;13.2385
14165;Berlin;Berlin;52.4175;13.2536
14167;Berlin;Berlin;52.4212;13.2765
14169;Berlin;Berlin;52.4496;13.2573
14193;Berlin;Berlin;52.4831;13.2365
14195;Berlin;Berlin;52.4589;13.2829
14197;Berlin;Berlin;52.4734;13.3118
14199;Berlin;Berlin;52.4777;13.2951
14461;Potsdam;Brandenburg;52.4000;13.0667
14467;Potsdam;Brandenburg;52.4030;13.0626
14469;Potsdam;Brandenburg;52.4091;12.9899
14471;Potsdam;Brandenburg;52.3744;13.0102
14473;Potsdam;Brandenburg;52.3908;13.0645
14476;Uetz-Paaren (Töplitz, Marquardt …);Brandenburg;52.4582;12.9938
14478;Potsdam;Brandenburg;52.3725;13.0914
14480;Potsdam;Brandenburg;52.3689;13.1273
14482;Potsdam;Brandenburg;52.3871;13.0993
14513;Teltow;Brandenburg;52.4031;13.2601
14532;Kleinmachnow (Stahnsdorf, Nudow …);Brandenburg;52.3518;13.1821
14542;Schwielowsee (Kloster Lehnin, Werder (Havel));Brandenburg;52.3449;12.8512
14547;Stücken (Beelitz);Brandenburg;52.2416;13.0253
14548;Schwielowsee;Brandenburg;52.3389;12.9722
14550;Bochow (Groß Kreutz, Derwitz …);Brandenburg;52.4173;12.7973
14552;Wildenbruch (Tremsdorf, Michendorf …);Brandenburg;52.2906;13.0824
14554;Seddiner See;Brandenburg;52.2722;13.0167
14557;Langerwisch (Wilhelmshorst);Brandenburg;52.3242;13.0645
14558;Bergholz-Rehbrücke;Brandenburg;52.3472;13.1053
14612;Falkensee;Brandenburg;52.5601;13.0927
14621;Schönwalde;Brandenburg;52.6192;13.1265
14624;Dallgow-Döberitz;Brandenburg;52.5427;13.0584
14627;Elstal;Brandenburg;52.5425;12.9879
14641;Falkenrehde (Zeestow, Etzin …);Brandenburg;52.6173;12.8436
14656;Brieselang;Brandenburg;52.5833;13.0000
14662;Friesack (Vietznitz, Mühlenberge …);Brandenburg;52.7110;12.6149
14669;Zachow (Ketzin);Brandenburg;52.4809;12.8149
14712;Rathenow;Brandenburg;52.6066;12.3370
14715;Kotzen (Nennhausen, Bützer …);Brandenburg;52.5855;12.4367
14727;Döberitz (Premnitz);Brandenburg;52.5270;12.3583
14728;Gollenberg (Havelaue, Kleßen-Görne …);Brandenburg;52.7323;12.3747
14770;Brandenburg an der Havel;Brandenburg;52.4189;12.5228
14772;Brandenburg an der Havel;Brandenburg;52.4358;12.5297
14774;Brandenburg an der Havel;Brandenburg;52.3864;12.4144
14776;Brandenburg an der Havel;Brandenburg;52.4043;12.5680
14778;Götz (Wust, Gollwitz …);Brandenburg;52.3595;12.6163
14789;Rosenau (Bensdorf, Wusterwitz);Brandenburg;52.3709;12.3588
14793;Buckautal (Rottstock, Ziesar …);Brandenburg;52.2265;12.3637
14797;Kloster Lehnin;Brandenburg;52.3271;12.6625
14798;Havelsee;Brandenburg;52.4929;12.4667
14806;Planetal (Belzig, Hagelberg …);Brandenburg;52.1413;12.6059
14822;Mühlenfließ (Brück, Planebruch …);Brandenburg;52.2059;12.7861
14823;Mühlenfließ (Niemegk, Rabenstein/Fläming);Brandenburg;52.0686;12.6805
14827;Wiesenburg;Brandenburg;52.1146;12.4553
14828;Görzke;Brandenburg;52.1718;12.3751
14913;Jüterbog (Wahlsdorf, Ihlow …);Brandenburg;51.9442;13.2320
14929;Treuenbrietzen;Brandenburg;52.0975;12.8726
14943;Luckenwalde (Lühsdorf, Lüdersdorf);Brandenburg;52.1442;13.1426
14947;Nuthe-Urstromtal;Brandenburg;52.1116;13.2152
14959;Schönhagen (Trebbin);Brandenburg;52.2149;13.1857
14974;Thyrow (Ludwigsfelde);Brandenburg;52.2779;13.2468
14979;Großbeeren;Brandenburg;52.3586;13.3099
15230;Frankfurt (Oder);Brandenburg;52.3475;14.5539
15232;Frankfurt (Oder);Brandenburg;52.3241;14.5325
15234;Frankfurt (Oder);Brandenburg;52.3646;14.5244
15236;Jacobsdorf (Frankfurt (Oder), Treplin);Brandenburg;52.3573;14.4049
15295;Wiesenau (Brieskow-Finkenheerd, Ziltendorf …);Brandenburg;52.2363;14.5797
15299;Müllrose (Mixdorf, Dammendorf …);Brandenburg;52.1776;14.4084
15306;Vierlinden (Seelow, Falkenhagen …);Brandenburg;52.5072;14.3652
15320;Neutrebbin (Sietzing, Neuhardenberg);Brandenburg;52.6375;14.2470
15324;Kienitz (Ortwig, Kiehnwerder …);Brandenburg;52.6827;14.3556
15326;Podelzig (Lebus, Fichtenhöhe …);Brandenburg;52.4334;14.4602
15328;Küstriner Vorland (Bleyen-Genschmar, Alt Tucheband …);Brandenburg;52.5678;14.5286
15344;Strausberg;Brandenburg;52.5786;13.8874
15345;Prötzel (Lichtenow, Reichenow-Möglin …);Brandenburg;52.5775;13.9627
15366;Münchehofe (Dahlwitz-Hoppegarten, Hönow …);Brandenburg;52.5382;13.7813
15370;Petershagen-Eggersdorf (Fredersdorf-Vogelsdorf);Brandenburg;52.5125;13.7667
15372;Müncheberg;Brandenburg;52.5000;14.1333
15374;Müncheberg;Brandenburg;52.5114;14.1359
15377;Oberbarnim (Ihlow, Märkische Höhe …);Brandenburg;52.5976;14.0785
15378;Hennickendorf (Herzfelde);Brandenburg;52.4947;13.8521
15517;Fürstenwalde/Spree;Brandenburg;52.3824;14.0517
15518;Madlitz-Wilmersdorf (Langewahl, Grünheide (Mark) …);Brandenburg;52.3937;14.1598
15526;Bad Saarow (Rietz-Neuendorf, Reichenwalde);Brandenburg;52.2765;14.0562
15528;Spreenhagen (Grünheide (Mark));Brandenburg;52.3619;13.8935
15537;Gosen (Grünheide (Mark), Erkner);Brandenburg;52.4187;13.8276
15562;Rüdersdorf bei Berlin;Brandenburg;52.4707;13.7736
15566;Schöneiche bei Berlin;Brandenburg;52.4598;13.7054
15569;Woltersdorf;Brandenburg;52.4460;13.7560
15711;Schenkendorf (Zeesen, Königs Wusterhausen);Brandenburg;52.2860;13.6218
15712;Zernsdorf (Kablow, Senzig);Brandenburg;52.2967;13.7048
15713;Wernsdorf (Niederlehme);Brandenburg;52.3431;13.6767
15732;Eichwalde (Waltersdorf, Schulzendorf);Brandenburg;52.3624;13.5905
15738;Zeuthen;Brandenburg;52.3480;13.6217
15741;Gräbendorf (Motzen, Pätz …);Brandenburg;52.2273;13.6471
15745;Wildau;Brandenburg;52.3167;13.6333
15746;Groß Köris;Brandenburg;52.1659;13.6594
15748;Märkisch Buchholz (Münchehofe);Brandenburg;52.1285;13.7998
15749;Gallun (Ragow, Kiekebusch …);Brandenburg;52.2980;13.5407
15752;Prieros (Kolberg, Streganz);Brandenburg;52.2234;13.8044
15754;Wolzig (Dannenreich, Gussow …);Brandenburg;52.2737;13.7741
15755;Schwerin (Teupitz, Töpchin);Brandenburg;52.1504;13.6100
15757;Briesen (Halbe, Freidorf …);Brandenburg;52.0920;13.7039
15806;Schöneiche (Saalow, Telz …);Brandenburg;52.2179;13.4188
15827;Blankenfelde (Dahlewitz);Brandenburg;52.3291;13.4261
15831;Groß Kienitz (Waßmannsdorf, Mahlow …);Brandenburg;52.3533;13.4514
15834;Rangsdorf;Brandenburg;52.2913;13.4195
15837;Baruth/Mark;Brandenburg;52.0500;13.5000
15838;Wünsdorf (Kummersdorf-Gut, Sperenberg …);Brandenburg;52.1407;13.4048
15848;Plattkow (Friedland, Ragow-Merz …);Brandenburg;52.1516;14.2196
15859;Philadelphia (Kummersdorf, Rieplos …);Brandenburg;52.2276;13.8948
15864;Rietz-Neuendorf (Diensdorf-Radlow, Wendisch Rietz);Brandenburg;52.2204;14.0759
15868;Doberburg (Leeskow, Friedland …);Brandenburg;52.0296;14.3467
15890;Schlaubetal (Eisenhüttenstadt, Siehdichum …);Brandenburg;52.1615;14.5600
15898;Neißemünde (Neuzelle, Lawitz);Brandenburg;52.0625;14.6392
15907;Lübben (Spreewald);Brandenburg;51.9455;13.8852
15910;Pretschen (Dürrenhofe, Rietzneuendorf-Staakow …);Brandenburg;52.0582;13.9206
15913;Briesensee (Laasow, Mochow …);Brandenburg;51.9719;14.1002
15926;Bersteland (Luckau, Schlabendorf …);Brandenburg;51.8409;13.6967
15936;Steinreich (Dahmetal, Dahme/Mark);Brandenburg;51.9229;13.4681
15938;Kasel-Golzig (Steinreich, Drahnsdorf …);Brandenburg;51.9461;13.5839
16225;Eberswalde;Brandenburg;52.8342;13.8218
16227;Eberswalde;Brandenburg;52.8333;13.8333
16230;Sydower Fließ (Breydin, Britz …);Brandenburg;52.8124;13.7855
16244;Finowfurt (Altenhof);Brandenburg;52.8865;13.7355
16247;Althüttendorf (Friedrichswalde, Ziethen …);Brandenburg;52.9826;13.8011
16248;Lunow-Stolzenhagen (Parsteinsee, Niederfinow …);Brandenburg;52.8833;14.0211
16259;Schiffmühle (Falkenberg, Höhenland …);Brandenburg;52.7652;14.0420
16269;Bliesdorf (Wriezener Höhe, Wriezen);Brandenburg;52.6912;14.1394
16278;Mark Landin (Angermünde, Frauenhagen …);Brandenburg;53.0490;14.0055
16303;Schwedt/Oder;Brandenburg;53.0660;14.2711
16306;Friedrichsthal (Schönow, Passow …);Brandenburg;53.1757;14.2057
16307;Tantow (Mescherin, Radekow …);Brandenburg;53.2624;14.3679
16321;Lindenberg (Schönow, Bernau …);Brandenburg;52.6870;13.5969
16341;Schwanebeck (Zepernick);Brandenburg;52.6380;13.5425
16348;Wandlitz (Ruhlsdorf, Stolzenhagen …);Brandenburg;52.8159;13.5156
16352;Schönwalde (Schönerlinde, Basdorf);Brandenburg;52.6815;13.4412
16356;Krummensee (Eiche, Ahrensfelde …);Brandenburg;52.6332;13.6630
16359;Biesenthal (Lanke);Brandenburg;52.7635;13.6047
16515;Wensickendorf (Nassenheide, Freienhagen …);Brandenburg;52.7891;13.3107
16540;Stolpe (Hohen Neuendorf);Brandenburg;52.6686;13.2685
16547;Birkenwerder;Brandenburg;52.6833;13.2833
16548;Glienicke/Nordbahn;Brandenburg;52.6351;13.3075
16552;Schildow;Brandenburg;52.6363;13.3760
16556;Borgsdorf;Brandenburg;52.7129;13.2767
16559;Liebenwalde (Hammer, Liebenthal …);Brandenburg;52.8761;13.4295
16562;Bergfelde;Brandenburg;52.6729;13.3186
16565;Lehnitz;Brandenburg;52.7405;13.2627
16567;Mühlenbeck (Schönfließ);Brandenburg;52.6601;13.3575
16727;Oberkrämer (Velten);Brandenburg;52.6374;13.2460
16761;Hennigsdorf;Brandenburg;52.6360;13.2042
16766;Oberkrämer (Kremmen);Brandenburg;52.6728;13.1710
16767;Leegebruch (Germendorf);Brandenburg;52.7366;13.1815
16775;Klein-Mutz (Tornow, Zabelsdorf …);Brandenburg;53.0291;13.2161
16792;Wesendorf (Zehdenick, Kurtschlag);Brandenburg;52.9868;13.3966
16798;Altthymen (Fürstenberg/Havel, Himmelpfort …);Brandenburg;53.1888;13.1725
16816;Neuruppin;Brandenburg;52.9282;12.8031
16818;Walsleben (Rheinsberg Braunsberg, Basdorf …);Brandenburg;52.9219;12.7724
16827;Alt Ruppin;Brandenburg;52.9483;12.8480
16831;Rheinsberg;Brandenburg;53.1055;12.8925
16833;Fehrbellin;Brandenburg;52.7857;12.7732
16835;Seebeck-Strubensee (Vielitz, Lindow (Mark) …);Brandenburg;52.9540;12.9904
16837;Wittstock/Dosse Zempow (Rheinsberg Wallitz, Rheinsberg Dorf Zechlin …);Brandenburg;53.1555;12.7806
16845;Fehrbellin Manker (Märkisch Linden, Zernitz-Lohm …);Brandenburg;52.8618;12.4749
16866;Barenthin (Kyritz, Wutike …);Brandenburg;52.9828;12.2617
16868;Wusterhausen (Dosse);Brandenburg;52.8833;12.4667
16909;Wittstock/Dosse (Heiligengrabe);Brandenburg;53.1518;12.4802
16918;Wittstock/Dosse Freyenstein;Brandenburg;53.2833;12.3500
16921;Alt Krüssow;Brandenburg;53.1500;12.2667
16928;Tüchen (Alt Krüssow, Kuhsdorf …);Brandenburg;53.1163;12.1849
16945;Marienfließ (Kümmernitztal, Halenbeck-Rohlsdorf …);Brandenburg;53.2771;12.2010
16949;Triglitz (Putlitz);Brandenburg;53.2328;12.0709
17033;Neubrandenburg;Mecklenburg-Vorpommern;53.5476;13.2555
17034;Neubrandenburg;Mecklenburg-Vorpommern;53.5761;13.2797
17036;Neubrandenburg;Mecklenburg-Vorpommern;53.5537;13.2969
17039;Trollenhagen (Woggersin, Neuenkirchen …);Mecklenburg-Vorpommern;53.6091;13.3074
17087;Altentreptow;Mecklenburg-Vorpommern;53.6942;13.2650
17089;Burow (Bartow, Gnevkow …);Mecklenburg-Vorpommern;53.7571;13.2958
17091;Tützpatz (Knorrendorf, Pripsleben …);Mecklenburg-Vorpommern;53.6752;13.1147
17094;Teschendorf (Pragsdorf, Groß Nemerow …);Mecklenburg-Vorpommern;53.4836;13.3409
17098;Friedland;Mecklenburg-Vorpommern;53.6703;13.5540
17099;Glienke (Brohm, Datzetal …);Mecklenburg-Vorpommern;53.6319;13.4888
17109;Demmin;Mecklenburg-Vorpommern;53.9076;13.0314
17111;Schönfeld (Borrentin, Beestland …);Mecklenburg-Vorpommern;53.8550;13.0348
17121;Loitz (Sassen, Görmin …);Mecklenburg-Vorpommern;53.9883;13.1674
17126;Jarmen;Mecklenburg-Vorpommern;53.9239;13.3403
17129;Plötz (Daberkow, Tutow …);Mecklenburg-Vorpommern;53.8844;13.2683
17139;Kummerow (Malchin, Basedow …);Mecklenburg-Vorpommern;53.7053;12.7482
17153;Zettemin (Gülzow, Jürgenstorf …);Mecklenburg-Vorpommern;53.6677;12.9168
17154;Neukalen;Mecklenburg-Vorpommern;53.8227;12.7901
17159;Wagun (Dargun, Stubbendorf …);Mecklenburg-Vorpommern;53.9148;12.8517
17166;Groß Wokern (Alt Sührkow, Dalkendorf …);Mecklenburg-Vorpommern;53.7452;12.5641
17168;Neu Heinde (Thürkow, Warnkenhagen …);Mecklenburg-Vorpommern;53.8677;12.5704
17179;Altkalen (Gnoien, Walkendorf …);Mecklenburg-Vorpommern;53.9635;12.6823
17192;Groß Dratow (Torgelow am See, Klink …);Mecklenburg-Vorpommern;53.5469;12.7743
17194;Jabel (Vollrathsruhe, Moltzow …);Mecklenburg-Vorpommern;53.6017;12.5644
17207;Kambs (Bollewick, Röbel/Müritz …);Mecklenburg-Vorpommern;53.3762;12.5914
17209;Priborn (Melz, Wredenhagen …);Mecklenburg-Vorpommern;53.3459;12.4843
17213;Adamshoffnung (Penkow, Lexow …);Mecklenburg-Vorpommern;53.4500;12.4455
17214;Silz (Alt Schwerin, Nossentiner Hütte);Mecklenburg-Vorpommern;53.5221;12.4035
17217;Penzlin (Lapitz, Mallin …);Mecklenburg-Vorpommern;53.5174;13.0848
17219;Möllenhagen (Ankershagen, Groß Flotow …);Mecklenburg-Vorpommern;53.5208;12.9711
17235;Neustrelitz;Mecklenburg-Vorpommern;53.3613;13.0729
17237;Grünow (Klein Vielen, Watzkendorf …);Mecklenburg-Vorpommern;53.3738;13.1667
17248;Rechlin (Lärz);Mecklenburg-Vorpommern;53.3143;12.7360
17252;Schwarz (Roggentin, Mirow …);Mecklenburg-Vorpommern;53.2595;12.8296
17255;Priepert (Wesenberg, Wustrow);Mecklenburg-Vorpommern;53.2422;12.9919
17258;Feldberger Seenlandschaft;Mecklenburg-Vorpommern;53.3391;13.4188
17259;Feldberger Seenlandschaft;Mecklenburg-Vorpommern;53.3391;13.4188
17268;Groß Dölln (Gollin, Boitzenburger Land …);Brandenburg;53.1183;13.5610
17279;Lychen;Brandenburg;53.2124;13.3148
17291;Grünow (Schönfeld, Nordwestuckermark …);Brandenburg;53.3132;13.9322
17309;Schönwalde (Marienthal, Brietzig …);Mecklenburg-Vorpommern;53.5029;14.0094
17321;Löcknitz (Rothenklempenow, Glashütte …);Mecklenburg-Vorpommern;53.4795;14.2306
17322;Pampow (Lebehn, Glasow …);Mecklenburg-Vorpommern;53.4615;14.2743
17326;Brüssow;Brandenburg;53.3997;14.1253
17328;Penkun (Wollin);Mecklenburg-Vorpommern;53.3060;14.2267
17329;Krackow (Nadrensee);Mecklenburg-Vorpommern;53.3379;14.3073
17335;Strasburg;Mecklenburg-Vorpommern;53.5103;13.7451
17337;Uckerland (Galenbeck, Groß Luckow …);Brandenburg;53.5419;13.7887
17348;Neu Käbelich (Mildenitz, Petersdorf …);Mecklenburg-Vorpommern;53.4824;13.5479
17349;Schönbeck (Helpt, Lindetal …);Mecklenburg-Vorpommern;53.5350;13.5502
17358;Torgelow (Hammer, Torgelow-Holländerei);Mecklenburg-Vorpommern;53.6367;14.0095
17367;Eggesin;Mecklenburg-Vorpommern;53.6797;14.0799
17373;Ueckermünde;Mecklenburg-Vorpommern;53.7379;14.0447
17375;Meiersberg (Liepgarten, Leopoldshagen …);Mecklenburg-Vorpommern;53.7202;14.0894
17379;Ferdinandshof (Heinrichsruh, Lübs …);Mecklenburg-Vorpommern;53.6698;13.8459
17389;Anklam;Mecklenburg-Vorpommern;53.8564;13.6897
17390;Murchin (Rubkow, Ziethen …);Mecklenburg-Vorpommern;53.9131;13.6530
17391;Liepen (Medow, Nerdin …);Mecklenburg-Vorpommern;53.8416;13.4702
17392;Neuenkirchen (Drewelow, Zinzow …);Mecklenburg-Vorpommern;53.7717;13.5891
17398;Löwitz (Bugewitz, Ducherow …);Mecklenburg-Vorpommern;53.7680;13.7521
17406;Morgenitz (Usedom, Stolpe auf Usedom …);Mecklenburg-Vorpommern;53.9032;13.9553
17419;Zirchow (Kamminke, Korswandt …);Mecklenburg-Vorpommern;53.8975;14.1572
17424;Heringsdorf;Mecklenburg-Vorpommern;53.9500;14.1667
17429;Neppermin (Benz, Bansin …);Mecklenburg-Vorpommern;53.9476;14.0676
17438;Wolgast;Mecklenburg-Vorpommern;54.0528;13.7720
17440;Zemitz (Hohendorf, Krummin …);Mecklenburg-Vorpommern;54.0117;13.7899
17449;Peenemünde (Mölschow, Karlshagen …);Mecklenburg-Vorpommern;54.1023;13.8252
17454;Zinnowitz;Mecklenburg-Vorpommern;54.0667;13.9000
17459;Ückeritz (Koserow, Zempin …);Mecklenburg-Vorpommern;54.0379;14.0033
17489;Greifswald;Mecklenburg-Vorpommern;54.0881;13.3876
17491;Greifswald;Mecklenburg-Vorpommern;54.0830;13.4058
17493;Greifswald;Mecklenburg-Vorpommern;54.0902;13.4464
17495;Groß Kiesow (Lühmannsdorf, Karlsburg …);Mecklenburg-Vorpommern;53.9892;13.5658
17498;Weitenhagen (Mesekenhagen, Diedrichshagen …);Mecklenburg-Vorpommern;54.0647;13.3582
17506;Breechen (Gribow, Lüssow …);Mecklenburg-Vorpommern;53.9482;13.4258
17509;Hanshagen (Brünzow, Lubmin …);Mecklenburg-Vorpommern;54.0888;13.5991
18055;Rostock;Mecklenburg-Vorpommern;54.0865;12.1544
18057;Rostock;Mecklenburg-Vorpommern;54.0872;12.1062
18059;Rostock (Pölchow, Ziesendorf …);Mecklenburg-Vorpommern;54.0285;12.0976
18069;Lambrechtshagen (Rostock);Mecklenburg-Vorpommern;54.1052;12.0426
18106;Rostock;Mecklenburg-Vorpommern;54.0833;12.1333
18107;Elmenhorst-Lichtenhagen (Rostock);Mecklenburg-Vorpommern;54.1509;12.0246
18109;Rostock;Mecklenburg-Vorpommern;54.1471;12.0689
18119;Rostock;Mecklenburg-Vorpommern;54.0833;12.1333
18146;Rostock;Mecklenburg-Vorpommern;54.1282;12.1761
18147;Rostock;Mecklenburg-Vorpommern;54.1243;12.1243
18181;Seeheilbad Graal-Müritz;Mecklenburg-Vorpommern;54.2512;12.2514
18182;Blankenhagen (Mönchhagen, Bentwisch …);Mecklenburg-Vorpommern;54.1699;12.2763
18184;Roggentin (Mandelshagen, Hohenfelde …);Mecklenburg-Vorpommern;54.1113;12.2428
18190;Sanitz;Mecklenburg-Vorpommern;54.0776;12.3756
18195;Selpin (Stubbendorf, Nustrow …);Mecklenburg-Vorpommern;54.0371;12.5148
18196;Damm (Lieblingshof, Dummerstorf …);Mecklenburg-Vorpommern;54.0179;12.2167
18198;Kritzmow (Stäbelow);Mecklenburg-Vorpommern;54.0468;12.0383
18209;Bad Doberan (Reddelich, Wittenbeck …);Mecklenburg-Vorpommern;54.1009;11.8678
18211;Retschow (Admannshagen-Bargeshagen, Nienhagen …);Mecklenburg-Vorpommern;54.1197;11.9388
18225;Kühlungsborn;Mecklenburg-Vorpommern;54.1500;11.7500
18230;Bastorf (Biendorf, Rerik …);Mecklenburg-Vorpommern;54.0987;11.7011
18231;Neubukow;Mecklenburg-Vorpommern;54.0319;11.6725
18233;Neubukow (Ravensberg, Rakow …);Mecklenburg-Vorpommern;54.0108;11.6844
18236;Altenhagen (Schmadebeck, Kröpelin);Mecklenburg-Vorpommern;54.0462;11.8043
18239;Reinshagen (Hanstorf, Heiligenhagen …);Mecklenburg-Vorpommern;54.0068;11.9223
18246;Baumgarten (Rühn, Steinhagen …);Mecklenburg-Vorpommern;53.8643;11.9473
18249;Warnow (Bernitt, Tarnow …);Mecklenburg-Vorpommern;53.8343;11.9362
18258;Vorbeck (Wiendorf, Bröbberow …);Mecklenburg-Vorpommern;53.9303;12.1013
18273;Güstrow;Mecklenburg-Vorpommern;53.7972;12.1734
18276;Prüzen (Bülow, Recknitz …);Mecklenburg-Vorpommern;53.7843;12.1481
18279;Plaaz (Lalendorf, Wattmannshagen …);Mecklenburg-Vorpommern;53.7657;12.3941
18292;Hoppenrade (Kuchelmiß, Dobbin-Linstow …);Mecklenburg-Vorpommern;53.6674;12.2951
18299;Liessow (Pölitz, Hohen Sprenz …);Mecklenburg-Vorpommern;53.9080;12.3259
18311;Ribnitz-Damgarten;Mecklenburg-Vorpommern;54.2422;12.4567
18314;Divitz-Spoldershagen (Bartelshagen II, Kenz-Küstrow …);Mecklenburg-Vorpommern;54.3133;12.6735
18317;Saal;Mecklenburg-Vorpommern;54.3105;12.4994
18320;Schlemmin (Dettmannsdorf, Trinwillershagen …);Mecklenburg-Vorpommern;54.2086;12.6003
18334;Semlow (Breesen, Langsdorf …);Mecklenburg-Vorpommern;54.1108;12.6739
18337;Marlow;Mecklenburg-Vorpommern;54.1544;12.5726
18347;Ahrenshoop (Dierhagen, Wustrow);Mecklenburg-Vorpommern;54.3436;12.3995
18356;Fuhlendorf (Barth, Pruchten);Mecklenburg-Vorpommern;54.3675;12.6671
18374;Zingst;Mecklenburg-Vorpommern;54.4357;12.6888
18375;Prerow (Wieck, Born a. Darß);Mecklenburg-Vorpommern;54.4231;12.5704
18435;Stralsund;Mecklenburg-Vorpommern;54.3272;13.0642
18437;Stralsund;Mecklenburg-Vorpommern;54.3041;13.0460
18439;Stralsund;Mecklenburg-Vorpommern;54.3024;13.0928
18442;Wendorf (Niepars, Lüssow …);Mecklenburg-Vorpommern;54.2871;12.9453
18445;Prohn (Preetz, Groß Mohrdorf …);Mecklenburg-Vorpommern;54.3699;12.9976
18461;Franzburg (Millienhagen-Oebelitz, Weitenhagen …);Mecklenburg-Vorpommern;54.1920;12.8543
18465;Hugoldsdorf (Drechow, Tribsees);Mecklenburg-Vorpommern;54.1285;12.7701
18469;Velgast (Karnin);Mecklenburg-Vorpommern;54.2870;12.8007
18507;Grimmen;Mecklenburg-Vorpommern;54.1122;13.0405
18510;Wittenhagen (Elmenhorst, Stoltenhagen …);Mecklenburg-Vorpommern;54.1898;13.0739
18513;Deyelsdorf (Splietsdorf, Grammendorf …);Mecklenburg-Vorpommern;54.0605;12.8962
18516;Süderholz;Mecklenburg-Vorpommern;54.0762;13.1333
18519;Kirchdorf (Reinberg, Wilmshagen …);Mecklenburg-Vorpommern;54.1885;13.2139
18528;Buschvitz (Ralswiek, Thesenvitz …);Mecklenburg-Vorpommern;54.4489;13.4416
18546;Sassnitz;Mecklenburg-Vorpommern;54.5127;13.6200
18551;Sagard (Lohme, Glowe);Mecklenburg-Vorpommern;54.5593;13.5434
18556;Wiek (Dranske, Altenkirchen …);Mecklenburg-Vorpommern;54.6352;13.3283
18565;Insel Hiddensee;Mecklenburg-Vorpommern;54.5490;13.1036
18569;Kluis (Ummanz, Trent …);Mecklenburg-Vorpommern;54.4918;13.2545
18573;Dreschvitz (Samtens, Altefähr …);Mecklenburg-Vorpommern;54.3609;13.2295
18574;Garz (Karnitz, Zudar …);Mecklenburg-Vorpommern;54.3066;13.3121
18581;Putbus;Mecklenburg-Vorpommern;54.3551;13.4763
18586;Göhren (Gager, Baabe …);Mecklenburg-Vorpommern;54.3352;13.6921
18609;Binz;Mecklenburg-Vorpommern;54.3833;13.6167
19053;Schwerin;Mecklenburg-Vorpommern;53.6313;11.4092
19055;Schwerin;Mecklenburg-Vorpommern;53.6441;11.4103
19057;Schwerin;Mecklenburg-Vorpommern;53.6382;11.3766
19059;Schwerin;Mecklenburg-Vorpommern;53.6410;11.3905
19061;Schwerin;Mecklenburg-Vorpommern;53.5992;11.4040
19063;Schwerin;Mecklenburg-Vorpommern;53.6007;11.4433
19065;Godern (Pinnow, Raben Steinfeld …);Mecklenburg-Vorpommern;53.6143;11.5405
19067;Langen Brütz (Leezen, Retgendorf …);Mecklenburg-Vorpommern;53.7008;11.5295
19069;Klein Trebbow (Zickhusen, Alt Meteln …);Mecklenburg-Vorpommern;53.7172;11.3705
19071;Brüsewitz (Grambow, Cramonshagen …);Mecklenburg-Vorpommern;53.6855;11.2664
19073;Zülow (Schossin, Klein Rogahn …);Mecklenburg-Vorpommern;53.5846;11.2788
19075;Holthusen (Warsow, Pampow);Mecklenburg-Vorpommern;53.5470;11.3386
19077;Rastow (Lübesse, Uelitz …);Mecklenburg-Vorpommern;53.4830;11.4261
19079;Banzkow (Sukow, Goldenstädt);Mecklenburg-Vorpommern;53.5123;11.5280
19086;Plate;Mecklenburg-Vorpommern;53.5515;11.5093
19089;Göhren (Barnin, Ruthenbeck …);Mecklenburg-Vorpommern;53.5717;11.6854
19205;Pokrent (Veelböken, Krembz …);Mecklenburg-Vorpommern;53.6855;11.1096
19209;Gottesgabe (Renzow, Badow …);Mecklenburg-Vorpommern;53.6212;11.1743
19217;Thandorf (Groß Molzahn, Rieps …);Mecklenburg-Vorpommern;53.7603;10.9674
19230;Hoort (Groß Krams, Kirch Jesar …);Mecklenburg-Vorpommern;53.4146;11.2253
19243;Dodow (Tessin bei Wittenburg, Körchow …);Mecklenburg-Vorpommern;53.5274;11.0712
19246;Zarrentin (Valluhn, Lassahn …);Mecklenburg-Vorpommern;53.5363;10.9363
19249;Garlitz (Gößlow, Lübtheen …);Mecklenburg-Vorpommern;53.3064;11.0806
19258;Neu Gülze (Schwanheide, Tessin bei Boizenburg …);Mecklenburg-Vorpommern;53.4146;10.7825
19260;Bennin (Banzin, Rodenwalde …);Mecklenburg-Vorpommern;53.4151;10.9327
19273;Brahlstorf (Melkof, Teldau …);Mecklenburg-Vorpommern;53.3364;10.9322
19288;Fahrbinde (Ludwigslust, Warlow …);Mecklenburg-Vorpommern;53.3449;11.4184
19294;Karstädt (Karenz, Malliß …);Mecklenburg-Vorpommern;53.2202;11.3824
19300;Muchow (Balow, Prislich …);Mecklenburg-Vorpommern;53.2567;11.6369
19303;Rüterberg (Tewswoos, Dömitz …);Mecklenburg-Vorpommern;53.1789;11.2207
19306;Neustadt-Glewe (Blievenstorf, Brenz);Mecklenburg-Vorpommern;53.3746;11.6413
19309;Besandten (Lanz, Mellen …);Brandenburg;53.0968;11.4594
19322;Cumlosen (Breese, Rühstädt …);Brandenburg;52.9976;11.7823
19336;Bad Wilsnack (Kletzke, Legde/Quitzöbel …);Brandenburg;52.9692;12.0025
19339;Bendelin (Netzow, Glöwen);Brandenburg;52.9153;12.1310
19348;Retzin (Wolfshagen, Perleberg …);Brandenburg;53.1326;11.9253
19357;Boberow (Mankmuß, Karstädt …);Brandenburg;53.1774;11.6745
19370;Parchim;Mecklenburg-Vorpommern;53.4263;11.8488
19372;Matzlow-Garwitz (Spornitz, Groß Godems …);Mecklenburg-Vorpommern;53.3717;11.8012
19374;Domsühl (Herzberg, Klinken …);Mecklenburg-Vorpommern;53.5197;11.7996
19376;Tessenow (Siggelkow, Marnitz …);Mecklenburg-Vorpommern;53.3417;11.9332
19386;Granzin (Kreien, Passow …);Mecklenburg-Vorpommern;53.4548;12.0579
19395;Retzow (Ganzlin, Wendisch Priborn …);Mecklenburg-Vorpommern;53.4317;12.2300
19399;Diestelow (Wendisch Waren, Neu Poserin …);Mecklenburg-Vorpommern;53.5793;12.0773
19406;Sternberg (Kobrow, Witzin …);Mecklenburg-Vorpommern;53.6891;11.8863
19412;Weitendorf (Zahrensdorf, Wendorf …);Mecklenburg-Vorpommern;53.7330;11.6826
19417;Groß Labenz (Jesendorf, Ventschow …);Mecklenburg-Vorpommern;53.7911;11.6610
20038;Hamburg;Hamburg;53.5544;9.9946
20095;Hamburg;Hamburg;53.5494;10.0059
20097;Hamburg;Hamburg;53.5488;10.0196
20099;Hamburg;Hamburg;53.5533;10.0068
20144;Hamburg;Hamburg;53.5750;9.9754
20146;Hamburg;Hamburg;53.5708;9.9840
20148;Hamburg;Hamburg;53.5711;9.9899
20149;Hamburg;Hamburg;53.5750;9.9883
20249;Hamburg;Hamburg;53.5866;9.9902
20251;Hamburg;Hamburg;53.5915;9.9892
20253;Hamburg;Hamburg;53.5829;9.9690
20255;Hamburg;Hamburg;53.5849;9.9527
20257;Hamburg;Hamburg;53.5697;9.9465
20259;Hamburg;Hamburg;53.5718;9.9516
20354;Hamburg;Hamburg;53.5568;9.9811
20355;Hamburg;Hamburg;53.5525;9.9765
20357;Hamburg;Hamburg;53.5615;9.9588
20359;Hamburg;Hamburg;53.5506;9.9627
20457;Hamburg;Hamburg;53.5402;9.9864
20459;Hamburg;Hamburg;53.5491;9.9822
20535;Hamburg;Hamburg;53.5584;10.0443
20537;Hamburg;Hamburg;53.5508;10.0448
20539;Hamburg;Hamburg;53.5260;10.0200
21029;Hamburg;Hamburg;53.4631;10.2377
21031;Hamburg;Hamburg;53.5001;10.2097
21033;Hamburg;Hamburg;53.5017;10.1756
21035;Hamburg;Hamburg;53.4911;10.1555
21037;Hamburg;Hamburg;53.4654;10.1422
21039;Hamburg (Börnsen, Escheburg);Hamburg;53.4573;10.2572
21073;Hamburg;Hamburg;53.4555;9.9662
21075;Hamburg;Hamburg;53.4606;9.9395
21077;Hamburg;Hamburg;53.4354;9.9739
21079;Hamburg;Hamburg;53.4538;9.9813
21107;Hamburg;Hamburg;53.5157;9.9862
21109;Hamburg;Hamburg;53.5089;10.0181
21129;Hamburg;Hamburg;53.5172;9.8719
21147;Hamburg;Hamburg;53.4772;9.8634
21149;Hamburg;Hamburg;53.4667;9.8670
21217;Seevetal;Niedersachsen;53.4193;10.0211
21218;Seevetal;Niedersachsen;53.4000;9.9667
21220;Seevetal;Niedersachsen;53.3661;10.0480
21224;Rosengarten;Niedersachsen;53.4065;9.9256
21227;Bendestorf;Niedersachsen;53.3358;9.9615
21228;Harmstorf;Niedersachsen;53.3500;9.9833
21244;Buchholz in der Nordheide;Niedersachsen;53.3264;9.8681
21255;Königsmoor (Dohren, Tostedt …);Niedersachsen;53.2759;9.7085
21256;Handeloh;Niedersachsen;53.2456;9.8392
21258;Heidenau;Niedersachsen;53.3167;9.6667
21259;Otter;Niedersachsen;53.2402;9.7425
21261;Welle;Niedersachsen;53.2398;9.8018
21266;Jesteburg;Niedersachsen;53.3097;9.9526
21271;Hanstedt (Asendorf);Niedersachsen;53.2797;9.9979
21272;Egestorf;Niedersachsen;53.1930;10.0630
21274;Undeloh;Niedersachsen;53.1971;9.9757
21279;Drestedt (Wenzendorf, Hollenstedt …);Niedersachsen;53.3593;9.7480
21335;Lüneburg;Niedersachsen;53.2329;10.4078
21337;Lüneburg;Niedersachsen;53.2558;10.4398
21339;Lüneburg;Niedersachsen;53.2604;10.3968
21354;Bleckede;Niedersachsen;53.2897;10.7337
21357;Bardowick (Wittorf, Barum);Niedersachsen;53.3256;10.3905
21358;Mechtersen;Niedersachsen;53.2833;10.3167
21360;Vögelsen;Niedersachsen;53.2745;10.3537
21365;Adendorf;Niedersachsen;53.2819;10.4379
21368;Dahlem (Dahlenburg, Boitze);Niedersachsen;53.1792;10.7455
21369;Nahrendorf;Niedersachsen;53.1739;10.8138
21371;Tosterglope;Niedersachsen;53.2098;10.8193
21376;Garlstorf (Gödenstorf, Eyendorf …);Niedersachsen;53.2223;10.1362
21379;Lüdersburg (Echem, Scharnebeck …);Niedersachsen;53.3084;10.5348
21380;Artlenburg;Niedersachsen;53.3718;10.4879
21382;Brietlingen;Niedersachsen;53.3333;10.4500
21385;Rehlingen (Amelinghausen, Oldendorf (Luhe));Niedersachsen;53.1266;10.2168
21386;Betzendorf;Niedersachsen;53.1375;10.3127
21388;Soderstorf;Niedersachsen;53.1428;10.1481
21391;Reppenstedt (Dachtmissen);Niedersachsen;53.2519;10.3339
21394;Heiligenthal (Westergellersen, Kirchgellersen …);Niedersachsen;53.2260;10.2966
21395;Tespe;Niedersachsen;53.3964;10.4108
21397;Vastorf (Barendorf);Niedersachsen;53.2135;10.5336
21398;Neetze;Niedersachsen;53.2652;10.6213
21400;Reinstorf;Niedersachsen;53.2345;10.5732
21401;Thomasburg;Niedersachsen;53.2333;10.6667
21403;Wendisch Evern;Niedersachsen;53.2167;10.4667
21406;Barnstedt (Melbeck);Niedersachsen;53.1583;10.3834
21407;Deutsch Evern;Niedersachsen;53.2000;10.4333
21409;Embsen;Niedersachsen;53.1761;10.3463
21423;Drage (Winsen (Luhe));Niedersachsen;53.3825;10.2368
21435;Stelle;Niedersachsen;53.3842;10.1114
21436;Marschacht;Niedersachsen;53.4152;10.3752
21438;Brackel;Niedersachsen;53.2997;10.0486
21439;Marxen;Niedersachsen;53.3121;10.0041
21441;Garstedt;Niedersachsen;53.2847;10.1614
21442;Toppenstedt;Niedersachsen;53.2643;10.1145
21444;Vierhöfen;Niedersachsen;53.2667;10.2167
21445;Wulfsen;Niedersachsen;53.3000;10.1500
21447;Handorf;Niedersachsen;53.3408;10.3465
21449;Radbruch;Niedersachsen;53.3167;10.2833
21465;Wentorf bei Hamburg (Reinbek);Schleswig-Holstein;53.5085;10.2494
21481;Buchhorst (Lauenburg/Elbe, Schnakenbek);Schleswig-Holstein;53.3811;10.5388
21483;Gülzow (Juliusburg, Lanze …);Schleswig-Holstein;53.4228;10.5463
21493;Havekost (Sahms, Schwarzenbek …);Schleswig-Holstein;53.5514;10.5105
21502;Geesthacht (Hamwarde, Worth …);Schleswig-Holstein;53.4465;10.4153
21509;Glinde;Schleswig-Holstein;53.5441;10.2005
21514;Roseburg (Klein Pampau, Siebeneichen …);Schleswig-Holstein;53.5124;10.6409
21516;Tramm (Schulendorf, Woltersdorf …);Schleswig-Holstein;53.5257;10.5950
21521;Dassendorf (Wohltorf, Aumühle);Schleswig-Holstein;53.5151;10.3200
21522;Hohnstorf (Elbe) (Hittbergen);Niedersachsen;53.3556;10.5695
21524;Brunstorf;Schleswig-Holstein;53.4933;10.4252
21526;Hohenhorn;Schleswig-Holstein;53.4765;10.3646
21527;Kollow;Schleswig-Holstein;53.4667;10.4667
21529;Kröppelshagen-Fahrendorf;Schleswig-Holstein;53.4898;10.3170
21614;Buxtehude;Niedersachsen;53.4672;9.6864
21629;Neu Wulmstorf;Niedersachsen;53.4227;9.7896
21635;Jork;Niedersachsen;53.5320;9.6808
21640;Neuenkirchen (Horneburg, Bliedersdorf …);Niedersachsen;53.4975;9.5855
21641;Apensen;Niedersachsen;53.4333;9.6167
21643;Beckdorf;Niedersachsen;53.4167;9.6167
21644;Sauensiek;Niedersachsen;53.3833;9.6000
21646;Halvesbostel;Niedersachsen;53.3553;9.5985
21647;Moisburg;Niedersachsen;53.4062;9.6988
21649;Regesbostel;Niedersachsen;53.3833;9.6500
21680;Stade;Niedersachsen;53.5908;9.4848
21682;Stade;Niedersachsen;53.6084;9.4688
21683;Stade;Niedersachsen;53.6000;9.4833
21684;Stade (Agathenburg);Niedersachsen;53.5803;9.5076
21698;Brest (Harsefeld, Bargstedt);Niedersachsen;53.4569;9.4454
21702;Ahlerstedt;Niedersachsen;53.4000;9.4500
21706;Drochtersen;Niedersachsen;53.7101;9.3846
21709;Düdenbüttel (Himmelpforten, Burweg);Niedersachsen;53.6098;9.3072
21710;Engelschoff;Niedersachsen;53.6667;9.3333
21712;Großenwörden;Niedersachsen;53.6833;9.2667
21714;Hammah;Niedersachsen;53.6167;9.3667
21717;Deinste (Fredenbeck);Niedersachsen;53.5263;9.4236
21720;Steinkirchen (Mittelnkirchen, Guderhandviertel …);Niedersachsen;53.5567;9.6140
21723;Hollern-Twielenfleth;Niedersachsen;53.6000;9.5500
21726;Kranenburg (Heinbockel, Oldendorf);Niedersachsen;53.5910;9.2631
21727;Estorf;Niedersachsen;53.5760;9.2027
21729;Freiburg (Elbe);Niedersachsen;53.8333;9.2833
21730;Balje;Niedersachsen;53.8333;9.1333
21732;Krummendeich;Niedersachsen;53.8308;9.2038
21734;Oederquart;Niedersachsen;53.8027;9.2368
21737;Wischhafen;Niedersachsen;53.7833;9.3167
21739;Dollern;Niedersachsen;53.5333;9.5500
21745;Hemmoor;Niedersachsen;53.6870;9.1549
21755;Hechthausen;Niedersachsen;53.6404;9.2394
21756;Osten;Niedersachsen;53.7000;9.2000
21762;Osterbruch (Otterndorf);Niedersachsen;53.7936;8.9210
21763;Neuenkirchen;Niedersachsen;53.7770;8.8936
21765;Nordleda;Niedersachsen;53.7667;8.8333
21769;Hollnseth (Armstorf, Lamstedt);Niedersachsen;53.6055;9.0889
21770;Mittelstenahe;Niedersachsen;53.6500;9.0333
21772;Stinstedt;Niedersachsen;53.6612;8.9723
21775;Steinau (Odisheim, Ihlienworth);Niedersachsen;53.7041;8.9143
21776;Wanna;Niedersachsen;53.7500;8.8000
21781;Cadenberge;Niedersachsen;53.7693;9.0627
21782;Bülkau;Niedersachsen;53.7461;8.9781
21784;Geversdorf;Niedersachsen;53.8000;9.0833
21785;Neuhaus an der Oste (Belum);Niedersachsen;53.8085;9.0168
21787;Oberndorf;Niedersachsen;53.7500;9.1500
21789;Wingst;Niedersachsen;53.7357;9.0805
22041;Hamburg;Hamburg;53.5749;10.0914
22043;Hamburg;Hamburg;53.5731;10.1131
22045;Hamburg;Hamburg;53.5823;10.1241
22047;Hamburg;Hamburg;53.5917;10.0955
22049;Hamburg;Hamburg;53.5809;10.0694
22081;Hamburg;Hamburg;53.5758;10.0364
22083;Hamburg;Hamburg;53.5775;10.0389
22085;Hamburg;Hamburg;53.5762;10.0272
22087;Hamburg;Hamburg;53.5653;10.0337
22089;Hamburg;Hamburg;53.5661;10.0594
22111;Hamburg;Hamburg;53.5407;10.1060
22113;Oststeinbek (Hamburg);Schleswig-Holstein;53.5229;10.1270
22115;Hamburg;Hamburg;53.5260;10.1566
22117;Hamburg;Hamburg;53.5400;10.1261
22119;Hamburg;Hamburg;53.5482;10.1122
22143;Hamburg;Hamburg;53.6079;10.1798
22145;Hamburg (Braak, Stapelfeld);Hamburg;53.6096;10.1852
22147;Hamburg;Hamburg;53.6092;10.1481
22149;Hamburg;Hamburg;53.5945;10.1491
22159;Hamburg;Hamburg;53.6149;10.1133
22175;Hamburg;Hamburg;53.6170;10.0857
22177;Hamburg;Hamburg;53.6112;10.0716
22179;Hamburg;Hamburg;53.6090;10.0860
22297;Hamburg;Hamburg;53.6026;10.0177
22299;Hamburg;Hamburg;53.5955;10.0069
22301;Hamburg;Hamburg;53.5898;10.0076
22303;Hamburg;Hamburg;53.5919;10.0300
22305;Hamburg;Hamburg;53.5900;10.0388
22307;Hamburg;Hamburg;53.5977;10.0465
22309;Hamburg;Hamburg;53.6106;10.0571
22335;Hamburg;Hamburg;53.6195;10.0143
22337;Hamburg;Hamburg;53.6203;10.0296
22339;Hamburg;Hamburg;53.6445;10.0360
22359;Hamburg;Hamburg;53.6449;10.1602
22391;Hamburg;Hamburg;53.6403;10.0773
22393;Hamburg;Hamburg;53.6422;10.0970
22395;Hamburg;Hamburg;53.6697;10.1151
22397;Hamburg;Hamburg;53.6985;10.1072
22399;Hamburg;Hamburg;53.6639;10.0702
22415;Hamburg;Hamburg;53.6477;10.0202
22417;Hamburg;Hamburg;53.6614;10.0305
22419;Hamburg;Hamburg;53.6648;10.0070
22453;Hamburg;Hamburg;53.6161;9.9834
22455;Hamburg;Hamburg;53.6319;9.9489
22457;Hamburg;Hamburg;53.6245;9.9300
22459;Hamburg;Hamburg;53.6264;9.9384
22523;Hamburg;Hamburg;53.6079;9.9097
22525;Hamburg;Hamburg;53.5874;9.9182
22527;Hamburg;Hamburg;53.5930;9.9404
22529;Hamburg;Hamburg;53.5991;9.9647
22547;Hamburg;Hamburg;53.5863;9.8870
22549;Hamburg;Hamburg;53.5799;9.8728
22559;Hamburg;Hamburg;53.5889;9.7607
22587;Hamburg;Hamburg;53.5694;9.8123
22589;Hamburg;Hamburg;53.5755;9.8180
22605;Hamburg;Hamburg;53.5604;9.8903
22607;Hamburg;Hamburg;53.5623;9.8829
22609;Hamburg;Hamburg;53.5629;9.8696
22761;Hamburg;Hamburg;53.5678;9.9104
22763;Hamburg;Hamburg;53.5540;9.9049
22765;Hamburg;Hamburg;53.5549;9.9336
22767;Hamburg;Hamburg;53.5518;9.9415
22769;Hamburg;Hamburg;53.5656;9.9437
22844;Norderstedt;Schleswig-Holstein;53.7246;10.0124
22846;Norderstedt;Schleswig-Holstein;53.7099;9.9946
22848;Norderstedt;Schleswig-Holstein;53.6736;9.9833
22850;Norderstedt;Schleswig-Holstein;53.6855;9.9976
22851;Norderstedt;Schleswig-Holstein;53.6874;10.0366
22869;Schenefeld;Schleswig-Holstein;53.6000;9.8500
22880;Wedel;Schleswig-Holstein;53.5837;9.6984
22885;Barsbüttel;Schleswig-Holstein;53.5667;10.1667
22889;Tangstedt;Schleswig-Holstein;53.7333;10.0833
22926;Ahrensburg;Schleswig-Holstein;53.6752;10.2259
22927;Großhansdorf;Schleswig-Holstein;53.6667;10.2833
22929;Kasseburg (Köthel, Delingsdorf …);Schleswig-Holstein;53.6329;10.3943
22941;Bargteheide (Jersbek);Schleswig-Holstein;53.7309;10.2418
22946;Trittau (Hohenfelde, Großensee …);Schleswig-Holstein;53.6049;10.3844
22949;Ammersbek;Schleswig-Holstein;53.7000;10.2000
22952;Lütjensee;Schleswig-Holstein;53.6500;10.3667
22955;Hoisdorf;Schleswig-Holstein;53.6500;10.3167
22956;Grönwohld;Schleswig-Holstein;53.6416;10.4078
22958;Kuddewörde;Schleswig-Holstein;53.5833;10.4000
22959;Linau;Schleswig-Holstein;53.6445;10.4685
22962;Siek;Schleswig-Holstein;53.6333;10.3000
22964;Steinburg;Schleswig-Holstein;53.7167;10.4000
22965;Todendorf;Schleswig-Holstein;53.6946;10.3478
22967;Tremsbüttel;Schleswig-Holstein;53.7438;10.3102
22969;Witzhave;Schleswig-Holstein;53.5667;10.3333
23539;Lübeck;Schleswig-Holstein;53.8696;10.6871
23552;Lübeck;Schleswig-Holstein;53.8685;10.6854
23554;Lübeck;Schleswig-Holstein;53.8760;10.6748
23556;Lübeck;Schleswig-Holstein;53.8672;10.6478
23558;Lübeck;Schleswig-Holstein;53.8606;10.6611
23560;Lübeck;Schleswig-Holstein;53.8471;10.6845
23562;Lübeck;Schleswig-Holstein;53.8511;10.7028
23564;Lübeck;Schleswig-Holstein;53.8705;10.6986
23566;Lübeck;Schleswig-Holstein;53.8658;10.7316
23568;Lübeck;Schleswig-Holstein;53.8922;10.7583
23569;Lübeck;Schleswig-Holstein;53.9167;10.8073
23570;Lübeck;Schleswig-Holstein;53.8667;10.7000
23611;Bad Schwartau;Schleswig-Holstein;53.9189;10.6969
23617;Stockelsdorf;Schleswig-Holstein;53.8922;10.6471
23619;Mönkhagen (Zarpen, Heilshoop …);Schleswig-Holstein;53.8722;10.5361
23623;Ahrensbök;Schleswig-Holstein;54.0086;10.5743
23626;Ratekau;Schleswig-Holstein;53.9500;10.7333
23627;Groß Grönau (Groß Sarau);Schleswig-Holstein;53.7833;10.7416
23628;Klempau (Krummesse);Schleswig-Holstein;53.7750;10.6584
23629;Sarkwitz;Schleswig-Holstein;54.0028;10.7101
23669;Timmendorfer Strand;Schleswig-Holstein;53.9953;10.7768
23683;Scharbeutz;Schleswig-Holstein;54.0345;10.7322
23684;Scharbeutz;Schleswig-Holstein;54.0333;10.7500
23689;Pansdorf, Holstein;Schleswig-Holstein;53.9861;10.7080
23701;Eutin (Süsel);Schleswig-Holstein;54.1014;10.6743
23714;Malente (Kirchnüchel);Schleswig-Holstein;54.1861;10.6215
23715;Bosau;Schleswig-Holstein;54.0979;10.4357
23717;Kasseedorf;Schleswig-Holstein;54.1667;10.7167
23719;Glasau;Schleswig-Holstein;54.0500;10.5167
23730;Sierksdorf (Altenkrempe, Schashagen …);Schleswig-Holstein;54.1101;10.8245
23738;Manhagen (Beschendorf, Lensahn …);Schleswig-Holstein;54.2189;10.8984
23743;Grömitz;Schleswig-Holstein;54.1500;10.9667
23744;Schönwalde am Bungsberg;Schleswig-Holstein;54.1833;10.7500
23746;Kellenhusen;Schleswig-Holstein;54.1934;11.0616
23747;Dahme;Schleswig-Holstein;54.2167;11.0833
23749;Grube;Schleswig-Holstein;54.2333;11.0333
23758;Gremersdorf (Göhl, Oldenburg in Holstein …);Schleswig-Holstein;54.2948;10.8879
23769;Fehmarn;Schleswig-Holstein;54.4378;11.1935
23774;Heiligenhafen;Schleswig-Holstein;54.3696;10.9802
23775;Großenbrode;Schleswig-Holstein;54.3833;11.0833
23777;Heringsdorf;Schleswig-Holstein;54.3010;11.0066
23779;Neukirchen;Schleswig-Holstein;54.3238;11.0144
23795;Schwissel (Fahrenkrug, Stipsdorf …);Schleswig-Holstein;53.9372;10.3077
23812;Wahlstedt;Schleswig-Holstein;53.9516;10.2063
23813;Nehms (Blunk);Schleswig-Holstein;54.0130;10.3403
23815;Strukdorf (Geschendorf, Westerrade);Schleswig-Holstein;53.9238;10.4584
23816;Groß Niendorf (Bebensee, Neversdorf …);Schleswig-Holstein;53.8658;10.2691
23818;Neuengörs;Schleswig-Holstein;53.9000;10.3833
23820;Pronstorf;Schleswig-Holstein;53.9500;10.4667
23821;Rohlstorf;Schleswig-Holstein;53.9667;10.3889
23823;Seedorf;Schleswig-Holstein;54.0500;10.4167
23824;Damsdorf (Tensfeld);Schleswig-Holstein;54.0545;10.3177
23826;Bark (Todesfelde, Fredesdorf);Schleswig-Holstein;53.8958;10.1866
23827;Wensin (Krems II, Travenhorst);Schleswig-Holstein;53.9944;10.4056
23829;Kükels (Wittenborn);Schleswig-Holstein;53.9110;10.2270
23843;Rümpel (Travenbrück, Neritz …);Schleswig-Holstein;53.8071;10.3352
23845;Bühnsdorf (Bahrenhof, Seth …);Schleswig-Holstein;53.8506;10.2811
23847;Bliestorf (Groß Boden, Kastorf …);Schleswig-Holstein;53.7540;10.4910
23858;Barnitz (Reinfeld (Holstein), Feldhorst …);Schleswig-Holstein;53.8315;10.4958
23860;Groß Schenkenberg (Klein Wesenberg);Schleswig-Holstein;53.8083;10.5584
23863;Bargfeld-Stegen (Kayhude, Nienwohld);Schleswig-Holstein;53.7703;10.1714
23866;Nahe;Schleswig-Holstein;53.8000;10.1333
23867;Sülfeld;Schleswig-Holstein;53.8000;10.2333
23869;Elmenhorst;Schleswig-Holstein;53.7667;10.2667
23879;Mölln;Schleswig-Holstein;53.6170;10.6874
23881;Borstorf (Niendorf an der Stecknitz, Alt Mölln …);Schleswig-Holstein;53.6212;10.6111
23883;Seedorf (Klein Zecher, Grambek …);Schleswig-Holstein;53.6036;10.7875
23896;Ritzerau (Nusse, Walksfelde …);Schleswig-Holstein;53.6546;10.5868
23898;Duvensee (Kühsen, Wentorf …);Schleswig-Holstein;53.6898;10.5327
23899;Gudow (Besenthal);Schleswig-Holstein;53.5444;10.7518
23909;Fredeburg (Albsfelde, Mechow …);Schleswig-Holstein;53.6976;10.7485
23911;Harmsdorf (Groß Disnack, Pogeez …);Schleswig-Holstein;53.7019;10.7727
23919;Behlendorf (Göldenitz, Rondeshagen …);Schleswig-Holstein;53.7205;10.6418
23923;Lüdersdorf (Schönberg, Lockwisch …);Mecklenburg-Vorpommern;53.8304;10.9160
23936;Mallentin (Roggenstorf, Papenhusen …);Mecklenburg-Vorpommern;53.8438;11.1544
23942;Dassow (Pötenitz, Kalkhorst …);Mecklenburg-Vorpommern;53.9469;10.9799
23944;Ostseebad Boltenhagen;Mecklenburg-Vorpommern;53.9878;11.2019
23946;Boltenhagen;Mecklenburg-Vorpommern;53.9833;11.2167
23948;Damshagen (Moor-Rolofshagen, Elmenhorst …);Mecklenburg-Vorpommern;53.9396;11.1683
23952;Wismar, Mecklenburg;Mecklenburg-Vorpommern;53.8884;11.4622
23966;Wismar;Mecklenburg-Vorpommern;53.8920;11.4636
23968;Gramkow (Wismar, Gägelow …);Mecklenburg-Vorpommern;53.9030;11.3700
23970;Wismar (Benz);Mecklenburg-Vorpommern;53.8927;11.5171
23972;Metelsdorf (Groß Stieten, Schimm …);Mecklenburg-Vorpommern;53.8388;11.4890
23974;Boiensdorf (Blowatz, Krusenhagen …);Mecklenburg-Vorpommern;53.9613;11.5498
23992;Passee (Glasin, Neukloster …);Mecklenburg-Vorpommern;53.8962;11.7020
23996;Beidendorf (Bobitz, Hohen Viecheln …);Mecklenburg-Vorpommern;53.8007;11.4131
23999;Insel Poel;Mecklenburg-Vorpommern;54.0000;11.4333
24103;Kiel;Schleswig-Holstein;54.3205;10.1327
24105;Kiel;Schleswig-Holstein;54.3347;10.1348
24106;Kiel;Schleswig-Holstein;54.3506;10.1205
24107;Kiel (Quarnbek, Ottendorf);Schleswig-Holstein;54.3358;10.0553
24109;Melsdorf (Kiel);Schleswig-Holstein;54.3186;10.0421
24111;Kiel;Schleswig-Holstein;54.3333;10.1333
24113;Kiel (Molfsee);Schleswig-Holstein;54.2839;10.0914
24114;Kiel;Schleswig-Holstein;54.3157;10.1302
24116;Kiel;Schleswig-Holstein;54.3253;10.1212
24118;Kiel;Schleswig-Holstein;54.3334;10.1176
24119;Kronshagen;Schleswig-Holstein;54.3333;10.0833
24143;Kiel;Schleswig-Holstein;54.3061;10.1448
24145;Kiel;Schleswig-Holstein;54.3333;10.1333
24146;Kiel;Schleswig-Holstein;54.3333;10.1333
24147;Kiel (Klausdorf);Schleswig-Holstein;54.3212;10.1735
24148;Kiel;Schleswig-Holstein;54.3187;10.1703
24149;Kiel;Schleswig-Holstein;54.3333;10.1333
24159;Kiel;Schleswig-Holstein;54.3973;10.1505
24161;Altenholz;Schleswig-Holstein;54.4000;10.1333
24211;Postfeld (Pohnsdorf, Lehmkuhlen …);Schleswig-Holstein;54.2274;10.2715
24214;Tüttendorf (Lindau, Neudorf-Bornstein …);Schleswig-Holstein;54.4024;9.9714
24217;Schönberg (Holstein) (Bendfeld, Stakendorf …);Schleswig-Holstein;54.3878;10.3715
24220;Techelsdorf (Böhnhusen, Schönhorst …);Schleswig-Holstein;54.2286;10.0845
24222;Schwentinental;Schleswig-Holstein;54.2944;10.2167
24223;Raisdorf;Schleswig-Holstein;54.2813;10.2491
24226;Heikendorf;Schleswig-Holstein;54.3667;10.2000
24229;Strande (Dänischenhagen, Schwedeneck);Schleswig-Holstein;54.4426;10.1253
24232;Dobersdorf (Schönkirchen);Schleswig-Holstein;54.3261;10.2567
24235;Laboe (Brodersdorf, Wendtorf …);Schleswig-Holstein;54.4024;10.2612
24238;Mucheln (Selent, Martensrade …);Schleswig-Holstein;54.2764;10.4276
24239;Achterwehr;Schleswig-Holstein;54.3132;9.9661
24241;Reesdorf (Sören, Blumenthal …);Schleswig-Holstein;54.2139;10.0167
24242;Felde;Schleswig-Holstein;54.3000;9.9333
24244;Felm;Schleswig-Holstein;54.4167;10.0500
24245;Kirchbarkau (Großbarkau, Barmissen …);Schleswig-Holstein;54.2194;10.1569
24247;Rodenbek (Mielkendorf);Schleswig-Holstein;54.2833;10.0334
24248;Mönkeberg;Schleswig-Holstein;54.3500;10.1833
24250;Warnau (Nettelsee, Löptin …);Schleswig-Holstein;54.1857;10.1773
24251;Osdorf;Schleswig-Holstein;54.4333;10.0167
24253;Prasdorf (Probsteierhagen, Fahren …);Schleswig-Holstein;54.3654;10.3094
24254;Rumohr;Schleswig-Holstein;54.2556;10.0245
24256;Schlesen (Fargau-Pratjau, Stoltenberg);Schleswig-Holstein;54.3349;10.3670
24257;Köhn (Schwartbuck, Hohenfelde);Schleswig-Holstein;54.3581;10.4762
24259;Westensee;Schleswig-Holstein;54.2745;9.8958
24306;Lebrade (Wittmoldt, Plön …);Schleswig-Holstein;54.1758;10.4247
24321;Helmstorf (Tröndel, Lütjenburg …);Schleswig-Holstein;54.3162;10.5747
24326;Nehmten (Dörnick, Ascheberg …);Schleswig-Holstein;54.1236;10.3452
24327;Kletkamp (Blekendorf, Högsdorf);Schleswig-Holstein;54.2607;10.6361
24329;Dannau (Grebin, Rantzau);Schleswig-Holstein;54.2302;10.5197
24340;Gammelby (Goosefeld, Eckernförde …);Schleswig-Holstein;54.4604;9.8277
24351;Damp (Thumby);Schleswig-Holstein;54.5829;9.9263
24354;Rieseby (Kosel);Schleswig-Holstein;54.5236;9.7867
24357;Fleckeby (Güby, Hummelfeld);Schleswig-Holstein;54.4778;9.6945
24358;Hütten (Bistensee, Ascheffel);Schleswig-Holstein;54.4222;9.7057
24360;Barkelsby;Schleswig-Holstein;54.5000;9.8333
24361;Klein Wittensee (Damendorf, Groß Wittensee …);Schleswig-Holstein;54.3967;9.7500
24363;Holtsee;Schleswig-Holstein;54.4000;9.8500
24364;Holzdorf;Schleswig-Holstein;54.5500;9.8833
24366;Loose;Schleswig-Holstein;54.5167;9.8833
24367;Osterby;Schleswig-Holstein;54.4500;9.7500
24369;Waabs;Schleswig-Holstein;54.5333;9.9833
24376;Hasselberg (Arnis, Kappeln …);Schleswig-Holstein;54.6689;9.9396
24392;Brebel (Nottfeld, Kiesby …);Schleswig-Holstein;54.6394;9.7968
24395;Rabenholz (Kronsgaard, Nieby …);Schleswig-Holstein;54.7429;9.9071
24398;Winnemark (Karby, Brodersby …);Schleswig-Holstein;54.6226;9.9600
24399;Arnis;Schleswig-Holstein;54.6304;9.9316
24401;Böel;Schleswig-Holstein;54.6500;9.7167
24402;Esgrus;Schleswig-Holstein;54.7167;9.7833
24404;Maasholm;Schleswig-Holstein;54.6833;9.9833
24405;Rügge (Mohrkirch);Schleswig-Holstein;54.6750;9.7417
24407;Oersberg (Rabenkirchen-Faulück);Schleswig-Holstein;54.6500;9.8500
24409;Stoltebüll;Schleswig-Holstein;54.7000;9.8833
24534;Neumünster;Schleswig-Holstein;54.0725;9.9828
24536;Neumünster (Tasdorf);Schleswig-Holstein;54.1039;10.0140
24537;Neumünster;Schleswig-Holstein;54.0893;9.9779
24539;Neumünster;Schleswig-Holstein;54.0614;9.9982
24558;Henstedt-Ulzburg (Wakendorf II);Schleswig-Holstein;53.7942;10.0289
24568;Kattendorf (Kaltenkirchen, Nützen …);Schleswig-Holstein;53.8430;9.9811
24576;Bimöhlen (Mönkloh, Bad Bramstedt …);Schleswig-Holstein;53.9187;9.8557
24582;Groß Buchwald (Schönbek, Mühbrook …);Schleswig-Holstein;54.1740;10.0412
24589;Borgdorf-Seedorf (Nortorf, Eisendorf …);Schleswig-Holstein;54.1797;9.8767
24594;Mörel (Wapelfeld, Grauel …);Schleswig-Holstein;54.0963;9.6816
24598;Heidmühlen (Boostedt, Latendorf);Schleswig-Holstein;53.9945;10.0611
24601;Belau (Stolpe, Ruhwinkel …);Schleswig-Holstein;54.1109;10.2244
24610;Trappenkamp (Gönnebek);Schleswig-Holstein;54.0444;10.2059
24613;Wiedenborstel (Aukrug);Schleswig-Holstein;54.0635;9.7721
24616;Brokstedt (Willenscharen, Borstel …);Schleswig-Holstein;53.9905;9.8249
24619;Tarbek (Rendswühren, Bornhöved);Schleswig-Holstein;54.0667;10.2278
24620;Bönebüttel;Schleswig-Holstein;54.0833;10.0667
24622;Gnutz;Schleswig-Holstein;54.1333;9.8167
24623;Großenaspe;Schleswig-Holstein;53.9833;9.9667
24625;Negenharrie (Großharrie);Schleswig-Holstein;54.1298;10.0622
24626;Groß Kummerfeld;Schleswig-Holstein;54.0500;10.0833
24628;Hartenholm;Schleswig-Holstein;53.8986;10.0595
24629;Kisdorf;Schleswig-Holstein;53.8167;10.0167
24631;Langwedel;Schleswig-Holstein;54.2103;9.9276
24632;Lentföhrden (Heidmoor);Schleswig-Holstein;53.8500;9.8666
24634;Padenstedt (Arpsdorf);Schleswig-Holstein;54.0416;9.8917
24635;Daldorf (Rickling);Schleswig-Holstein;54.0167;10.2083
24637;Schillsdorf;Schleswig-Holstein;54.1167;10.1333
24638;Schmalensee;Schleswig-Holstein;54.0830;10.2705
24640;Schmalfeld (Hasenmoor);Schleswig-Holstein;53.8916;9.9750
24641;Hüttblek (Stuvenborn, Sievershütten);Schleswig-Holstein;53.8419;10.1041
24643;Struvenhütten;Schleswig-Holstein;53.8667;10.0500
24644;Timmaspe (Loop, Krogaspe);Schleswig-Holstein;54.1410;9.9259
24646;Warder;Schleswig-Holstein;54.2167;9.8833
24647;Ehndorf (Wasbek);Schleswig-Holstein;54.0622;9.8987
24649;Wiemersdorf (Fuhlendorf);Schleswig-Holstein;53.9509;9.8949
24768;Rendsburg;Schleswig-Holstein;54.3066;9.6631
24782;Rickert (Büdelsdorf);Schleswig-Holstein;54.3259;9.6698
24783;Osterrönfeld;Schleswig-Holstein;54.2901;9.6990
24784;Westerrönfeld;Schleswig-Holstein;54.2833;9.6500
24787;Fockbek;Schleswig-Holstein;54.3000;9.6000
24790;Schacht-Audorf (Ostenfeld, Rade bei Rendsburg …);Schleswig-Holstein;54.3124;9.7594
24791;Alt Duvenstedt;Schleswig-Holstein;54.3667;9.6500
24793;Bargstedt (Oldenhütten, Brammer);Schleswig-Holstein;54.1722;9.7556
24794;Borgstedt (Neu Duvenstedt, Bünsdorf);Schleswig-Holstein;54.3554;9.7087
24796;Bovenau (Bredenbek, Krummwisch);Schleswig-Holstein;54.3297;9.8687
24797;Hörsten (Breiholz);Schleswig-Holstein;54.2194;9.5535
24799;Christiansholm (Friedrichsgraben, Friedrichsholm …);Schleswig-Holstein;54.3137;9.4255
24800;Elsdorf-Westermühlen;Schleswig-Holstein;54.2667;9.5167
24802;Groß Vollstedt (Bokel, Emkendorf);Schleswig-Holstein;54.2380;9.8373
24803;Erfde (Tielen);Schleswig-Holstein;54.2916;9.3250
24805;Hamdorf (Prinzenmoor);Schleswig-Holstein;54.2210;9.4843
24806;Hohn (Sophienhamm, Bargstall …);Schleswig-Holstein;54.2958;9.4917
24808;Jevenstedt;Schleswig-Holstein;54.2333;9.6667
24809;Nübbel;Schleswig-Holstein;54.2667;9.6167
24811;Ahlefeld (Brekendorf, Owschlag);Schleswig-Holstein;54.4061;9.6349
24813;Schülp bei Rendsburg;Schleswig-Holstein;54.2667;9.6333
24814;Sehestedt;Schleswig-Holstein;54.3667;9.8167
24816;Luhnstedt (Brinjahe, Hamweddel …);Schleswig-Holstein;54.1709;9.6542
24817;Tetenhusen;Schleswig-Holstein;54.3500;9.5000
24819;Haale (Embühren, Todenbüttel …);Schleswig-Holstein;54.1541;9.5750
24837;Schleswig;Schleswig-Holstein;54.5216;9.5586
24848;Alt Bennebek (Kropp, Klein Rheide …);Schleswig-Holstein;54.4125;9.4708
24850;Lürschau (Schuby, Hüsby);Schleswig-Holstein;54.5222;9.4889
24852;Langstedt (Eggebek, Sollerup …);Schleswig-Holstein;54.6042;9.3375
24855;Jübek (Bollingstedt);Schleswig-Holstein;54.5747;9.4076
24857;Borgwedel (Fahrdorf);Schleswig-Holstein;54.5000;9.6334
24860;Uelsby (Böklund, Klappholz);Schleswig-Holstein;54.6167;9.5778
24861;Bergenhusen;Schleswig-Holstein;54.3833;9.3167
24863;Börm;Schleswig-Holstein;54.4000;9.3833
24864;Brodersby (Goltoft);Schleswig-Holstein;54.5416;9.7167
24866;Busdorf;Schleswig-Holstein;54.4911;9.5500
24867;Dannewerk;Schleswig-Holstein;54.4833;9.5000
24869;Dörpstedt;Schleswig-Holstein;54.4333;9.3667
24870;Ellingstedt;Schleswig-Holstein;54.4749;9.4114
24872;Groß Rheide;Schleswig-Holstein;54.4415;9.4351
24873;Havetoft;Schleswig-Holstein;54.6500;9.5167
24875;Havetoftloit;Schleswig-Holstein;54.6616;9.5592
24876;Hollingstedt;Schleswig-Holstein;54.4593;9.3370
24878;Lottorf (Jagel);Schleswig-Holstein;54.4532;9.5522
24879;Idstedt (Neuberend);Schleswig-Holstein;54.5666;9.5250
24881;Nübel;Schleswig-Holstein;54.5667;9.5833
24882;Schaalby;Schleswig-Holstein;54.5500;9.6333
24884;Geltorf (Selk);Schleswig-Holstein;54.4667;9.5917
24885;Sieverstedt;Schleswig-Holstein;54.6415;9.4695
24887;Silberstedt;Schleswig-Holstein;54.5167;9.3833
24888;Loit (Steinfeld);Schleswig-Holstein;54.6084;9.7250
24890;Stolk (Süderfahrenstedt);Schleswig-Holstein;54.5917;9.5666
24891;Schnarup-Thumby (Struxdorf);Schleswig-Holstein;54.6405;9.6443
24893;Taarstedt;Schleswig-Holstein;54.5667;9.6833
24894;Tolk (Twedt);Schleswig-Holstein;54.5900;9.6608
24896;Treia;Schleswig-Holstein;54.5000;9.3167
24897;Ulsnis;Schleswig-Holstein;54.5667;9.7500
24899;Wohlde;Schleswig-Holstein;54.4061;9.2989
24937;Flensburg;Schleswig-Holstein;54.7862;9.4306
24939;Flensburg;Schleswig-Holstein;54.7983;9.4206
24941;Flensburg (Jarplund-Weding);Schleswig-Holstein;54.7511;9.4145
24943;Tastrup (Flensburg);Schleswig-Holstein;54.7791;9.4753
24944;Flensburg;Schleswig-Holstein;54.8092;9.4698
24955;Harrislee;Schleswig-Holstein;54.8000;9.3833
24960;Glücksburg (Munkbrarup);Schleswig-Holstein;54.8176;9.5576
24963;Jerrishoe (Tarp);Schleswig-Holstein;54.6617;9.3846
24966;Sörup;Schleswig-Holstein;54.7167;9.6667
24969;Lindewitt (Großenwiehe);Schleswig-Holstein;54.7000;9.2250
24972;Steinbergkirche (Quern, Steinberg);Schleswig-Holstein;54.7571;9.7536
24975;Husby (Hürup, Maasbüll …);Schleswig-Holstein;54.7567;9.5519
24976;Handewitt;Schleswig-Holstein;54.7645;9.3153
24977;Westerholz (Ringsberg, Langballig …);Schleswig-Holstein;54.7986;9.6378
24980;Nordhackstedt (Hörup, Wallsbüll …);Schleswig-Holstein;54.7538;9.1824
24983;Handewitt;Schleswig-Holstein;54.7645;9.3153
24986;Satrup (Rüde);Schleswig-Holstein;54.7584;9.5887
24988;Oeversee (Sankelmark);Schleswig-Holstein;54.7090;9.4284
24989;Dollerup;Schleswig-Holstein;54.7780;9.6798
24991;Freienwill (Großsolt);Schleswig-Holstein;54.7138;9.5054
24992;Jörl (Janneby);Schleswig-Holstein;54.6166;9.3000
24994;Holt (Weesby, Osterby …);Schleswig-Holstein;54.8243;9.1788
24996;Sterup (Ahneby);Schleswig-Holstein;54.7216;9.7345
24997;Wanderup;Schleswig-Holstein;54.6833;9.3333
24999;Wees;Schleswig-Holstein;54.8062;9.5170
25335;Bokholt-Hanredder (Neuendorf bei Elmshorn, Altenmoor …);Schleswig-Holstein;53.7586;9.6213
25336;Elmshorn (Klein Nordende);Schleswig-Holstein;53.7356;9.6567
25337;Seeth-Ekholt (Elmshorn, Kölln-Reisiek);Schleswig-Holstein;53.7494;9.7042
25348;Glückstadt (Engelbrechtsche Wildnis, Blomesche Wildnis);Schleswig-Holstein;53.7907;9.4419
25355;Bevern (Groß Offenseth-Aspern, Lutzhorn …);Schleswig-Holstein;53.7900;9.7651
25358;Horst (Holstein) (Sommerland, Hohenfelde);Schleswig-Holstein;53.8212;9.5923
25361;Krempe (Grevenkop, Süderau …);Schleswig-Holstein;53.8282;9.5054
25364;Bokel (Westerhorn, Brande-Hörnerkirchen …);Schleswig-Holstein;53.8601;9.7074
25365;Klein Offenseth-Sparrieshoop;Schleswig-Holstein;53.7975;9.6865
25368;Kiebitzreihe;Schleswig-Holstein;53.7833;9.6167
25370;Seester;Schleswig-Holstein;53.7178;9.5980
25371;Seestermühe;Schleswig-Holstein;53.7000;9.5667
25373;Ellerhoop;Schleswig-Holstein;53.7260;9.7693
25376;Krempdorf (Borsfleth);Schleswig-Holstein;53.8333;9.4500
25377;Kollmar;Schleswig-Holstein;53.7294;9.4788
25379;Herzhorn;Schleswig-Holstein;53.7833;9.4833
25404;Pinneberg;Schleswig-Holstein;53.6590;9.8010
25421;Pinneberg;Schleswig-Holstein;53.6591;9.8009
25429;Uetersen;Schleswig-Holstein;53.6934;9.6542
25436;Tornesch (Groß Nordende, Heidgraben …);Schleswig-Holstein;53.6907;9.6668
25437;Tornesch;Schleswig-Holstein;53.7039;9.7310
25451;Quickborn;Schleswig-Holstein;53.7283;9.9093
25462;Rellingen;Schleswig-Holstein;53.6413;9.8647
25469;Halstenbek;Schleswig-Holstein;53.6333;9.8500
25474;Bönningstedt (Hasloh, Ellerbek);Schleswig-Holstein;53.6732;9.9011
25479;Ellerau;Schleswig-Holstein;53.7500;9.9167
25482;Appen;Schleswig-Holstein;53.6581;9.7458
25485;Bilsen (Hemdingen, Langeln);Schleswig-Holstein;53.7754;9.8597
25486;Alveslohe;Schleswig-Holstein;53.7833;9.9167
25488;Holm;Schleswig-Holstein;53.6167;9.6667
25489;Haselau (Haseldorf);Schleswig-Holstein;53.6498;9.6058
25491;Hetlingen;Schleswig-Holstein;53.6071;9.6372
25492;Heist;Schleswig-Holstein;53.6500;9.6500
25494;Borstel-Hohenraden;Schleswig-Holstein;53.6833;9.8167
25495;Kummerfeld;Schleswig-Holstein;53.6926;9.7910
25497;Prisdorf;Schleswig-Holstein;53.6833;9.7500
25499;Tangstedt;Schleswig-Holstein;53.6771;9.8488
25524;Itzehoe (Oelixdorf, Bekmünde …);Schleswig-Holstein;53.9188;9.5189
25541;Brunsbüttel;Schleswig-Holstein;53.8950;9.1048
25548;Kellinghusen (Oeschebüttel, Rosdorf …);Schleswig-Holstein;53.9597;9.7078
25551;Winseldorf (Silzen, Lockstedt …);Schleswig-Holstein;53.9817;9.6213
25554;Kleve (Stördorf, Landrecht …);Schleswig-Holstein;53.9424;9.3754
25557;Oldenbüttel (Bendorf, Beldorf …);Schleswig-Holstein;54.1231;9.4190
25560;Bokhorst (Kaisborstel, Siezbüttel …);Schleswig-Holstein;54.0522;9.4660
25563;Hingstheide (Quarnstedt, Wulfsmoor …);Schleswig-Holstein;53.9257;9.7630
25566;Lägerdorf (Rethwisch);Schleswig-Holstein;53.8751;9.5845
25569;Krempermoor (Kremperheide, Bahrenfleth …);Schleswig-Holstein;53.8840;9.4571
25572;Kudensee (Aebtissinwisch, Sankt Margarethen …);Schleswig-Holstein;53.9270;9.2510
25573;Beidenfleth;Schleswig-Holstein;53.8794;9.4131
25575;Beringstedt;Schleswig-Holstein;54.1167;9.5333
25576;Brokdorf;Schleswig-Holstein;53.8638;9.3231
25578;Dägeling (Neuenbrook);Schleswig-Holstein;53.8720;9.5327
25579;Rade (Fitzbek);Schleswig-Holstein;54.0005;9.7541
25581;Poyenberg (Hennstedt);Schleswig-Holstein;54.0333;9.7083
25582;Kaaks (Drage, Looft …);Schleswig-Holstein;54.0029;9.5100
25584;Besdorf (Holstenniendorf);Schleswig-Holstein;54.0459;9.3541
25585;Lütjenwestedt (Tackesdorf);Schleswig-Holstein;54.1583;9.4833
25587;Münsterdorf;Schleswig-Holstein;53.9023;9.5412
25588;Huje (Oldendorf, Mehlbek);Schleswig-Holstein;53.9784;9.4425
25590;Osterstedt;Schleswig-Holstein;54.1082;9.5744
25591;Ottenbüttel;Schleswig-Holstein;53.9711;9.5042
25593;Christinenthal (Reher);Schleswig-Holstein;54.0583;9.5583
25594;Nutteln (Vaalermoor, Vaale);Schleswig-Holstein;53.9910;9.3697
25596;Bokelrehm (Gribbohm, Nienbüttel …);Schleswig-Holstein;54.0292;9.3810
25597;Moordiek (Kronsmoor, Breitenberg …);Schleswig-Holstein;53.9122;9.6245
25599;Wewelsfleth;Schleswig-Holstein;53.8500;9.4000
25693;Trennewurth (Gudendorf, Volsemenhusen …);Schleswig-Holstein;53.9935;9.0853
25704;Nordermeldorf (Epenwöhrden, Nindorf …);Schleswig-Holstein;54.0930;9.0792
25709;Marne (Diekhusen-Fahrstedt, Helse …);Schleswig-Holstein;53.9545;8.9869
25712;Großenrade (Hochdonn, Kuden …);Schleswig-Holstein;54.0043;9.2306
25715;Dingen (Averlak, Eddelak …);Schleswig-Holstein;53.9516;9.1335
25718;Friedrichskoog;Schleswig-Holstein;54.0167;8.9167
25719;Busenwurth (Barlt);Schleswig-Holstein;54.0290;9.0438
25721;Eggstedt;Schleswig-Holstein;54.0500;9.2667
25724;Neufelderkoog (Neufeld, Schmedeswurth);Schleswig-Holstein;53.9056;9.0111
25725;Bornholt (Schafstedt);Schleswig-Holstein;54.0917;9.3166
25727;Frestedt (Krumstedt, Süderhastedt);Schleswig-Holstein;54.0498;9.1914
25729;Windbergen;Schleswig-Holstein;54.0500;9.1167
25746;Wesseln (Norderwöhrden, Ostrohe …);Schleswig-Holstein;54.2020;9.0776
25761;Westerdeichstrich (Büsum, Büsumer Deichhausen …);Schleswig-Holstein;54.1520;8.8731
25764;Norddeich (Wesselburener-Deichhausen, Süderdeich …);Schleswig-Holstein;54.2046;8.9153
25767;Bunsoh (Tensbüttel-Röst, Arkebek …);Schleswig-Holstein;54.1550;9.3035
25770;Lieth (Hemmingstedt);Schleswig-Holstein;54.1530;9.0638
25774;Lehe (Groven, Karolinenkoog …);Schleswig-Holstein;54.3093;9.0082
25776;Rehm-Flehde-Bargen (Schlichting, Sankt Annen);Schleswig-Holstein;54.3135;9.0616
25779;Hennstedt (Wiemerstedt, Fedderingen …);Schleswig-Holstein;54.2742;9.1581
25782;Schalkholz (Welmbüttel, Tellingstedt …);Schleswig-Holstein;54.2184;9.2759
25785;Sarzbüttel (Nordhastedt, Odderade);Schleswig-Holstein;54.1408;9.1869
25786;Dellstedt;Schleswig-Holstein;54.2333;9.3667
25788;Hollingstedt (Wallen, Delve);Schleswig-Holstein;54.2912;9.2473
25791;Linden (Barkenholm);Schleswig-Holstein;54.2416;9.1833
25792;Neuenkirchen (Strübbel);Schleswig-Holstein;54.2516;8.9791
25794;Dörpling (Tielenhemme, Pahlen);Schleswig-Holstein;54.2642;9.3239
25795;Weddingstedt (Stelle-Wittenwurth);Schleswig-Holstein;54.2505;9.0705
25797;Wöhrden;Schleswig-Holstein;54.1667;9.0000
25799;Wrohm;Schleswig-Holstein;54.2131;9.3821
25813;Simonsberg (Südermarsch, Husum …);Schleswig-Holstein;54.4577;9.0619
25821;Reußenköge (Sönnebüll, Struckum …);Schleswig-Holstein;54.6054;8.9858
25826;Sankt Peter-Ording;Schleswig-Holstein;54.3036;8.6414
25832;Kotzenbüll (Tönning);Schleswig-Holstein;54.3261;8.9234
25836;Garding (Katharinenheerd, Osterhever …);Schleswig-Holstein;54.3278;8.7845
25840;Friedrichstadt (Koldenbüttel);Schleswig-Holstein;54.3795;9.0767
25842;Langenhorn (Lütjenholm, Bargum …);Schleswig-Holstein;54.6792;8.9292
25845;Nordstrand (Elisabeth-Sophien-Koog);Schleswig-Holstein;54.5067;8.8851
25849;Pellworm;Schleswig-Holstein;54.5161;8.6451
25850;Behrendorf (Bondelum);Schleswig-Holstein;54.5667;9.2417
25852;Bordelum;Schleswig-Holstein;54.6333;8.9333
25853;Drelsdorf (Bohmstedt, Ahrenshöft);Schleswig-Holstein;54.5944;9.0556
25855;Haselund;Schleswig-Holstein;54.6000;9.1833
25856;Wobbenbüll (Hattstedtermarsch, Hattstedt);Schleswig-Holstein;54.5389;9.0111
25858;Högel;Schleswig-Holstein;54.6500;9.0667
25859;Hooge;Schleswig-Holstein;54.5700;8.5481
25860;Horstedt (Olderup, Arlewatt);Schleswig-Holstein;54.5305;9.0888
25862;Goldebek (Joldelund, Goldelund …);Schleswig-Holstein;54.6583;9.1291
25863;Langeneß;Schleswig-Holstein;54.6333;8.6333
25864;Löwenstedt;Schleswig-Holstein;54.6216;9.1726
25866;Mildstedt;Schleswig-Holstein;54.4667;9.1000
25868;Norderstapel;Schleswig-Holstein;54.3600;9.2408
25869;Gröde;Schleswig-Holstein;54.6333;8.7167
25870;Oldenswort (Norderfriedrichskoog);Schleswig-Holstein;54.3881;8.9184
25872;Wittbek (Ostenfeld);Schleswig-Holstein;54.4654;9.2172
25873;Rantrum (Oldersbek);Schleswig-Holstein;54.4437;9.1490
25875;Schobüll;Schleswig-Holstein;54.5092;9.0062
25876;Ramstedt (Süderhöft, Schwabstedt …);Schleswig-Holstein;54.3957;9.2000
25878;Seeth (Drage);Schleswig-Holstein;54.3612;9.1623
25879;Süderstapel;Schleswig-Holstein;54.3500;9.2167
25881;Tümlauer Koog (Westerhever, Augustenkoog …);Schleswig-Holstein;54.3600;8.7006
25882;Tetenbüll;Schleswig-Holstein;54.3521;8.8279
25884;Norstedt (Sollwitt, Viöl);Schleswig-Holstein;54.5883;9.1640
25885;Ahrenviölfeld (Wester-Ohrstedt, Oster-Ohrstedt …);Schleswig-Holstein;54.4894;9.2245
25887;Winnert;Schleswig-Holstein;54.4333;9.2000
25889;Uelvesbüll (Witzwort);Schleswig-Holstein;54.4077;8.9536
25899;Dagebüll (Klixbüll, Bosbüll …);Schleswig-Holstein;54.7772;8.8083
25917;Sprakebüll (Stadum, Enge-Sande …);Schleswig-Holstein;54.7706;9.0075
25920;Risum-Lindholm (Stedesand);Schleswig-Holstein;54.7483;8.8983
25923;Holm (Uphusum, Ellhöft …);Schleswig-Holstein;54.8537;8.8955
25924;Emmelsbüll-Horsbüll (Friedrich-Wilhelm-Lübke-Koog, Rodenäs …);Schleswig-Holstein;54.8576;8.6776
25926;Karlum (Bramstedtlund, Westre …);Schleswig-Holstein;54.8435;9.0095
25927;Aventoft (Neukirchen);Schleswig-Holstein;54.8714;8.7512
25938;Wrixum (Nieblum, Utersum …);Schleswig-Holstein;54.7101;8.4783
25946;Nebel (Wittdün, Norddorf);Schleswig-Holstein;54.6525;8.3587
25980;Sylt-Ost (Westerland, Rantum);Schleswig-Holstein;54.8716;8.3360
25992;List;Schleswig-Holstein;55.0192;8.4313
25996;Wenningstedt;Schleswig-Holstein;54.9358;8.3300
25997;Hörnum;Schleswig-Holstein;54.7573;8.2883
25999;Kampen;Schleswig-Holstein;54.9541;8.3417
26121;Oldenburg;Niedersachsen;53.1599;8.2050
26122;Oldenburg;Niedersachsen;53.1407;8.2171
26123;Oldenburg;Niedersachsen;53.1567;8.2333
26125;Oldenburg;Niedersachsen;53.1698;8.2250
26127;Oldenburg;Niedersachsen;53.1684;8.2106
26129;Oldenburg;Niedersachsen;53.1547;8.1706
26131;Oldenburg;Niedersachsen;53.1310;8.1828
26133;Oldenburg;Niedersachsen;53.1156;8.2159
26135;Oldenburg;Niedersachsen;53.1267;8.2384
26160;Bad Zwischenahn;Niedersachsen;53.1717;8.0414
26169;Friesoythe;Niedersachsen;53.0226;7.8576
26180;Rastede;Niedersachsen;53.2500;8.2000
26188;Edewecht;Niedersachsen;53.1228;8.1138
26197;Großenkneten;Niedersachsen;52.9438;8.2532
26203;Wardenburg;Niedersachsen;53.0667;8.2000
26209;Hatten;Niedersachsen;53.0167;8.3500
26215;Wiefelstede;Niedersachsen;53.2500;8.1167
26219;Bösel;Niedersachsen;53.0000;7.9500
26316;Varel;Niedersachsen;53.3839;8.1190
26340;Zetel;Niedersachsen;53.4002;7.9628
26345;Bockhorn;Niedersachsen;53.3853;8.0171
26349;Jade;Niedersachsen;53.3844;8.2410
26382;Wilhelmshaven;Niedersachsen;53.5234;8.1075
26384;Wilhelmshaven;Niedersachsen;53.5395;8.1441
26386;Wilhelmshaven;Niedersachsen;53.5568;8.1266
26388;Wilhelmshaven;Niedersachsen;53.5770;8.1021
26389;Wilhelmshaven;Niedersachsen;53.5241;8.0867
26409;Wittmund;Niedersachsen;53.5887;7.7599
26419;Schortens;Niedersachsen;53.5392;7.9603
26427;Moorweg (Neuharlingersiel, Esens …);Niedersachsen;53.6370;7.6440
26434;Wangerland;Niedersachsen;53.6504;7.9454
26441;Jever;Niedersachsen;53.5718;7.8938
26446;Friedeburg;Niedersachsen;53.4636;7.8477
26452;Sande;Niedersachsen;53.4959;8.0159
26465;Langeoog;Niedersachsen;53.7500;7.4833
26474;Spiekeroog;Niedersachsen;53.7701;7.6948
26486;Wangerooge;Niedersachsen;53.7900;7.8994
26487;Blomberg (Neuschoo);Niedersachsen;53.5743;7.5330
26489;Ochtersum;Niedersachsen;53.6069;7.5162
26506;Norden;Niedersachsen;53.5827;7.1922
26524;Halbemond (Berumbur, Lütetsburg …);Niedersachsen;53.6040;7.2885
26529;Wirdum (Upgant-Schott, Leezdorf …);Niedersachsen;53.5239;7.2749
26532;Großheide;Niedersachsen;53.5931;7.3634
26548;Norderney;Niedersachsen;53.7083;7.1582
26553;Dornum;Niedersachsen;53.6548;7.4301
26556;Utarp (Westerholt, Schweindorf …);Niedersachsen;53.5920;7.4534
26571;Juist;Niedersachsen;53.6779;6.9958
26579;Baltrum;Niedersachsen;53.7284;7.3714
26603;Aurich;Niedersachsen;53.4719;7.4775
26605;Aurich;Niedersachsen;53.4730;7.5303
26607;Aurich;Niedersachsen;53.4839;7.5151
26624;Südbrookmerland;Niedersachsen;53.4755;7.3516
26629;Großefehn;Niedersachsen;53.3974;7.5929
26632;Ihlow;Niedersachsen;53.4102;7.4029
26639;Wiesmoor;Niedersachsen;53.4136;7.7199
26655;Westerstede;Niedersachsen;53.2568;7.9274
26670;Uplengen;Niedersachsen;53.3055;7.7512
26676;Barßel;Niedersachsen;53.1698;7.7501
26683;Saterland;Niedersachsen;53.1033;7.6825
26689;Apen;Niedersachsen;53.2262;7.7489
26721;Emden;Niedersachsen;53.3701;7.2031
26723;Emden;Niedersachsen;53.3667;7.2167
26725;Emden;Niedersachsen;53.3528;7.2184
26736;Krummhörn;Niedersachsen;53.4397;7.0912
26757;Borkum;Niedersachsen;53.5809;6.6915
26759;Hinte;Niedersachsen;53.4215;7.1956
26789;Leer (Ostfriesland);Niedersachsen;53.2348;7.4752
26802;Moormerland;Niedersachsen;53.3114;7.4230
26810;Westoverledingen;Niedersachsen;53.1692;7.4614
26817;Rhauderfehn;Niedersachsen;53.1362;7.5747
26826;Weener;Niedersachsen;53.1633;7.3505
26831;Wymeer (Bunde, Boen …);Niedersachsen;53.1865;7.2685
26835;Brinkum (Firrel, Schwerinsdorf …);Niedersachsen;53.3050;7.6065
26842;Ostrhauderfehn;Niedersachsen;53.1333;7.6167
26844;Jemgum;Niedersachsen;53.2667;7.3833
26845;Nortmoor;Niedersachsen;53.2461;7.5718
26847;Detern;Niedersachsen;53.2093;7.6740
26849;Filsum;Niedersachsen;53.2421;7.6279
26871;Papenburg;Niedersachsen;53.0774;7.4044
26892;Kluse (Dörpen, Lehe …);Niedersachsen;52.9633;7.3405
26897;Bockhorst (Hilkenbrook, Breddenberg …);Niedersachsen;52.9909;7.6301
26899;Rhede;Niedersachsen;53.0602;7.2713
26901;Rastdorf (Lorup);Niedersachsen;52.9192;7.6761
26903;Surwold;Niedersachsen;52.9780;7.5153
26904;Börger;Niedersachsen;52.9121;7.5358
26906;Dersum;Niedersachsen;52.9611;7.2739
26907;Walchum;Niedersachsen;52.9272;7.2832
26909;Neubörger (Neulehe);Niedersachsen;52.9813;7.4314
26919;Brake;Niedersachsen;53.3252;8.4650
26931;Elsfleth;Niedersachsen;53.2375;8.4566
26935;Stadland;Niedersachsen;53.3833;8.3833
26936;Stadland;Niedersachsen;53.3833;8.3833
26937;Stadland;Niedersachsen;53.3833;8.3833
26939;Ovelgönne;Niedersachsen;53.3419;8.4218
26954;Nordenham;Niedersachsen;53.4861;8.4809
26969;Butjadingen;Niedersachsen;53.5472;8.3350
27211;Bassum;Niedersachsen;52.8506;8.7279
27232;Sulingen;Niedersachsen;52.6837;8.8095
27239;Twistringen;Niedersachsen;52.7993;8.6416
27243;Beckeln (Colnrade, Harpstedt …);Niedersachsen;52.9088;8.5873
27245;Barenburg (Kirchdorf, Bahrenborstel);Niedersachsen;52.5949;8.8145
27246;Borstel;Niedersachsen;52.6646;9.0201
27248;Ehrenburg;Niedersachsen;52.7500;8.7000
27249;Maasen (Mellinghausen);Niedersachsen;52.6996;8.8908
27251;Neuenkirchen (Scholen);Niedersachsen;52.7548;8.7585
27252;Schwaförden;Niedersachsen;52.7377;8.8303
27254;Siedenburg (Staffhorst);Niedersachsen;52.7048;8.9532
27257;Sudwalde (Affinghausen);Niedersachsen;52.7883;8.8597
27259;Varrel (Freistatt, Wehrbleck);Niedersachsen;52.6245;8.6918
27283;Verden (Aller);Niedersachsen;52.9208;9.2480
27299;Langwedel;Niedersachsen;52.9786;9.1854
27305;Bruchhausen-Vilsen (Engeln, Süstedt);Niedersachsen;52.8282;8.9437
27308;Kirchlinteln;Niedersachsen;52.9424;9.3181
27313;Dörverden;Niedersachsen;52.8500;9.2333
27318;Hoya (Hoyerhagen, Hilgermissen);Niedersachsen;52.8304;9.1301
27321;Thedinghausen (Morsum, Emtinghausen);Niedersachsen;52.9512;9.0210
27324;Hämelhausen (Gandesbergen, Hassel (Weser) …);Niedersachsen;52.7807;9.2318
27327;Martfeld (Schwarme);Niedersachsen;52.8879;9.0388
27330;Asendorf;Niedersachsen;52.7722;9.0049
27333;Warpe (Schweringen, Bücken);Niedersachsen;52.7540;9.1390
27336;Häuslingen (Rethem (Aller), Frankenfeld);Niedersachsen;52.7872;9.4018
27337;Blender;Niedersachsen;52.9167;9.1333
27339;Riede;Niedersachsen;52.9667;8.9500
27356;Rotenburg (Wümme);Niedersachsen;53.1199;9.4238
27367;Ahausen (Horstedt, Bötersen …);Niedersachsen;53.1165;9.2596
27374;Visselhövede;Niedersachsen;52.9855;9.5826
27383;Scheeßel;Niedersachsen;53.1667;9.4833
27386;Brockel (Bothel, Hemslingen …);Niedersachsen;53.0650;9.4760
27389;Lauenbrück (Vahlde, Stemmen …);Niedersachsen;53.1995;9.5826
27404;Elsdorf (Zeven, Heeslingen …);Niedersachsen;53.2928;9.2559
27412;Hepstedt (Kirchtimke, Tarmstedt …);Niedersachsen;53.2323;9.1147
27419;Wohnste (Tiste, Hamersen …);Niedersachsen;53.2973;9.5021
27432;Ebersdorf (Hipstedt, Oerel …);Niedersachsen;53.4952;9.0459
27442;Gnarrenburg;Niedersachsen;53.3833;9.0000
27446;Farven (Anderlingen, Sandbostel …);Niedersachsen;53.4014;9.2392
27449;Kutenholz;Niedersachsen;53.4815;9.3212
27472;Cuxhaven;Niedersachsen;53.8584;8.7090
27474;Cuxhaven;Niedersachsen;53.8555;8.6773
27476;Cuxhaven;Niedersachsen;53.8610;8.6483
27478;Cuxhaven;Niedersachsen;53.8187;8.6640
27498;Helgoland;Schleswig-Holstein;54.1814;7.8863
27499;Hamburg Neuwerk;Hamburg;53.9167;8.5000
27568;Bremerhaven;Bremen;53.5687;8.5741
27570;Bremerhaven;Bremen;53.5286;8.5907
27572;Bremerhaven;Bremen;53.5002;8.6047
27574;Bremerhaven;Bremen;53.5299;8.6098
27576;Bremerhaven;Bremen;53.5545;8.5933
27578;Bremerhaven;Bremen;53.5887;8.5977
27580;Bremerhaven;Bremen;53.5685;8.5968
27607;Langen;Niedersachsen;53.6055;8.5951
27612;Loxstedt;Niedersachsen;53.4667;8.6500
27616;Appeln (Frelsdorf, Bokel …);Niedersachsen;53.4366;8.8080
27619;Schiffdorf;Niedersachsen;53.5333;8.6500
27624;Lintig (Kührstedt, Köhlen …);Niedersachsen;53.5973;8.8196
27628;Bramstedt (Wulsbüttel, Driftsethe …);Niedersachsen;53.3490;8.6195
27637;Nordholz;Niedersachsen;53.7833;8.6000
27638;Wremen;Niedersachsen;53.6500;8.5167
27639;Mulsum (Midlum, Cappel …);Niedersachsen;53.6972;8.5590
27711;Osterholz-Scharmbeck;Niedersachsen;53.2270;8.7953
27721;Ritterhude;Niedersachsen;53.1829;8.7355
27726;Worpswede;Niedersachsen;53.2167;8.9333
27729;Vollersode (Lübberstedt, Hambergen …);Niedersachsen;53.3393;8.8300
27749;Delmenhorst;Niedersachsen;53.0509;8.6291
27751;Delmenhorst;Niedersachsen;53.0480;8.6606
27753;Delmenhorst;Niedersachsen;53.0628;8.6236
27755;Delmenhorst;Niedersachsen;53.0275;8.6385
27777;Ganderkesee;Niedersachsen;53.0333;8.5333
27793;Wildeshausen;Niedersachsen;52.8945;8.4338
27798;Hude (Oldenburg);Niedersachsen;53.1167;8.4667
27801;Dötlingen;Niedersachsen;52.9333;8.3833
27804;Berne;Niedersachsen;53.1814;8.4822
27809;Lemwerder;Niedersachsen;53.1667;8.6167
28195;Bremen;Bremen;53.0889;8.7906
28197;Bremen;Bremen;53.0854;8.7463
28199;Bremen;Bremen;53.0618;8.7900
28201;Bremen;Bremen;53.0577;8.8036
28203;Bremen;Bremen;53.0711;8.8317
28205;Bremen;Bremen;53.0709;8.8460
28207;Bremen;Bremen;53.0687;8.8697
28209;Bremen;Bremen;53.0841;8.8271
28211;Bremen;Bremen;53.0859;8.8549
28213;Bremen;Bremen;53.1094;8.7814
28215;Bremen;Bremen;53.0926;8.8073
28217;Bremen;Bremen;53.0938;8.7830
28219;Bremen;Bremen;53.1036;8.7875
28237;Bremen;Bremen;53.1165;8.7595
28239;Bremen;Bremen;53.1240;8.7464
28259;Bremen;Bremen;53.0543;8.7457
28277;Bremen;Bremen;53.1094;8.7814
28279;Bremen;Bremen;53.0483;8.8383
28307;Bremen;Bremen;53.0441;8.9558
28309;Bremen;Bremen;53.0515;8.8896
28325;Bremen;Bremen;53.1094;8.7814
28327;Bremen;Bremen;53.0810;8.8925
28329;Bremen;Bremen;53.0815;8.8721
28335;Bremen;Bremen;53.0540;8.7460
28355;Bremen;Bremen;53.1001;8.9029
28357;Bremen;Bremen;53.1178;8.8947
28359;Bremen;Bremen;53.1003;8.8752
28717;Bremen;Bremen;53.1735;8.7045
28719;Bremen;Bremen;53.1728;8.7135
28755;Bremen;Bremen;53.1094;8.7814
28757;Bremen;Bremen;53.1094;8.7814
28759;Bremen;Bremen;53.1094;8.7814
28777;Bremen;Bremen;53.1094;8.7814
28779;Bremen;Bremen;53.1094;8.7814
28790;Schwanewede;Niedersachsen;53.2321;8.5407
28816;Stuhr;Niedersachsen;53.0333;8.7500
28832;Achim;Niedersachsen;53.0142;9.0263
28844;Weyhe;Niedersachsen;52.9890;8.8314
28857;Syke;Niedersachsen;52.9135;8.8221
28865;Lilienthal;Niedersachsen;53.1419;8.9034
28870;Ottersberg;Niedersachsen;53.1292;9.1068
28876;Oyten;Niedersachsen;53.0500;9.0167
28879;Grasberg;Niedersachsen;53.1833;8.9833
29221;Celle;Niedersachsen;52.6175;10.0850
29223;Celle;Niedersachsen;52.6333;10.0842
29225;Celle;Niedersachsen;52.6122;10.0402
29227;Celle;Niedersachsen;52.6110;10.0993
29229;Celle;Niedersachsen;52.6167;10.0833
29303;Bergen;Niedersachsen;52.8084;9.9637
29308;Winsen (Aller);Niedersachsen;52.6837;9.9095
29313;Hambühren;Niedersachsen;52.6333;9.9833
29320;Hermannsburg;Niedersachsen;52.8325;10.0896
29323;Wietze;Niedersachsen;52.6500;9.8333
29328;Faßberg;Niedersachsen;52.9000;10.1667
29331;Lachendorf;Niedersachsen;52.6167;10.2500
29336;Nienhagen;Niedersachsen;52.5570;10.1021
29339;Wathlingen;Niedersachsen;52.5369;10.1507
29342;Wienhausen;Niedersachsen;52.5802;10.1886
29345;Unterlüß;Niedersachsen;52.8347;10.2969
29348;Scharnhorst (Eschede);Niedersachsen;52.7258;10.2594
29351;Eldingen;Niedersachsen;52.6833;10.3333
29352;Adelheidsdorf;Niedersachsen;52.5640;10.0604
29353;Ahnsbeck;Niedersachsen;52.6107;10.2853
29355;Beedenbostel;Niedersachsen;52.6429;10.2591
29356;Bröckel;Niedersachsen;52.5163;10.2151
29358;Eicklingen;Niedersachsen;52.5504;10.1844
29359;Habighorst;Niedersachsen;52.7086;10.2274
29361;Höfer;Niedersachsen;52.6833;10.2500
29362;Hohne;Niedersachsen;52.5872;10.3760
29364;Langlingen;Niedersachsen;52.5559;10.2829
29365;Sprakensehl;Niedersachsen;52.7667;10.4918
29367;Steinhorst;Niedersachsen;52.6833;10.4000
29369;Ummern;Niedersachsen;52.5911;10.4319
29378;Wittingen;Niedersachsen;52.7281;10.7391
29379;Wittingen;Niedersachsen;52.7333;10.7167
29386;Hankensbüttel (Obernholz, Dedelstorf);Niedersachsen;52.7332;10.5657
29389;Bad Bodenteich;Niedersachsen;52.8333;10.6833
29392;Wesendorf;Niedersachsen;52.6000;10.5333
29393;Groß Oesingen;Niedersachsen;52.6476;10.4637
29394;Lüder;Niedersachsen;52.8088;10.6661
29396;Schönewörde;Niedersachsen;52.6333;10.6333
29399;Wahrenholz;Niedersachsen;52.6167;10.6000
29410;Chüden (Salzwedel);Sachsen-Anhalt;52.8522;11.1929
29413;Henningen (Tylsen, Lagendorf …);Sachsen-Anhalt;52.7989;10.9433
29416;Kuhfelde (Bierstedt, Pretzier …);Sachsen-Anhalt;52.7982;11.2383
29439;Lüchow;Niedersachsen;52.9681;11.1540
29451;Schaafhausen (Dannenberg (Elbe));Niedersachsen;53.0917;11.1009
29456;Hitzacker;Niedersachsen;53.1498;11.0017
29459;Clenze;Niedersachsen;52.9514;10.9417
29462;Wustrow;Niedersachsen;52.9237;11.1285
29465;Schnega;Niedersachsen;52.8844;10.8717
29468;Bergen (Dumme);Niedersachsen;52.8897;10.9397
29471;Gartow;Niedersachsen;53.0186;11.4452
29472;Damnatz;Niedersachsen;53.1413;11.1692
29473;Göhrde;Niedersachsen;53.1272;10.9306
29475;Gorleben;Niedersachsen;53.0479;11.3669
29476;Gusborn;Niedersachsen;53.0745;11.2012
29478;Höhbeck;Niedersachsen;53.0588;11.4351
29479;Jameln;Niedersachsen;53.0427;11.0504
29481;Karwitz;Niedersachsen;53.0843;10.9986
29482;Küsten;Niedersachsen;53.0100;11.0352
29484;Langendorf;Niedersachsen;53.1009;11.2558
29485;Lemgow;Niedersachsen;52.9167;11.3333
29487;Luckau;Niedersachsen;52.9275;11.0486
29488;Lübbow;Niedersachsen;52.9116;11.1810
29490;Neu Darchau;Niedersachsen;53.2290;10.8853
29491;Prezelle;Niedersachsen;52.9667;11.4000
29493;Schnackenburg;Niedersachsen;53.0373;11.5645
29494;Trebel;Niedersachsen;53.0000;11.3167
29496;Waddeweitz;Niedersachsen;52.9970;10.9655
29497;Woltersdorf;Niedersachsen;52.9500;11.2167
29499;Zernien;Niedersachsen;53.0685;10.8832
29525;Uelzen;Niedersachsen;52.9657;10.5611
29549;Bad Bevensen;Niedersachsen;53.0792;10.5813
29553;Bienenbüttel;Niedersachsen;53.1416;10.4868
29556;Suderburg;Niedersachsen;52.8959;10.4514
29559;Wrestedt;Niedersachsen;52.9043;10.5749
29562;Suhlendorf;Niedersachsen;52.9333;10.7667
29565;Wriedel;Niedersachsen;53.0313;10.2985
29568;Wieren;Niedersachsen;52.8853;10.6587
29571;Rosche;Niedersachsen;52.9866;10.7518
29574;Ebstorf;Niedersachsen;53.0278;10.4184
29575;Altenmedingen;Niedersachsen;53.1305;10.6016
29576;Barum;Niedersachsen;53.0500;10.5167
29578;Eimke;Niedersachsen;52.9660;10.3132
29579;Emmendorf;Niedersachsen;53.0202;10.5646
29581;Gerdau;Niedersachsen;52.9667;10.4167
29582;Hanstedt I;Niedersachsen;53.0500;10.3667
29584;Himbergen;Niedersachsen;53.0942;10.7291
29585;Jelmstorf;Niedersachsen;53.1013;10.5224
29587;Natendorf;Niedersachsen;53.0798;10.4703
29588;Oetzen;Niedersachsen;53.0192;10.6757
29590;Rätzlingen;Niedersachsen;52.9758;10.6754
29591;Römstedt;Niedersachsen;53.1000;10.6500
29593;Schwienau;Niedersachsen;53.0056;10.4454
29594;Soltendieck;Niedersachsen;52.8737;10.7616
29596;Stadensen;Niedersachsen;52.8757;10.5562
29597;Stoetze;Niedersachsen;53.0667;10.7833
29599;Weste;Niedersachsen;53.0594;10.7028
29614;Soltau;Niedersachsen;52.9864;9.8434
29633;Munster;Niedersachsen;52.9857;10.0876
29640;Schneverdingen;Niedersachsen;53.1168;9.7952
29643;Neuenkirchen;Niedersachsen;53.0326;9.7064
29646;Bispingen;Niedersachsen;53.0831;9.9977
29649;Wietzendorf;Niedersachsen;52.9167;9.9833
29664;Walsrode;Niedersachsen;52.8615;9.5926
29683;Fallingbostel;Niedersachsen;52.8497;9.6880
29690;Gilten (Schwarmstedt, Essel …);Niedersachsen;52.6801;9.6282
29693;Ahlden (Aller) (Hademstorf, Böhme …);Niedersachsen;52.7516;9.5700
29699;Bomlitz;Niedersachsen;52.9000;9.6500
30159;Hannover;Niedersachsen;52.3736;9.7371
30161;Hannover;Niedersachsen;52.3874;9.7465
30163;Hannover;Niedersachsen;52.3943;9.7475
30165;Hannover;Niedersachsen;52.4008;9.7217
30167;Hannover;Niedersachsen;52.3914;9.7083
30169;Hannover;Niedersachsen;52.3633;9.7480
30171;Hannover;Niedersachsen;52.3697;9.7521
30173;Hannover;Niedersachsen;52.3586;9.7558
30175;Hannover;Niedersachsen;52.3667;9.7167
30177;Hannover;Niedersachsen;52.3973;9.7707
30179;Hannover;Niedersachsen;52.4137;9.7544
30419;Hannover;Niedersachsen;52.4140;9.6603
30449;Hannover;Niedersachsen;52.3685;9.7082
30451;Hannover;Niedersachsen;52.3751;9.7094
30453;Hannover;Niedersachsen;52.3665;9.6815
30455;Hannover;Niedersachsen;52.3574;9.6710
30457;Hannover;Niedersachsen;52.3288;9.7001
30459;Hannover;Niedersachsen;52.3425;9.7153
30519;Hannover;Niedersachsen;52.3398;9.7743
30521;Hannover;Niedersachsen;52.3667;9.7167
30539;Hannover;Niedersachsen;52.3390;9.8288
30559;Hannover;Niedersachsen;52.3613;9.8344
30625;Hannover;Niedersachsen;52.3795;9.8075
30627;Hannover;Niedersachsen;52.3667;9.7167
30629;Hannover;Niedersachsen;52.3895;9.8502
30655;Hannover;Niedersachsen;52.4026;9.7939
30657;Hannover;Niedersachsen;52.4265;9.7921
30659;Hannover;Niedersachsen;52.4097;9.8080
30669;Hannover;Niedersachsen;52.3667;9.7167
30823;Garbsen;Niedersachsen;52.4182;9.6021
30826;Garbsen;Niedersachsen;52.4759;9.5359
30827;Garbsen;Niedersachsen;52.4353;9.6110
30851;Langenhagen;Niedersachsen;52.4378;9.7432
30853;Langenhagen;Niedersachsen;52.4506;9.7492
30855;Langenhagen;Niedersachsen;52.4402;9.6655
30880;Laatzen;Niedersachsen;52.3151;9.7974
30890;Barsinghausen;Niedersachsen;52.3000;9.4500
30900;Wedemark;Niedersachsen;52.5410;9.7429
30916;Isernhagen;Niedersachsen;52.4333;9.8500
30926;Seelze;Niedersachsen;52.3964;9.5973
30938;Burgwedel;Niedersachsen;52.5027;9.8600
30952;Ronnenberg;Niedersachsen;52.3194;9.6554
30966;Hemmingen;Niedersachsen;52.3143;9.7236
30974;Wennigsen;Niedersachsen;52.2740;9.5729
30982;Pattensen;Niedersachsen;52.2645;9.7644
30989;Gehrden;Niedersachsen;52.3136;9.6003
31008;Elze;Niedersachsen;52.1226;9.7359
31020;Salzhemmendorf;Niedersachsen;52.0887;9.6312
31028;Gronau (Leine);Niedersachsen;52.0833;9.7833
31029;Banteln;Niedersachsen;52.0667;9.7500
31032;Betheln;Niedersachsen;52.1143;9.7940
31033;Brüggen;Niedersachsen;52.0425;9.7745
31036;Eime;Niedersachsen;52.0745;9.7212
31039;Rheden;Niedersachsen;52.0578;9.7871
31061;Alfeld (Leine);Niedersachsen;51.9881;9.8170
31073;Delligsen;Niedersachsen;51.9412;9.8027
31079;Eberholzen (Adenstedt, Sibbesse …);Niedersachsen;52.0362;9.9127
31084;Freden (Leine);Niedersachsen;51.9333;9.9000
31085;Everode;Niedersachsen;51.9500;9.9167
31088;Winzenburg;Niedersachsen;51.9333;9.9333
31089;Duingen;Niedersachsen;52.0045;9.6958
31091;Coppengrave;Niedersachsen;51.9833;9.7333
31093;Hoyershausen;Niedersachsen;52.0189;9.7535
31094;Marienhagen;Niedersachsen;52.0372;9.6869
31096;Weenzen;Niedersachsen;52.0333;9.6667
31097;Harbarnsen;Niedersachsen;51.9833;9.9667
31099;Woltershausen;Niedersachsen;51.9833;9.9500
31134;Hildesheim;Niedersachsen;52.1531;9.9555
31135;Hildesheim;Niedersachsen;52.1647;9.9768
31137;Hildesheim;Niedersachsen;52.1603;9.9331
31139;Hildesheim;Niedersachsen;52.1410;9.9407
31141;Hildesheim;Niedersachsen;52.1353;9.9713
31157;Sarstedt;Niedersachsen;52.2350;9.8541
31162;Bad Salzdetfurth;Niedersachsen;52.0578;10.0058
31167;Bockenem;Niedersachsen;52.0099;10.1320
31171;Nordstemmen;Niedersachsen;52.1620;9.7835
31174;Schellerten;Niedersachsen;52.1853;10.1023
31177;Harsum;Niedersachsen;52.2104;9.9649
31180;Giesen;Niedersachsen;52.1972;9.8989
31185;Söhlde;Niedersachsen;52.1890;10.2324
31188;Holle;Niedersachsen;52.0872;10.1601
31191;Algermissen;Niedersachsen;52.2533;9.9691
31195;Neuhof (Lamspringe);Niedersachsen;51.9720;10.0305
31196;Sehlem;Niedersachsen;52.0124;9.9759
31199;Diekholzen;Niedersachsen;52.0962;9.9195
31224;Peine;Niedersachsen;52.3233;10.2307
31226;Peine;Niedersachsen;52.3143;10.2336
31228;Peine;Niedersachsen;52.3395;10.2492
31234;Edemissen;Niedersachsen;52.3870;10.2614
31241;Ilsede;Niedersachsen;52.2634;10.1992
31246;Lahstedt;Niedersachsen;52.2500;10.2167
31249;Hohenhameln;Niedersachsen;52.2575;10.0642
31275;Lehrte;Niedersachsen;52.3719;9.9792
31303;Burgdorf;Niedersachsen;52.4463;10.0064
31311;Uetze;Niedersachsen;52.4713;10.1581
31319;Sehnde;Niedersachsen;52.3139;9.9682
31515;Wunstorf;Niedersachsen;52.4238;9.4359
31535;Neustadt am Rübenberge;Niedersachsen;52.5046;9.4587
31542;Bad Nenndorf;Niedersachsen;52.3403;9.3710
31547;Rehburg-Loccum;Niedersachsen;52.4539;9.2065
31552;Apelern (Rodenberg);Niedersachsen;52.3043;9.3276
31553;Sachsenhagen (Auhagen);Niedersachsen;52.3965;9.2673
31555;Suthfeld;Niedersachsen;52.3576;9.3894
31556;Wölpinghausen;Niedersachsen;52.4190;9.2512
31558;Hagenburg;Niedersachsen;52.4338;9.3276
31559;Hohnhorst (Haste);Niedersachsen;52.3695;9.3653
31582;Nienburg (Weser);Niedersachsen;52.6521;9.2382
31592;Stolzenau;Niedersachsen;52.5114;9.0384
31595;Steyerberg;Niedersachsen;52.5823;8.9997
31600;Uchte;Niedersachsen;52.4998;8.9093
31603;Diepenau;Niedersachsen;52.4187;8.7176
31604;Raddestorf;Niedersachsen;52.4500;8.9667
31606;Warmsen;Niedersachsen;52.4570;8.8495
31608;Marklohe;Niedersachsen;52.6686;9.1422
31609;Balge;Niedersachsen;52.7167;9.1667
31613;Wietzen;Niedersachsen;52.7167;9.0833
31618;Liebenau;Niedersachsen;52.6036;9.0972
31619;Binnen;Niedersachsen;52.6167;9.1333
31621;Pennigsehl;Niedersachsen;52.6418;9.0263
31622;Heemsen;Niedersachsen;52.7206;9.2856
31623;Drakenburg;Niedersachsen;52.6869;9.2108
31626;Haßbergen;Niedersachsen;52.7333;9.2333
31627;Rohrsen;Niedersachsen;52.7099;9.2323
31628;Landesbergen;Niedersachsen;52.5476;9.1452
31629;Estorf;Niedersachsen;52.5914;9.1454
31632;Husum;Niedersachsen;52.5667;9.2500
31633;Leese;Niedersachsen;52.5000;9.1167
31634;Steimbke;Niedersachsen;52.6607;9.4015
31636;Linsburg;Niedersachsen;52.5935;9.3026
31637;Rodewald;Niedersachsen;52.6658;9.4821
31638;Stöckse;Niedersachsen;52.6407;9.3403
31655;Stadthagen;Niedersachsen;52.3147;9.2173
31675;Bückeburg;Niedersachsen;52.2826;9.0507
31683;Obernkirchen;Niedersachsen;52.2656;9.1221
31688;Nienstädt;Niedersachsen;52.2903;9.1673
31691;Helpsen (Seggebruch);Niedersachsen;52.3037;9.1087
31693;Hespe;Niedersachsen;52.3261;9.1096
31698;Lindhorst;Niedersachsen;52.3580;9.2864
31699;Beckedorf;Niedersachsen;52.3500;9.3167
31700;Heuerßen;Niedersachsen;52.3324;9.2821
31702;Lüdersfeld;Niedersachsen;52.3531;9.2518
31707;Bad Eilsen (Heeßen);Niedersachsen;52.2371;9.0973
31708;Ahnsen;Niedersachsen;52.2547;9.1009
31710;Buchholz;Niedersachsen;52.2265;9.1278
31711;Luhden;Niedersachsen;52.2266;9.0874
31712;Niedernwöhren;Niedersachsen;52.3521;9.1479
31714;Lauenhagen;Niedersachsen;52.3605;9.2142
31715;Meerbeck;Niedersachsen;52.3399;9.1380
31717;Nordsehl;Niedersachsen;52.3500;9.1833
31718;Pollhagen;Niedersachsen;52.3853;9.1881
31719;Wiedensahl;Niedersachsen;52.3838;9.1202
31737;Rinteln;Niedersachsen;52.1726;9.1191
31749;Auetal;Niedersachsen;52.2402;9.2343
31785;Hameln;Niedersachsen;52.1037;9.3676
31787;Hameln;Niedersachsen;52.1150;9.3388
31789;Hameln;Niedersachsen;52.0988;9.3950
31812;Bad Pyrmont;Niedersachsen;51.9859;9.2525
31832;Springe;Niedersachsen;52.2084;9.5542
31840;Hessisch Oldendorf;Niedersachsen;52.1727;9.2491
31848;Bad Münder am Deister;Niedersachsen;52.1955;9.4642
31855;Aerzen;Niedersachsen;52.0495;9.2586
31860;Emmerthal;Niedersachsen;52.0449;9.4001
31863;Coppenbrügge;Niedersachsen;52.1185;9.5487
31867;Messenkamp (Pohle, Lauenau …);Niedersachsen;52.2609;9.3723
31868;Ottenstein;Niedersachsen;51.9471;9.4070
32049;Herford;Nordrhein-Westfalen;52.1337;8.6963
32051;Herford;Nordrhein-Westfalen;52.1270;8.6427
32052;Herford;Nordrhein-Westfalen;52.1005;8.6723
32105;Bad Salzuflen;Nordrhein-Westfalen;52.0808;8.7505
32107;Bad Salzuflen;Nordrhein-Westfalen;52.0613;8.7341
32108;Bad Salzuflen;Nordrhein-Westfalen;52.0692;8.7598
32120;Hiddenhausen;Nordrhein-Westfalen;52.1667;8.6167
32130;Enger;Nordrhein-Westfalen;52.1406;8.5577
32139;Spenge;Nordrhein-Westfalen;52.1402;8.4847
32257;Bünde;Nordrhein-Westfalen;52.1984;8.5864
32278;Kirchlengern;Nordrhein-Westfalen;52.2000;8.6333
32289;Rödinghausen;Nordrhein-Westfalen;52.2500;8.4833
32312;Lübbecke;Nordrhein-Westfalen;52.3070;8.6142
32339;Espelkamp;Nordrhein-Westfalen;52.3825;8.6213
32351;Stemwede;Nordrhein-Westfalen;52.4167;8.4500
32361;Preußisch Oldendorf;Nordrhein-Westfalen;52.3412;8.5253
32369;Rahden;Nordrhein-Westfalen;52.4337;8.6126
32423;Minden;Nordrhein-Westfalen;52.2873;8.9243
32425;Minden;Nordrhein-Westfalen;52.2833;8.9167
32427;Minden;Nordrhein-Westfalen;52.2946;8.8976
32429;Minden;Nordrhein-Westfalen;52.2833;8.9167
32457;Porta Westfalica;Nordrhein-Westfalen;52.2296;8.9161
32469;Petershagen;Nordrhein-Westfalen;52.3751;8.9654
32479;Hille;Nordrhein-Westfalen;52.3333;8.7500
32545;Bad Oeynhausen;Nordrhein-Westfalen;52.1917;8.8093
32547;Bad Oeynhausen;Nordrhein-Westfalen;52.2060;8.8107
32549;Bad Oeynhausen;Nordrhein-Westfalen;52.2473;8.7858
32584;Löhne;Nordrhein-Westfalen;52.1885;8.6922
32602;Vlotho;Nordrhein-Westfalen;52.1388;8.7806
32609;Hüllhorst;Nordrhein-Westfalen;52.2833;8.6667
32657;Lemgo;Nordrhein-Westfalen;52.0279;8.8990
32676;Lügde;Nordrhein-Westfalen;51.9583;9.2471
32683;Barntrup;Nordrhein-Westfalen;51.9904;9.1164
32689;Kalletal;Nordrhein-Westfalen;52.1222;8.9600
32694;Dörentrup;Nordrhein-Westfalen;52.0411;9.0028
32699;Extertal;Nordrhein-Westfalen;52.0670;9.1162
32756;Detmold;Nordrhein-Westfalen;51.9360;8.8783
32758;Detmold;Nordrhein-Westfalen;51.9509;8.8658
32760;Detmold;Nordrhein-Westfalen;51.8613;8.8645
32791;Lage;Nordrhein-Westfalen;51.9922;8.7930
32805;Horn-Bad Meinberg;Nordrhein-Westfalen;51.8855;8.9624
32816;Schieder-Schwalenberg;Nordrhein-Westfalen;51.8771;9.1954
32825;Blomberg;Nordrhein-Westfalen;51.9678;9.0473
32832;Augustdorf;Nordrhein-Westfalen;51.9094;8.7317
32839;Steinheim;Nordrhein-Westfalen;51.8707;9.0914
33014;Bad Driburg;Nordrhein-Westfalen;51.7330;9.0197
33034;Brakel;Nordrhein-Westfalen;51.7175;9.1860
33039;Nieheim;Nordrhein-Westfalen;51.8050;9.1130
33098;Paderborn;Nordrhein-Westfalen;51.7136;8.7554
33100;Paderborn;Nordrhein-Westfalen;51.7273;8.7706
33102;Paderborn;Nordrhein-Westfalen;51.7171;8.7417
33104;Paderborn;Nordrhein-Westfalen;51.7571;8.7300
33106;Paderborn;Nordrhein-Westfalen;51.7327;8.6885
33129;Delbrück;Nordrhein-Westfalen;51.7802;8.4840
33142;Büren;Nordrhein-Westfalen;51.5511;8.5596
33154;Salzkotten;Nordrhein-Westfalen;51.6717;8.6009
33161;Hövelhof;Nordrhein-Westfalen;51.8167;8.6500
33165;Lichtenau;Nordrhein-Westfalen;51.6171;8.8967
33175;Bad Lippspringe;Nordrhein-Westfalen;51.7833;8.8168
33178;Borchen;Nordrhein-Westfalen;51.6677;8.7228
33181;Bad Wünnenberg;Nordrhein-Westfalen;51.5210;8.6964
33184;Altenbeken;Nordrhein-Westfalen;51.7645;8.9420
33189;Schlangen;Nordrhein-Westfalen;51.8098;8.8461
33311;Gütersloh;Nordrhein-Westfalen;51.9000;8.3840
33330;Gütersloh;Nordrhein-Westfalen;51.9074;8.3767
33332;Gütersloh;Nordrhein-Westfalen;51.9005;8.3837
33334;Gütersloh;Nordrhein-Westfalen;51.9436;8.4283
33335;Gütersloh;Nordrhein-Westfalen;51.9316;8.4599
33378;Rheda-Wiedenbrück;Nordrhein-Westfalen;51.8497;8.3002
33397;Rietberg;Nordrhein-Westfalen;51.8092;8.4284
33415;Verl;Nordrhein-Westfalen;51.8833;8.5167
33428;Harsewinkel;Nordrhein-Westfalen;51.9622;8.2277
33442;Herzebrock-Clarholz;Nordrhein-Westfalen;51.9000;8.2167
33449;Langenberg;Nordrhein-Westfalen;51.7721;8.3181
33519;Bielefeld;Nordrhein-Westfalen;52.0330;8.5330
33602;Bielefeld;Nordrhein-Westfalen;52.0245;8.5326
33604;Bielefeld;Nordrhein-Westfalen;52.0106;8.5493
33605;Bielefeld;Nordrhein-Westfalen;52.0008;8.5740
33607;Bielefeld;Nordrhein-Westfalen;52.0284;8.5759
33609;Bielefeld;Nordrhein-Westfalen;52.0342;8.5553
33611;Bielefeld;Nordrhein-Westfalen;52.0483;8.5492
33613;Bielefeld;Nordrhein-Westfalen;52.0440;8.5225
33615;Bielefeld;Nordrhein-Westfalen;52.0307;8.5133
33617;Bielefeld;Nordrhein-Westfalen;52.0119;8.5202
33619;Bielefeld;Nordrhein-Westfalen;52.0333;8.5333
33647;Bielefeld;Nordrhein-Westfalen;51.9900;8.5114
33649;Bielefeld;Nordrhein-Westfalen;51.9745;8.4686
33659;Bielefeld;Nordrhein-Westfalen;51.9692;8.5522
33689;Bielefeld;Nordrhein-Westfalen;51.9501;8.5793
33699;Bielefeld;Nordrhein-Westfalen;52.0333;8.5333
33719;Bielefeld;Nordrhein-Westfalen;52.0107;8.5926
33729;Bielefeld;Nordrhein-Westfalen;52.0707;8.6002
33739;Bielefeld;Nordrhein-Westfalen;52.0333;8.5333
33758;Schloß Holte-Stukenbrock;Nordrhein-Westfalen;51.9000;8.6167
33775;Versmold;Nordrhein-Westfalen;52.0401;8.1527
33790;Halle;Nordrhein-Westfalen;52.0601;8.3608
33803;Steinhagen;Nordrhein-Westfalen;52.0000;8.4000
33813;Oerlinghausen;Nordrhein-Westfalen;51.9545;8.6622
33818;Leopoldshöhe;Nordrhein-Westfalen;52.0125;8.6983
33824;Werther;Nordrhein-Westfalen;52.0777;8.4179
33829;Borgholzhausen;Nordrhein-Westfalen;52.1034;8.3021
34117;Kassel;Hessen;51.3166;9.4912
34119;Kassel;Hessen;51.3152;9.4647
34121;Kassel;Hessen;51.3056;9.4652
34123;Kassel;Hessen;51.2988;9.5297
34125;Kassel;Hessen;51.3195;9.5163
34127;Kassel;Hessen;51.3355;9.4913
34128;Kassel;Hessen;51.3360;9.4457
34130;Kassel;Hessen;51.3247;9.4466
34131;Kassel;Hessen;51.3173;9.4227
34132;Kassel;Hessen;51.3167;9.5000
34134;Kassel;Hessen;51.2878;9.4705
34212;Melsungen;Hessen;51.1303;9.5524
34225;Baunatal;Hessen;51.2518;9.4075
34233;Fuldatal;Hessen;51.3484;9.5256
34246;Vellmar;Hessen;51.3581;9.4797
34253;Lohfelden;Hessen;51.2667;9.5333
34260;Kaufungen;Hessen;51.2811;9.6186
34266;Niestetal;Hessen;51.3083;9.5669
34270;Schauenburg;Hessen;51.2856;9.2717
34277;Fuldabrück;Hessen;51.2667;9.4833
34281;Gudensberg;Hessen;51.1771;9.3675
34286;Spangenberg;Hessen;51.1164;9.6627
34289;Zierenberg;Hessen;51.3695;9.3016
34292;Ahnatal;Hessen;51.3500;9.3833
34295;Edermünde;Hessen;51.2125;9.4208
34298;Helsa;Hessen;51.2598;9.6887
34302;Guxhagen;Hessen;51.2000;9.4833
34305;Niedenstein;Hessen;51.2334;9.3103
34308;Bad Emstal;Hessen;51.2333;9.2500
34311;Naumburg;Hessen;51.2482;9.1657
34314;Espenau;Hessen;51.3966;9.4702
34317;Habichtswald;Hessen;51.3285;9.3392
34320;Söhrewald;Hessen;51.2056;9.5778
34323;Malsfeld;Hessen;51.0908;9.5389
34326;Morschen;Hessen;51.0500;9.6000
34327;Körle;Hessen;51.1667;9.5167
34329;Nieste;Hessen;51.3167;9.6667
34346;Hannoversch Münden;Niedersachsen;51.4151;9.6505
34355;Staufenberg;Niedersachsen;51.3500;9.6333
34359;Reinhardshagen;Hessen;51.4917;9.6083
34369;Hofgeismar;Hessen;51.4961;9.3850
34376;Immenhausen;Hessen;51.4429;9.5231
34379;Calden;Hessen;51.4094;9.4019
34385;Bad Karlshafen;Hessen;51.6426;9.4548
34388;Trendelburg;Hessen;51.5741;9.4209
34393;Grebenstein;Hessen;51.4465;9.4125
34396;Liebenau;Hessen;51.4970;9.2821
34399;Oberweser;Hessen;51.5833;9.5667
34414;Warburg;Nordrhein-Westfalen;51.4901;9.1464
34431;Marsberg;Nordrhein-Westfalen;51.4617;8.8495
34434;Borgentreich;Nordrhein-Westfalen;51.5692;9.2411
34439;Willebadessen;Nordrhein-Westfalen;51.6256;9.0369
34454;Bad Arolsen;Hessen;51.3798;9.0145
34466;Wolfhagen;Hessen;51.3261;9.1702
34471;Volkmarsen;Hessen;51.4090;9.1181
34474;Diemelstadt;Hessen;51.4878;9.0079
34477;Twistetal;Hessen;51.3214;8.9548
34479;Breuna;Hessen;51.4157;9.1850
34497;Korbach;Hessen;51.2756;8.8730
34508;Willingen (Upland);Hessen;51.3000;8.6167
34513;Waldeck;Hessen;51.2062;9.0629
34516;Vöhl;Hessen;51.1815;8.8878
34519;Diemelsee;Hessen;51.3667;8.8000
34537;Bad Wildungen;Hessen;51.1196;9.1247
34549;Edertal;Hessen;51.1590;9.0923
34560;Fritzlar;Hessen;51.1318;9.2756
34576;Homberg (Efze);Hessen;51.0333;9.4000
34582;Borken;Hessen;51.0638;9.2200
34587;Felsberg;Hessen;51.1376;9.4214
34590;Wabern;Hessen;51.1000;9.3500
34593;Knüllwald;Hessen;50.9771;9.4865
34596;Bad Zwesten;Hessen;51.0500;9.1833
34599;Neuental;Hessen;51.0000;9.2167
34613;Schwalmstadt;Hessen;50.9333;9.2167
34621;Frielendorf;Hessen;50.9707;9.3227
34626;Neukirchen;Hessen;50.8691;9.3465
34628;Willingshausen;Hessen;50.8500;9.2000
34630;Gilserberg;Hessen;50.9500;9.0667
34632;Jesberg;Hessen;51.0000;9.1500
34633;Ottrau;Hessen;50.8060;9.3857
34637;Schrecksbach;Hessen;50.8333;9.2833
34639;Schwarzenborn;Hessen;50.9098;9.4466
35037;Marburg;Hessen;50.8030;8.7625
35039;Marburg;Hessen;50.8098;8.7773
35041;Marburg;Hessen;50.8165;8.7513
35043;Marburg;Hessen;50.7765;8.7645
35066;Frankenberg (Eder);Hessen;51.0585;8.7833
35075;Gladenbach;Hessen;50.7685;8.5808
35080;Bad Endbach;Hessen;50.7500;8.5000
35083;Wetter;Hessen;50.9025;8.7237
35085;Ebsdorfergrund;Hessen;50.7260;8.8570
35088;Battenberg (Eder);Hessen;51.0136;8.6473
35091;Cölbe;Hessen;50.8510;8.7809
35094;Lahntal;Hessen;50.8619;8.6976
35096;Weimar;Hessen;50.7542;8.6958
35099;Burgwald;Hessen;51.0000;8.7500
35102;Lohra;Hessen;50.7333;8.6333
35104;Lichtenfels;Hessen;51.1583;8.7958
35108;Allendorf (Eder);Hessen;51.0333;8.6792
35110;Frankenau;Hessen;51.0927;8.9345
35112;Fronhausen;Hessen;50.7000;8.7000
35114;Haina (Kloster);Hessen;51.0278;8.9667
35116;Hatzfeld (Eder);Hessen;51.0109;8.5866
35117;Münchhausen;Hessen;50.9608;8.7184
35119;Rosenthal;Hessen;50.9744;8.8674
35216;Biedenkopf;Hessen;50.9112;8.5302
35232;Dautphetal;Hessen;50.8417;8.5542
35236;Breidenbach;Hessen;50.8873;8.4575
35239;Steffenberg;Hessen;50.8500;8.4833
35260;Stadtallendorf;Hessen;50.8226;9.0129
35274;Kirchhain;Hessen;50.8272;8.9281
35279;Neustadt (Hessen);Hessen;50.8500;9.1167
35282;Rauschenberg;Hessen;50.8833;8.9186
35285;Gemünden (Wohra);Hessen;50.9667;8.9667
35287;Amöneburg;Hessen;50.7960;8.9233
35288;Wohratal;Hessen;50.9375;8.9333
35305;Grünberg;Hessen;50.5940;8.9587
35315;Homberg (Ohm);Hessen;50.7333;9.0000
35321;Laubach;Hessen;50.5420;8.9903
35325;Mücke;Hessen;50.6284;9.0547
35327;Ulrichstein;Hessen;50.5755;9.1927
35329;Gemünden (Felda);Hessen;50.7000;9.0500
35390;Gießen;Hessen;50.5849;8.6742
35392;Gießen;Hessen;50.5669;8.6538
35394;Gießen;Hessen;50.5746;8.7135
35396;Gießen;Hessen;50.6165;8.7044
35398;Gießen;Hessen;50.5833;8.6500
35410;Hungen;Hessen;50.4737;8.8933
35415;Pohlheim;Hessen;50.5167;8.7000
35418;Buseck;Hessen;50.6148;8.7830
35423;Lich;Hessen;50.5208;8.8157
35428;Langgöns;Hessen;50.5000;8.6667
35435;Wettenberg;Hessen;50.6167;8.6500
35440;Linden;Hessen;50.5374;8.6497
35444;Biebertal;Hessen;50.6182;8.6017
35447;Reiskirchen;Hessen;50.6000;8.8333
35452;Heuchelheim;Hessen;50.5833;8.6333
35457;Lollar;Hessen;50.6465;8.7049
35460;Staufenberg;Hessen;50.6620;8.7316
35463;Fernwald;Hessen;50.5500;8.7833
35466;Rabenau;Hessen;50.6775;8.8643
35469;Allendorf (Lumda);Hessen;50.6833;8.8333
35510;Butzbach;Hessen;50.4339;8.6712
35516;Münzenberg;Hessen;50.4563;8.7293
35519;Rockenberg;Hessen;50.4305;8.7369
35576;Wetzlar;Hessen;50.5665;8.5247
35578;Wetzlar;Hessen;50.5455;8.5050
35579;Wetzlar;Hessen;50.5500;8.5000
35580;Wetzlar;Hessen;50.5500;8.5000
35581;Wetzlar;Hessen;50.5500;8.5000
35582;Wetzlar;Hessen;50.5500;8.5000
35583;Wetzlar;Hessen;50.5500;8.5000
35584;Wetzlar;Hessen;50.5500;8.5000
35585;Wetzlar;Hessen;50.5500;8.5000
35586;Wetzlar;Hessen;50.5500;8.5000
35606;Solms;Hessen;50.5362;8.4070
35614;Aßlar;Hessen;50.5916;8.4627
35619;Braunfels;Hessen;50.5027;8.3936
35625;Hüttenberg;Hessen;50.5210;8.5758
35630;Ehringshausen;Hessen;50.6000;8.3833
35633;Lahnau;Hessen;50.5833;8.5667
35638;Leun;Hessen;50.5513;8.3584
35641;Schöffengrund;Hessen;50.4935;8.4718
35644;Hohenahr;Hessen;50.6689;8.4896
35647;Waldsolms;Hessen;50.4167;8.5167
35649;Bischoffen;Hessen;50.7000;8.4500
35683;Dillenburg;Hessen;50.7369;8.2873
35684;Dillenburg;Hessen;50.7333;8.2833
35685;Dillenburg;Hessen;50.7333;8.2833
35686;Dillenburg;Hessen;50.7333;8.2833
35687;Dillenburg;Hessen;50.7333;8.2833
35688;Dillenburg;Hessen;50.7333;8.2833
35689;Dillenburg;Hessen;50.7333;8.2833
35690;Dillenburg;Hessen;50.7333;8.2833
35708;Haiger;Hessen;50.7416;8.2078
35713;Eschenburg;Hessen;50.8083;8.3583
35716;Dietzhölztal;Hessen;50.8333;8.3167
35719;Angelburg;Hessen;50.8063;8.4164
35745;Herborn;Hessen;50.6814;8.3037
35753;Greifenstein;Hessen;50.6167;8.3000
35756;Mittenaar;Hessen;50.7000;8.3833
35759;Driedorf;Hessen;50.6333;8.1833
35764;Sinn;Hessen;50.6500;8.3333
35767;Breitscheid;Hessen;50.6851;8.1912
35768;Siegbach;Hessen;50.7390;8.4179
35781;Weilburg;Hessen;50.4844;8.2625
35789;Weilmünster;Hessen;50.4314;8.3767
35792;Löhnberg;Hessen;50.5130;8.2720
35794;Mengerskirchen;Hessen;50.5639;8.1555
35796;Weinbach;Hessen;50.4384;8.2913
35799;Merenberg;Hessen;50.5071;8.1919
36037;Fulda;Hessen;50.5518;9.6833
36039;Fulda;Hessen;50.5732;9.6824
36041;Fulda;Hessen;50.5569;9.6431
36043;Fulda;Hessen;50.5345;9.6922
36088;Hünfeld;Hessen;50.6797;9.7673
36093;Künzell;Hessen;50.5442;9.7179
36100;Petersberg;Hessen;50.5619;9.7131
36103;Flieden;Hessen;50.4239;9.5666
36110;Schlitz;Hessen;50.6742;9.5610
36115;Hilders (Ehrenberg);Hessen;50.5164;9.9964
36119;Neuhof;Hessen;50.4531;9.6175
36124;Eichenzell;Hessen;50.4954;9.6967
36129;Gersfeld;Hessen;50.4514;9.9142
36132;Eiterfeld;Hessen;50.7667;9.8000
36137;Großenlüder;Hessen;50.5925;9.5423
36142;Tann;Hessen;50.6428;10.0238
36145;Hofbieber;Hessen;50.5863;9.8353
36148;Kalbach;Hessen;50.4045;9.6826
36151;Burghaun;Hessen;50.6968;9.7245
36154;Hosenfeld;Hessen;50.5050;9.4797
36157;Ebersburg;Hessen;50.4554;9.7863
36160;Dipperz;Hessen;50.5433;9.7959
36163;Poppenhausen;Hessen;50.4879;9.8680
36166;Haunetal;Hessen;50.7667;9.6667
36167;Nüsttal;Hessen;50.6333;9.8500
36169;Rasdorf;Hessen;50.7167;9.9000
36179;Bebra;Hessen;50.9745;9.7956
36199;Rotenburg an der Fulda;Hessen;50.9956;9.7284
36205;Sontra;Hessen;51.0717;9.9356
36208;Wildeck;Hessen;50.9500;9.9833
36211;Alheim;Hessen;51.0333;9.6667
36214;Nentershausen;Hessen;51.0167;9.9333
36217;Ronshausen;Hessen;50.9500;9.8500
36219;Cornberg;Hessen;51.0416;9.8605
36251;Bad Hersfeld (Ludwigsau);Hessen;50.8860;9.7378
36266;Heringen (Werra);Hessen;50.8833;9.9873
36269;Philippsthal (Werra);Hessen;50.8460;9.9795
36272;Niederaula;Hessen;50.8000;9.6000
36275;Kirchheim;Hessen;50.8333;9.5667
36277;Schenklengsfeld;Hessen;50.8167;9.8500
36280;Oberaula;Hessen;50.8500;9.4667
36282;Hauneck;Hessen;50.8167;9.7333
36284;Hohenroda;Hessen;50.8000;9.9000
36286;Neuenstein;Hessen;50.9333;9.5500
36287;Breitenbach am Herzberg;Hessen;50.7752;9.5160
36289;Friedewald;Hessen;50.8833;9.8667
36304;Alsfeld;Hessen;50.7518;9.2708
36318;Schwalmtal;Hessen;50.6833;9.3000
36320;Kirtorf;Hessen;50.7694;9.1039
36323;Grebenau;Hessen;50.7424;9.4731
36325;Feldatal;Hessen;50.6500;9.1667
36326;Antrifttal;Hessen;50.7667;9.1833
36329;Romrod;Hessen;50.7134;9.2201
36341;Lauterbach;Hessen;50.6356;9.3978
36355;Grebenhain;Hessen;50.4892;9.3386
36358;Herbstein;Hessen;50.5360;9.3874
36364;Bad Salzschlirf;Hessen;50.6239;9.5082
36367;Wartenberg;Hessen;50.6167;9.4500
36369;Lautertal;Hessen;50.5833;9.2833
36381;Schlüchtern;Hessen;50.3655;9.5829
36391;Sinntal;Hessen;50.3127;9.6234
36396;Steinau an der Straße;Hessen;50.3140;9.4633
36399;Freiensteinau;Hessen;50.4251;9.4027
36404;Wölferbütt (Oechsen, Martinroda …);Thüringen;50.7880;10.0503
36414;Unterbreizbach;Thüringen;50.8167;9.9833
36419;Schleid (Buttlar, Geisa …);Thüringen;50.7011;9.9707
36433;Moorgrund (Leimbach, Bad Salzungen …);Thüringen;50.8181;10.2494
36448;Schweina (Bad Liebenstein, Steinbach);Thüringen;50.8246;10.3510
36452;Klings (Diedorf, Neidhartshausen …);Thüringen;50.6601;10.1267
36456;Barchfeld;Thüringen;50.8000;10.3000
36457;Stadtlengsfeld (Urnshausen, Weilar);Thüringen;50.7616;10.1510
36460;Dorndorf (Frauensee, Merkers-Kieselbach);Thüringen;50.8431;10.1162
36466;Wiesenthal (Dermbach);Thüringen;50.7069;10.1425
36469;Tiefenort;Thüringen;50.8395;10.1660
37073;Göttingen;Niedersachsen;51.5364;9.9390
37075;Göttingen;Niedersachsen;51.5509;9.9328
37077;Göttingen;Niedersachsen;51.5604;9.9319
37079;Göttingen;Niedersachsen;51.5333;9.9333
37081;Göttingen;Niedersachsen;51.5335;9.8993
37083;Göttingen;Niedersachsen;51.5130;9.9535
37085;Göttingen;Niedersachsen;51.5333;9.9333
37115;Duderstadt;Niedersachsen;51.5131;10.2595
37120;Bovenden;Niedersachsen;51.5884;9.9222
37124;Rosdorf;Niedersachsen;51.5000;9.9000
37127;Jühnde (Bühren, Dransfeld …);Niedersachsen;51.4798;9.7390
37130;Gleichen;Niedersachsen;51.4667;10.0333
37133;Friedland;Niedersachsen;51.4192;9.9176
37136;Landolfshausen (Seulingen, Ebergötzen …);Niedersachsen;51.5537;10.1152
37139;Adelebsen;Niedersachsen;51.5827;9.7546
37154;Northeim;Niedersachsen;51.7066;10.0000
37170;Uslar;Niedersachsen;51.6569;9.6350
37176;Nörten-Hardenberg;Niedersachsen;51.6288;9.9359
37181;Hardegsen;Niedersachsen;51.6523;9.8305
37186;Moringen;Niedersachsen;51.6992;9.8711
37191;Katlenburg-Lindau;Niedersachsen;51.6833;10.1000
37194;Wahlsburg (Bodenfelde);Niedersachsen;51.6368;9.5737
37197;Hattorf am Harz;Niedersachsen;51.6482;10.2386
37199;Wulften;Niedersachsen;51.6600;10.1744
37213;Witzenhausen;Hessen;51.3334;9.8580
37214;Witzenhausen;Hessen;51.3333;9.8667
37215;Witzenhausen;Hessen;51.3333;9.8667
37216;Witzenhausen;Hessen;51.3333;9.8667
37217;Witzenhausen;Hessen;51.3333;9.8667
37218;Witzenhausen;Hessen;51.3333;9.8667
37235;Hessisch Lichtenau;Hessen;51.1995;9.7186
37242;Bad Sooden-Allendorf;Hessen;51.2709;9.9748
37247;Großalmerode;Hessen;51.2586;9.7845
37249;Neu-Eichenberg;Hessen;51.3833;9.8833
37269;Eschwege;Hessen;51.1839;10.0533
37276;Meinhard;Hessen;51.2167;10.0667
37281;Wanfried;Hessen;51.1821;10.1728
37284;Waldkappel;Hessen;51.1384;9.9432
37287;Wehretal;Hessen;51.1500;10.0000
37290;Meißner;Hessen;51.2000;9.9333
37293;Herleshausen;Hessen;51.0063;10.1673
37296;Ringgau;Hessen;51.0833;10.0667
37297;Berkatal;Hessen;51.2333;9.9167
37299;Weißenborn;Hessen;51.1251;10.1160
37308;Wiesenfeld (Glasehausen, Reinholterode …);Thüringen;51.3306;10.1523
37318;Steinheuterode (Röhrig, Schönhagen …);Thüringen;51.3439;10.0321
37327;Hausen (Kallmerode, Leinefelde …);Thüringen;51.3815;10.3328
37339;Gernrode (Berlingerode, Ferna …);Thüringen;51.4494;10.3455
37345;Bischofferode (Zwinge, Silkerode …);Thüringen;51.5189;10.4346
37351;Kefferhausen (Silberhausen, Kreuzebra …);Thüringen;51.3186;10.3081
37355;Deuna (Bernterode, Untereichsfeld, Gerterode …);Thüringen;51.3656;10.4552
37359;Großbartloff (Küllstedt, Büttstedt …);Thüringen;51.2650;10.2603
37412;Elbingerode (Herzberg am Harz, Hörden);Niedersachsen;51.6610;10.3003
37431;Bad Lauterberg im Harz;Niedersachsen;51.6327;10.4703
37434;Bodensee (Krebeck, Wollbrandshausen …);Niedersachsen;51.5895;10.2058
37441;Bad Sachsa;Niedersachsen;51.5950;10.5555
37444;Sankt Andreasberg;Niedersachsen;51.7100;10.5187
37445;Walkenried;Niedersachsen;51.5833;10.6167
37447;Wieda;Niedersachsen;51.6340;10.5870
37449;Zorge;Niedersachsen;51.6333;10.6333
37520;Osterode am Harz;Niedersachsen;51.7269;10.2509
37534;Gittelde (Eisdorf, Badenhausen);Niedersachsen;51.7784;10.1865
37539;Bad Grund (Harz) (Windhausen);Niedersachsen;51.8011;10.2227
37547;Kreiensen;Niedersachsen;51.8536;9.9648
37574;Einbeck;Niedersachsen;51.8202;9.8696
37581;Bad Gandersheim;Niedersachsen;51.8717;10.0254
37586;Dassel;Niedersachsen;51.8018;9.6890
37589;Kalefeld;Niedersachsen;51.8000;10.0333
37603;Holzminden;Niedersachsen;51.8280;9.4455
37619;Heyen (Pegestorf, Hehlen …);Niedersachsen;51.9727;9.5130
37620;Halle;Niedersachsen;51.9912;9.5653
37627;Deensen (Stadtoldendorf, Wangelnstedt …);Niedersachsen;51.8673;9.6310
37632;Holzen (Eschershausen, Eimen);Niedersachsen;51.9144;9.6976
37633;Dielmissen;Niedersachsen;51.9706;9.6067
37635;Lüerdissen;Niedersachsen;51.9527;9.6245
37639;Bevern;Niedersachsen;51.8583;9.4941
37640;Golmbach;Niedersachsen;51.9000;9.5500
37642;Holenberg;Niedersachsen;51.9167;9.5833
37643;Negenborn;Niedersachsen;51.8833;9.5667
37647;Polle (Vahlbruch, Brevörde);Niedersachsen;51.9121;9.3871
37649;Heinsen;Niedersachsen;51.8833;9.4333
37671;Höxter;Nordrhein-Westfalen;51.7750;9.3816
37688;Beverungen;Nordrhein-Westfalen;51.6680;9.3742
37691;Boffzen (Derental);Niedersachsen;51.7223;9.4077
37696;Marienmünster;Nordrhein-Westfalen;51.8333;9.2167
37697;Lauenförde;Niedersachsen;51.6594;9.3871
37699;Fürstenberg;Niedersachsen;51.7333;9.4000
38023;Braunschweig;Niedersachsen;52.2550;10.5410
38100;Braunschweig;Niedersachsen;52.2647;10.5233
38102;Braunschweig;Niedersachsen;52.2575;10.5365
38104;Braunschweig;Niedersachsen;52.2835;10.5822
38106;Braunschweig;Niedersachsen;52.2789;10.5427
38108;Braunschweig;Niedersachsen;52.3015;10.5688
38110;Braunschweig;Niedersachsen;52.3280;10.4761
38112;Braunschweig;Niedersachsen;52.3022;10.4979
38114;Braunschweig;Niedersachsen;52.2764;10.5127
38116;Braunschweig;Niedersachsen;52.2667;10.5333
38118;Braunschweig;Niedersachsen;52.2590;10.5002
38120;Braunschweig;Niedersachsen;52.2546;10.4879
38122;Braunschweig;Niedersachsen;52.2240;10.4989
38124;Braunschweig;Niedersachsen;52.2258;10.5271
38126;Braunschweig;Niedersachsen;52.2443;10.5594
38154;Königslutter am Elm;Niedersachsen;52.2512;10.8168
38159;Vechelde;Niedersachsen;52.2604;10.3649
38162;Cremlingen;Niedersachsen;52.2500;10.6500
38165;Lehre;Niedersachsen;52.3333;10.6667
38170;Winnigstedt (Dahlum, Uehrde …);Niedersachsen;52.1250;10.7729
38173;Veltheim (Erkerode, Evessen …);Niedersachsen;52.2007;10.6829
38176;Wendeburg;Niedersachsen;52.3296;10.3926
38179;Schwülper;Niedersachsen;52.3481;10.4463
38226;Salzgitter;Niedersachsen;52.1401;10.3546
38228;Salzgitter;Niedersachsen;52.1442;10.3020
38229;Salzgitter;Niedersachsen;52.1269;10.3619
38239;Salzgitter;Niedersachsen;52.1668;10.4290
38259;Salzgitter;Niedersachsen;52.0647;10.3891
38268;Lengede;Niedersachsen;52.2049;10.3078
38271;Baddeckenstedt;Niedersachsen;52.0833;10.2333
38272;Burgdorf;Niedersachsen;52.1443;10.2176
38274;Elbe;Niedersachsen;52.0833;10.2833
38275;Haverlah;Niedersachsen;52.0541;10.3282
38277;Heere;Niedersachsen;52.0667;10.2500
38279;Sehlde;Niedersachsen;52.0389;10.2657
38281;Wolfenbüttel;Niedersachsen;52.1590;10.5350
38300;Wolfenbüttel;Niedersachsen;52.1578;10.5579
38302;Wolfenbüttel;Niedersachsen;52.1661;10.5514
38304;Wolfenbüttel;Niedersachsen;52.1424;10.5484
38312;Flöthe (Dorstadt, Ohrum …);Niedersachsen;52.0879;10.5443
38315;Schladen (Gielde, Hornburg …);Niedersachsen;52.0349;10.5439
38319;Remlingen;Niedersachsen;52.1137;10.6741
38321;Denkte;Niedersachsen;52.1500;10.6083
38322;Hedeper;Niedersachsen;52.0667;10.6833
38324;Kissenbrück;Niedersachsen;52.1096;10.5900
38325;Roklum;Niedersachsen;52.0666;10.7409
38327;Semmenstedt;Niedersachsen;52.0937;10.6969
38329;Wittmar;Niedersachsen;52.1297;10.6400
38350;Helmstedt;Niedersachsen;52.2279;11.0098
38364;Schöningen;Niedersachsen;52.1380;10.9674
38368;Grasleben (Rennau, Mariental …);Niedersachsen;52.3029;10.9693
38372;Büddenstedt;Niedersachsen;52.1704;11.0188
38373;Frellstedt (Süpplingen);Niedersachsen;52.2169;10.9096
38375;Räbke;Niedersachsen;52.1960;10.8787
38376;Süpplingenburg;Niedersachsen;52.2507;10.9101
38378;Warberg;Niedersachsen;52.1812;10.9197
38379;Wolsdorf;Niedersachsen;52.1910;10.9388
38381;Jerxheim;Niedersachsen;52.0817;10.8984
38382;Beierstedt;Niedersachsen;52.0741;10.8581
38384;Gevensleben;Niedersachsen;52.0766;10.8222
38385;Ingeleben;Niedersachsen;52.1066;10.8734
38387;Söllingen;Niedersachsen;52.0898;10.9252
38388;Twieflingen;Niedersachsen;52.1248;10.9168
38440;Wolfsburg;Niedersachsen;52.4239;10.7812
38442;Wolfsburg;Niedersachsen;52.4204;10.7188
38444;Wolfsburg;Niedersachsen;52.4003;10.7531
38446;Wolfsburg;Niedersachsen;52.3808;10.8285
38448;Wolfsburg;Niedersachsen;52.4231;10.8224
38458;Velpke;Niedersachsen;52.4080;10.9364
38459;Bahrdorf;Niedersachsen;52.3859;11.0004
38461;Danndorf;Niedersachsen;52.4247;10.9129
38462;Grafhorst;Niedersachsen;52.4448;10.9451
38464;Groß Twülpstedt;Niedersachsen;52.3736;10.9193
38465;Brome;Niedersachsen;52.6002;10.9375
38467;Bergfeld;Niedersachsen;52.5440;10.8451
38468;Ehra-Lessien;Niedersachsen;52.5667;10.8000
38470;Parsau;Niedersachsen;52.5347;10.8902
38471;Rühen;Niedersachsen;52.4856;10.8864
38473;Tiddische;Niedersachsen;52.5167;10.8000
38474;Tülau;Niedersachsen;52.5758;10.8782
38476;Barwedel;Niedersachsen;52.5219;10.7749
38477;Jembke;Niedersachsen;52.5000;10.7667
38479;Tappenbeck;Niedersachsen;52.4705;10.7407
38486;Kusey (Neuferchau, Bandau …);Sachsen-Anhalt;52.6163;11.0882
38489;Jübar (Tangeln, Lüdelsen …);Sachsen-Anhalt;52.6840;11.0002
38518;Gifhorn;Niedersachsen;52.4777;10.5511
38524;Sassenburg;Niedersachsen;52.5167;10.6333
38527;Meine;Niedersachsen;52.3849;10.5393
38528;Adenbüttel;Niedersachsen;52.3798;10.4508
38530;Didderse;Niedersachsen;52.3804;10.4029
38531;Rötgesbüttel;Niedersachsen;52.4167;10.5333
38533;Vordorf;Niedersachsen;52.3652;10.5204
38536;Meinersen;Niedersachsen;52.4744;10.3525
38539;Müden (Aller);Niedersachsen;52.5333;10.3667
38542;Leiferde;Niedersachsen;52.4395;10.4346
38543;Hillerse;Niedersachsen;52.4167;10.4000
38547;Calberlah;Niedersachsen;52.4207;10.6233
38550;Isenbüttel;Niedersachsen;52.4333;10.5833
38551;Ribbesbüttel;Niedersachsen;52.4344;10.5100
38553;Wasbüttel;Niedersachsen;52.4133;10.5936
38554;Weyhausen;Niedersachsen;52.4621;10.7170
38556;Bokensdorf;Niedersachsen;52.5000;10.7167
38557;Osloß;Niedersachsen;52.4693;10.6801
38559;Wagenhoff;Niedersachsen;52.5523;10.5234
38640;Goslar;Niedersachsen;51.9153;10.4243
38642;Goslar;Niedersachsen;51.9113;10.4588
38644;Goslar;Niedersachsen;51.9226;10.3954
38667;Bad Harzburg;Niedersachsen;51.8977;10.5579
38678;Clausthal-Zellerfeld;Niedersachsen;51.8095;10.3382
38685;Langelsheim;Niedersachsen;51.9238;10.3866
38690;Vienenburg;Niedersachsen;51.9524;10.5637
38700;Braunlage;Niedersachsen;51.7265;10.6109
38704;Liebenburg;Niedersachsen;52.0218;10.4317
38707;Schulenberg im Oberharz (Altenau);Niedersachsen;51.8172;10.4374
38709;Wildemann;Niedersachsen;51.8281;10.2815
38723;Seesen;Niedersachsen;51.8910;10.1785
38729;Hahausen (Neuwallmoden, Lutter am Barenberge);Niedersachsen;51.9854;10.2509
38820;Halberstadt;Sachsen-Anhalt;51.8956;11.0562
38822;Athenstedt (Sargstedt, Aspenstedt …);Sachsen-Anhalt;51.9326;10.9819
38828;Wegeleben;Sachsen-Anhalt;51.8838;11.1735
38829;Harsleben;Sachsen-Anhalt;51.8667;11.1000
38835;Rhoden (Veltheim, Osterode …);Sachsen-Anhalt;51.9868;10.7126
38836;Vogelsdorf (Dedeleben, Badersleben …);Sachsen-Anhalt;52.0041;10.9016
38838;Eilenstedt (Schlanstedt, Eilsdorf …);Sachsen-Anhalt;51.9999;11.0088
38855;Wernigerode (Danstedt, Schmatzfeld …);Sachsen-Anhalt;51.8819;10.8162
38871;Drübeck (Ilsenburg, Wasserleben …);Sachsen-Anhalt;51.8920;10.7123
38875;Elbingerode (Sorge, Tanne …);Sachsen-Anhalt;51.7299;10.7357
38877;Benneckenstein;Sachsen-Anhalt;51.6682;10.7172
38879;Schierke;Sachsen-Anhalt;51.7639;10.6621
38889;Rübeland (Heimburg, Altenbrak …);Sachsen-Anhalt;51.7654;10.9338
38895;Langenstein (Derenburg);Sachsen-Anhalt;51.8600;10.9700
38899;Hasselfelde (Stiege, Trautenstein);Sachsen-Anhalt;51.6809;10.8408
39014;Magdeburg;Sachsen-Anhalt;52.0820;11.5860
39104;Magdeburg;Sachsen-Anhalt;52.1243;11.6322
39106;Magdeburg;Sachsen-Anhalt;52.1469;11.6498
39108;Magdeburg;Sachsen-Anhalt;52.1333;11.6167
39110;Magdeburg;Sachsen-Anhalt;52.1263;11.6011
39112;Magdeburg;Sachsen-Anhalt;52.1104;11.6011
39114;Magdeburg;Sachsen-Anhalt;52.1333;11.6167
39116;Magdeburg;Sachsen-Anhalt;52.0819;11.5861
39118;Magdeburg;Sachsen-Anhalt;52.1333;11.6167
39120;Magdeburg;Sachsen-Anhalt;52.0816;11.6212
39122;Magdeburg;Sachsen-Anhalt;52.0891;11.6586
39124;Magdeburg;Sachsen-Anhalt;52.1638;11.6333
39126;Magdeburg;Sachsen-Anhalt;52.1805;11.6504
39128;Magdeburg;Sachsen-Anhalt;52.1624;11.6165
39130;Magdeburg;Sachsen-Anhalt;52.1561;11.5789
39164;Klein Wanzleben (Bottmersdorf, Wanzleben …);Sachsen-Anhalt;52.0633;11.4184
39167;Irxleben (Ochtmersleben, Eichenbarleben …);Sachsen-Anhalt;52.1390;11.4450
39171;Sülzetal;Sachsen-Anhalt;52.0167;11.5500
39175;Biederitz (Wahlitz, Gübs …);Sachsen-Anhalt;52.1417;11.7565
39179;Barleben;Sachsen-Anhalt;52.1926;11.5963
39217;Schönebeck (Elbe);Sachsen-Anhalt;52.0183;11.7240
39218;Schönebeck (Elbe);Sachsen-Anhalt;52.0183;11.7240
39221;Eggersdorf (Biere, Ranies …);Sachsen-Anhalt;51.9676;11.7097
39240;Groß Rosenburg (Sachsendorf, Calbe …);Sachsen-Anhalt;51.8947;11.8370
39245;Gommern (Plötzky, Pretzien …);Sachsen-Anhalt;52.0604;11.8315
39249;Gnadau (Wespen, Barby …);Sachsen-Anhalt;51.9728;11.8374
39261;Zerbst;Sachsen-Anhalt;51.9662;12.0852
39264;Polenzko (Leps, Bias …);Sachsen-Anhalt;51.9976;12.0827
39279;Rosian (Zeppernick, Leitzkau …);Sachsen-Anhalt;52.0947;12.0538
39288;Burg;Sachsen-Anhalt;52.2667;11.8631
39291;Theeßen (Möser, Dörnitz …);Sachsen-Anhalt;52.2135;11.9489
39307;Kade (Tucheim, Brettin …);Sachsen-Anhalt;52.3834;12.1923
39317;Elbe-Parey;Sachsen-Anhalt;52.3833;12.0167
39319;Redekin (Wulkow, Nielebock …);Sachsen-Anhalt;52.4759;12.0755
39326;Samswegen (Gutenswegen, Dahlenwarsleben …);Sachsen-Anhalt;52.2513;11.6029
39340;Haldensleben;Sachsen-Anhalt;52.3006;11.4303
39343;Erxleben (Bebertal, Morsleben …);Sachsen-Anhalt;52.2288;11.2721
39345;Flechtingen (Neuenhofe, Wieglitz …);Sachsen-Anhalt;52.3234;11.3913
39356;Weferlingen (Seggerde, Hörsingen …);Sachsen-Anhalt;52.3120;11.0987
39359;Grauingen (Rätzlingen, Kathendorf …);Sachsen-Anhalt;52.3907;11.1797
39365;Seehausen (Sommersdorf, Eilsleben …);Sachsen-Anhalt;52.1472;11.2209
39387;Hornhausen (Schermcke, Ampfurth …);Sachsen-Anhalt;52.0494;11.1943
39393;Am Großen Bruch (Hötensleben, Völpke …);Sachsen-Anhalt;52.0894;11.0559
39397;Kroppenstedt (Nienhagen, Schwanebeck …);Sachsen-Anhalt;51.9494;11.2032
39398;Alikendorf (Klein Oschersleben, Peseckendorf …);Sachsen-Anhalt;52.0037;11.3229
39418;Staßfurt (Neundorf (Anhalt));Sachsen-Anhalt;51.8343;11.5759
39434;Hecklingen bei Staßfurt;Sachsen-Anhalt;51.8500;11.5333
39435;Wolmirsleben (Groß Börnecke, Tarthun …);Sachsen-Anhalt;51.9267;11.4822
39439;Güsten (Rathmannsdorf, Amesdorf);Sachsen-Anhalt;51.7990;11.6133
39443;Hohenerxleben (Löbnitz, Atzendorf …);Sachsen-Anhalt;51.8817;11.6426
39444;Hecklingen;Sachsen-Anhalt;51.8470;11.5342
39446;Löderburg;Sachsen-Anhalt;51.8761;11.5397
39448;Hakeborn (Westeregeln, Etgersleben);Sachsen-Anhalt;51.9536;11.3902
39517;Tangerhütte (Bittkau, Uchtdorf …);Sachsen-Anhalt;52.4243;11.8249
39524;Hohengöhren (Neuermark-Lübars, Warnau …);Sachsen-Anhalt;52.6721;12.0902
39539;Havelberg;Sachsen-Anhalt;52.8309;12.0755
39576;Stendal;Sachsen-Anhalt;52.6069;11.8587
39579;Rochau (Schäplitz, Querstedt …);Sachsen-Anhalt;52.6009;11.7485
39590;Hämerten (Storkau (Elbe), Miltern …);Sachsen-Anhalt;52.5723;11.9547
39596;Hassel (Schwarzholz, Jarchau …);Sachsen-Anhalt;52.6992;11.9298
39599;Insel (Möringen, Uchtspringe …);Sachsen-Anhalt;52.5685;11.6733
39606;Iden (Düsedau, Behrendorf …);Sachsen-Anhalt;52.7832;11.6877
39615;Wendemark (Falkenberg, Aulosen …);Sachsen-Anhalt;52.9145;11.7203
39619;Arendsee (Thielbeer, Schrampe …);Sachsen-Anhalt;52.8769;11.4663
39624;Kakerbeck (Badel, Zethlingen …);Sachsen-Anhalt;52.6928;11.4183
39629;Könnigde (Holzhausen, Bismark (Altmark));Sachsen-Anhalt;52.6429;11.5630
39638;Roxförde (Jerchel, Engersen …);Sachsen-Anhalt;52.5198;11.3931
39646;Oebisfelde;Sachsen-Anhalt;52.4342;10.9879
39649;Jeggau (Mieste, Köckte …);Sachsen-Anhalt;52.5034;11.1814
40210;Düsseldorf;Nordrhein-Westfalen;51.2216;6.7897
40211;Düsseldorf;Nordrhein-Westfalen;51.2278;6.7861
40212;Düsseldorf;Nordrhein-Westfalen;51.2230;6.7827
40213;Düsseldorf;Nordrhein-Westfalen;51.2249;6.7743
40215;Düsseldorf;Nordrhein-Westfalen;51.2165;6.7836
40217;Düsseldorf;Nordrhein-Westfalen;51.2157;6.7767
40219;Düsseldorf;Nordrhein-Westfalen;51.2125;6.7637
40221;Düsseldorf;Nordrhein-Westfalen;51.2002;6.7564
40223;Düsseldorf;Nordrhein-Westfalen;51.1998;6.7727
40225;Düsseldorf;Nordrhein-Westfalen;51.2055;6.7885
40227;Düsseldorf;Nordrhein-Westfalen;51.2117;6.8071
40229;Düsseldorf;Nordrhein-Westfalen;51.1984;6.8415
40231;Düsseldorf;Nordrhein-Westfalen;51.2170;6.8254
40233;Düsseldorf;Nordrhein-Westfalen;51.2214;6.8116
40235;Düsseldorf;Nordrhein-Westfalen;51.2301;6.8216
40237;Düsseldorf;Nordrhein-Westfalen;51.2352;6.8191
40239;Düsseldorf;Nordrhein-Westfalen;51.2167;6.7667
40468;Düsseldorf;Nordrhein-Westfalen;51.2561;6.7808
40470;Düsseldorf;Nordrhein-Westfalen;51.2517;6.8143
40472;Düsseldorf;Nordrhein-Westfalen;51.2686;6.8100
40474;Düsseldorf;Nordrhein-Westfalen;51.2696;6.7480
40476;Düsseldorf;Nordrhein-Westfalen;51.2465;6.7855
40477;Düsseldorf;Nordrhein-Westfalen;51.2371;6.7795
40479;Düsseldorf;Nordrhein-Westfalen;51.2167;6.7667
40489;Düsseldorf;Nordrhein-Westfalen;51.2167;6.7667
40545;Düsseldorf;Nordrhein-Westfalen;51.2167;6.7667
40547;Düsseldorf;Nordrhein-Westfalen;51.2429;6.7428
40549;Düsseldorf;Nordrhein-Westfalen;51.2302;6.7135
40589;Düsseldorf;Nordrhein-Westfalen;51.1668;6.8253
40591;Düsseldorf;Nordrhein-Westfalen;51.1953;6.8324
40593;Düsseldorf;Nordrhein-Westfalen;51.2167;6.7667
40595;Düsseldorf;Nordrhein-Westfalen;51.2167;6.7667
40597;Düsseldorf;Nordrhein-Westfalen;51.1659;6.8773
40599;Düsseldorf;Nordrhein-Westfalen;51.1809;6.8598
40625;Düsseldorf;Nordrhein-Westfalen;51.2322;6.8567
40627;Düsseldorf;Nordrhein-Westfalen;51.2167;6.7667
40629;Düsseldorf;Nordrhein-Westfalen;51.2596;6.8898
40667;Meerbusch;Nordrhein-Westfalen;51.2503;6.6899
40668;Meerbusch;Nordrhein-Westfalen;51.3042;6.6718
40670;Meerbusch;Nordrhein-Westfalen;51.2734;6.6484
40699;Erkrath;Nordrhein-Westfalen;51.2223;6.9083
40721;Hilden;Nordrhein-Westfalen;51.1694;6.9253
40723;Hilden;Nordrhein-Westfalen;51.1578;6.9390
40724;Hilden;Nordrhein-Westfalen;51.1803;6.9472
40764;Langenfeld;Nordrhein-Westfalen;51.1082;6.9483
40789;Monheim am Rhein;Nordrhein-Westfalen;51.1027;6.8981
40822;Mettmann;Nordrhein-Westfalen;51.2504;6.9754
40832;Ratingen;Nordrhein-Westfalen;51.3000;6.8500
40878;Ratingen;Nordrhein-Westfalen;51.2922;6.8485
40880;Ratingen;Nordrhein-Westfalen;51.3000;6.8500
40882;Ratingen;Nordrhein-Westfalen;51.2984;6.8585
40883;Ratingen;Nordrhein-Westfalen;51.3000;6.8500
40885;Ratingen;Nordrhein-Westfalen;51.3394;6.8528
41061;Mönchengladbach;Nordrhein-Westfalen;51.1958;6.4387
41063;Mönchengladbach;Nordrhein-Westfalen;51.2000;6.4333
41065;Mönchengladbach;Nordrhein-Westfalen;51.1911;6.4467
41066;Mönchengladbach;Nordrhein-Westfalen;51.2249;6.4838
41068;Mönchengladbach;Nordrhein-Westfalen;51.1977;6.3911
41069;Mönchengladbach;Nordrhein-Westfalen;51.1768;6.4021
41169;Mönchengladbach;Nordrhein-Westfalen;51.2000;6.4333
41179;Mönchengladbach;Nordrhein-Westfalen;51.1723;6.3414
41189;Mönchengladbach;Nordrhein-Westfalen;51.1390;6.4102
41199;Mönchengladbach;Nordrhein-Westfalen;51.1290;6.4386
41236;Mönchengladbach;Nordrhein-Westfalen;51.1666;6.4427
41238;Mönchengladbach;Nordrhein-Westfalen;51.1514;6.4703
41239;Mönchengladbach;Nordrhein-Westfalen;51.1604;6.4172
41334;Nettetal;Nordrhein-Westfalen;51.3246;6.2329
41352;Korschenbroich;Nordrhein-Westfalen;51.1914;6.5135
41363;Jüchen;Nordrhein-Westfalen;51.1000;6.5000
41366;Schwalmtal;Nordrhein-Westfalen;51.2167;6.2667
41372;Niederkrüchten;Nordrhein-Westfalen;51.2108;6.1775
41379;Brüggen;Nordrhein-Westfalen;51.2405;6.1838
41460;Neuss;Nordrhein-Westfalen;51.2014;6.6944
41462;Neuss;Nordrhein-Westfalen;51.2154;6.6631
41464;Neuss;Nordrhein-Westfalen;51.1843;6.6821
41466;Neuss;Nordrhein-Westfalen;51.1682;6.6847
41468;Neuss;Nordrhein-Westfalen;51.1646;6.7519
41469;Neuss;Nordrhein-Westfalen;51.1576;6.7328
41470;Neuss;Nordrhein-Westfalen;51.2000;6.6833
41472;Neuss;Nordrhein-Westfalen;51.2000;6.6833
41515;Grevenbroich;Nordrhein-Westfalen;51.0904;6.6067
41516;Grevenbroich;Nordrhein-Westfalen;51.1292;6.6245
41517;Grevenbroich;Nordrhein-Westfalen;51.0833;6.5833
41539;Dormagen;Nordrhein-Westfalen;51.0964;6.8400
41540;Dormagen;Nordrhein-Westfalen;51.0923;6.8114
41541;Dormagen;Nordrhein-Westfalen;51.1270;6.8068
41542;Dormagen;Nordrhein-Westfalen;51.1130;6.7752
41564;Kaarst;Nordrhein-Westfalen;51.2293;6.6188
41569;Rommerskirchen;Nordrhein-Westfalen;51.0333;6.6833
41747;Viersen;Nordrhein-Westfalen;51.2556;6.3917
41748;Viersen;Nordrhein-Westfalen;51.2500;6.3833
41749;Viersen;Nordrhein-Westfalen;51.2852;6.3871
41751;Viersen;Nordrhein-Westfalen;51.2500;6.3833
41812;Erkelenz;Nordrhein-Westfalen;51.0795;6.3153
41836;Hückelhoven;Nordrhein-Westfalen;51.0555;6.2266
41844;Wegberg;Nordrhein-Westfalen;51.1422;6.2844
41849;Wassenberg;Nordrhein-Westfalen;51.1001;6.1548
42103;Wuppertal;Nordrhein-Westfalen;51.2569;7.1505
42105;Wuppertal;Nordrhein-Westfalen;51.2649;7.1307
42107;Wuppertal;Nordrhein-Westfalen;51.2619;7.1513
42109;Wuppertal;Nordrhein-Westfalen;51.2765;7.1559
42111;Wuppertal;Nordrhein-Westfalen;51.2667;7.1833
42113;Wuppertal;Nordrhein-Westfalen;51.2678;7.1285
42115;Wuppertal;Nordrhein-Westfalen;51.2497;7.1030
42117;Wuppertal;Nordrhein-Westfalen;51.2498;7.1239
42119;Wuppertal;Nordrhein-Westfalen;51.2441;7.1661
42275;Wuppertal;Nordrhein-Westfalen;51.2718;7.2040
42277;Wuppertal;Nordrhein-Westfalen;51.2742;7.2203
42279;Wuppertal;Nordrhein-Westfalen;51.3077;7.2522
42281;Wuppertal;Nordrhein-Westfalen;51.2878;7.1940
42283;Wuppertal;Nordrhein-Westfalen;51.2699;7.1838
42285;Wuppertal;Nordrhein-Westfalen;51.2590;7.1695
42287;Wuppertal;Nordrhein-Westfalen;51.2432;7.2066
42289;Wuppertal;Nordrhein-Westfalen;51.2667;7.1833
42327;Wuppertal;Nordrhein-Westfalen;51.2424;7.0600
42329;Wuppertal;Nordrhein-Westfalen;51.2221;7.0639
42349;Wuppertal;Nordrhein-Westfalen;51.2160;7.1418
42369;Wuppertal;Nordrhein-Westfalen;51.2298;7.2020
42389;Wuppertal;Nordrhein-Westfalen;51.2732;7.2350
42399;Wuppertal;Nordrhein-Westfalen;51.2667;7.1833
42477;Radevormwald;Nordrhein-Westfalen;51.2022;7.3603
42489;Wülfrath;Nordrhein-Westfalen;51.2820;7.0382
42499;Hückeswagen;Nordrhein-Westfalen;51.1498;7.3447
42549;Velbert;Nordrhein-Westfalen;51.3336;7.0270
42551;Velbert;Nordrhein-Westfalen;51.3434;7.0594
42553;Velbert;Nordrhein-Westfalen;51.3005;7.0914
42555;Velbert;Nordrhein-Westfalen;51.3515;7.1302
42579;Heiligenhaus;Nordrhein-Westfalen;51.3266;6.9711
42651;Solingen;Nordrhein-Westfalen;51.1728;7.0940
42653;Solingen;Nordrhein-Westfalen;51.1878;7.0785
42655;Solingen;Nordrhein-Westfalen;51.1760;7.0653
42657;Solingen;Nordrhein-Westfalen;51.1532;7.0595
42659;Solingen;Nordrhein-Westfalen;51.1595;7.1036
42697;Solingen;Nordrhein-Westfalen;51.1611;7.0016
42699;Solingen;Nordrhein-Westfalen;51.1560;7.0152
42719;Solingen;Nordrhein-Westfalen;51.1825;7.0454
42781;Haan;Nordrhein-Westfalen;51.1938;7.0133
42799;Leichlingen;Nordrhein-Westfalen;51.1063;7.0187
42853;Remscheid;Nordrhein-Westfalen;51.1802;7.1872
42855;Remscheid;Nordrhein-Westfalen;51.1807;7.2066
42857;Remscheid;Nordrhein-Westfalen;51.1775;7.1661
42859;Remscheid;Nordrhein-Westfalen;51.1833;7.2000
42897;Remscheid;Nordrhein-Westfalen;51.1833;7.2556
42899;Remscheid;Nordrhein-Westfalen;51.2201;7.2407
42929;Wermelskirchen;Nordrhein-Westfalen;51.1397;7.2158
44135;Dortmund;Nordrhein-Westfalen;51.5125;7.4770
44137;Dortmund;Nordrhein-Westfalen;51.5097;7.4601
44139;Dortmund;Nordrhein-Westfalen;51.4995;7.4717
44141;Dortmund;Nordrhein-Westfalen;51.5044;7.4998
44143;Dortmund;Nordrhein-Westfalen;51.5208;7.5184
44145;Dortmund;Nordrhein-Westfalen;51.5290;7.4802
44147;Dortmund;Nordrhein-Westfalen;51.5198;7.4378
44149;Dortmund;Nordrhein-Westfalen;51.5005;7.4063
44225;Dortmund;Nordrhein-Westfalen;51.4759;7.4434
44227;Dortmund;Nordrhein-Westfalen;51.4440;7.4546
44229;Dortmund;Nordrhein-Westfalen;51.4455;7.4642
44263;Dortmund;Nordrhein-Westfalen;51.4847;7.4996
44265;Dortmund;Nordrhein-Westfalen;51.4610;7.4837
44267;Dortmund;Nordrhein-Westfalen;51.4690;7.5154
44269;Dortmund;Nordrhein-Westfalen;51.4856;7.5366
44287;Dortmund;Nordrhein-Westfalen;51.4996;7.5495
44289;Dortmund;Nordrhein-Westfalen;51.5161;7.4683
44309;Dortmund;Nordrhein-Westfalen;51.5251;7.5475
44319;Dortmund;Nordrhein-Westfalen;51.5301;7.5972
44328;Dortmund;Nordrhein-Westfalen;51.5530;7.5385
44329;Dortmund;Nordrhein-Westfalen;51.5161;7.4683
44339;Dortmund;Nordrhein-Westfalen;51.5607;7.4657
44357;Dortmund;Nordrhein-Westfalen;51.5161;7.4683
44359;Dortmund;Nordrhein-Westfalen;51.5724;7.3892
44369;Dortmund;Nordrhein-Westfalen;51.5287;7.4137
44379;Dortmund;Nordrhein-Westfalen;51.5250;7.3676
44388;Dortmund;Nordrhein-Westfalen;51.5010;7.3371
44532;Lünen;Nordrhein-Westfalen;51.6067;7.5241
44534;Lünen;Nordrhein-Westfalen;51.6189;7.5222
44536;Lünen;Nordrhein-Westfalen;51.5993;7.4681
44575;Castrop-Rauxel;Nordrhein-Westfalen;51.5500;7.3167
44577;Castrop-Rauxel;Nordrhein-Westfalen;51.5500;7.3167
44579;Castrop-Rauxel;Nordrhein-Westfalen;51.5500;7.3167
44581;Castrop-Rauxel;Nordrhein-Westfalen;51.5500;7.3167
44623;Herne;Nordrhein-Westfalen;51.5426;7.2190
44625;Herne;Nordrhein-Westfalen;51.5324;7.2060
44627;Herne;Nordrhein-Westfalen;51.5500;7.2167
44628;Herne;Nordrhein-Westfalen;51.5500;7.2167
44629;Herne;Nordrhein-Westfalen;51.5493;7.2149
44649;Herne;Nordrhein-Westfalen;51.5329;7.1611
44651;Herne;Nordrhein-Westfalen;51.5500;7.2167
44652;Herne;Nordrhein-Westfalen;51.5312;7.1704
44653;Herne;Nordrhein-Westfalen;51.5448;7.1691
44787;Bochum;Nordrhein-Westfalen;51.4803;7.2183
44789;Bochum;Nordrhein-Westfalen;51.4661;7.2491
44791;Bochum;Nordrhein-Westfalen;51.4900;7.2493
44793;Bochum;Nordrhein-Westfalen;51.4822;7.1868
44795;Bochum;Nordrhein-Westfalen;51.4501;7.1984
44797;Bochum;Nordrhein-Westfalen;51.4285;7.2424
44799;Bochum;Nordrhein-Westfalen;51.4509;7.2388
44801;Bochum;Nordrhein-Westfalen;51.4833;7.2167
44803;Bochum;Nordrhein-Westfalen;51.4637;7.2446
44805;Bochum;Nordrhein-Westfalen;51.5180;7.2722
44807;Bochum;Nordrhein-Westfalen;51.5156;7.2118
44809;Bochum;Nordrhein-Westfalen;51.4997;7.1944
44866;Bochum;Nordrhein-Westfalen;51.4808;7.1486
44867;Bochum;Nordrhein-Westfalen;51.4645;7.1418
44869;Bochum;Nordrhein-Westfalen;51.4658;7.1572
44879;Bochum;Nordrhein-Westfalen;51.4271;7.1543
44892;Bochum;Nordrhein-Westfalen;51.4745;7.3110
44894;Bochum;Nordrhein-Westfalen;51.4925;7.3106
45127;Essen;Nordrhein-Westfalen;51.4535;7.0102
45128;Essen;Nordrhein-Westfalen;51.4457;7.0103
45130;Essen;Nordrhein-Westfalen;51.4340;7.0161
45131;Essen;Nordrhein-Westfalen;51.4273;6.9967
45133;Essen;Nordrhein-Westfalen;51.4112;6.9931
45134;Essen;Nordrhein-Westfalen;51.4232;7.0298
45136;Essen;Nordrhein-Westfalen;51.4353;7.0352
45138;Essen;Nordrhein-Westfalen;51.4470;7.0381
45139;Essen;Nordrhein-Westfalen;51.4602;7.0439
45141;Essen;Nordrhein-Westfalen;51.4705;7.0221
45143;Essen;Nordrhein-Westfalen;51.4631;6.9741
45144;Essen;Nordrhein-Westfalen;51.4500;7.0167
45145;Essen;Nordrhein-Westfalen;51.4490;6.9734
45147;Essen;Nordrhein-Westfalen;51.4408;6.9863
45149;Essen;Nordrhein-Westfalen;51.4209;6.9708
45219;Essen;Nordrhein-Westfalen;51.4500;7.0167
45239;Essen;Nordrhein-Westfalen;51.3806;7.0169
45257;Essen;Nordrhein-Westfalen;51.3935;7.0825
45259;Essen;Nordrhein-Westfalen;51.4500;7.0167
45276;Essen;Nordrhein-Westfalen;51.4467;7.0821
45277;Essen;Nordrhein-Westfalen;51.4500;7.0167
45279;Essen;Nordrhein-Westfalen;51.4500;7.0167
45289;Essen;Nordrhein-Westfalen;51.4159;7.1215
45307;Essen;Nordrhein-Westfalen;51.4614;7.0785
45309;Essen;Nordrhein-Westfalen;51.4804;7.0714
45326;Essen;Nordrhein-Westfalen;51.4844;7.0050
45327;Essen;Nordrhein-Westfalen;51.4992;7.0488
45329;Essen;Nordrhein-Westfalen;51.5032;7.0073
45355;Essen;Nordrhein-Westfalen;51.4698;6.9517
45356;Essen;Nordrhein-Westfalen;51.4824;6.9748
45357;Essen;Nordrhein-Westfalen;51.4918;6.9402
45359;Essen;Nordrhein-Westfalen;51.4681;6.9174
45403;Mülheim an der Ruhr;Nordrhein-Westfalen;51.4333;6.8833
45468;Mülheim an der Ruhr;Nordrhein-Westfalen;51.4268;6.8806
45470;Mülheim an der Ruhr;Nordrhein-Westfalen;51.4194;6.8937
45472;Mülheim an der Ruhr;Nordrhein-Westfalen;51.4374;6.9566
45473;Mülheim an der Ruhr;Nordrhein-Westfalen;51.4421;6.8982
45475;Mülheim an der Ruhr;Nordrhein-Westfalen;51.4587;6.8885
45476;Mülheim an der Ruhr;Nordrhein-Westfalen;51.4490;6.8612
45478;Mülheim an der Ruhr;Nordrhein-Westfalen;51.4326;6.8216
45479;Mülheim an der Ruhr;Nordrhein-Westfalen;51.4220;6.8566
45481;Mülheim an der Ruhr;Nordrhein-Westfalen;51.4004;6.8773
45525;Hattingen;Nordrhein-Westfalen;51.3954;7.1779
45527;Hattingen;Nordrhein-Westfalen;51.4000;7.1667
45529;Hattingen;Nordrhein-Westfalen;51.4000;7.1667
45549;Sprockhövel;Nordrhein-Westfalen;51.3467;7.2434
45657;Recklinghausen;Nordrhein-Westfalen;51.6132;7.1956
45659;Recklinghausen;Nordrhein-Westfalen;51.6007;7.1927
45661;Recklinghausen;Nordrhein-Westfalen;51.6167;7.2000
45663;Recklinghausen;Nordrhein-Westfalen;51.5794;7.2158
45665;Recklinghausen;Nordrhein-Westfalen;51.6017;7.2183
45699;Herten;Nordrhein-Westfalen;51.5964;7.1439
45701;Herten;Nordrhein-Westfalen;51.5996;7.0962
45711;Datteln;Nordrhein-Westfalen;51.6560;7.3453
45721;Haltern am See;Nordrhein-Westfalen;51.7287;7.1666
45731;Waltrop;Nordrhein-Westfalen;51.6213;7.4024
45739;Oer-Erkenschwick;Nordrhein-Westfalen;51.6420;7.2645
45768;Marl;Nordrhein-Westfalen;51.6484;7.0845
45770;Marl;Nordrhein-Westfalen;51.6566;7.1101
45772;Marl;Nordrhein-Westfalen;51.6744;7.1343
45879;Gelsenkirchen;Nordrhein-Westfalen;51.5087;7.0968
45881;Gelsenkirchen;Nordrhein-Westfalen;51.5213;7.0747
45883;Gelsenkirchen;Nordrhein-Westfalen;51.5221;7.0575
45884;Gelsenkirchen;Nordrhein-Westfalen;51.4866;7.0835
45886;Gelsenkirchen;Nordrhein-Westfalen;51.4967;7.1136
45888;Gelsenkirchen;Nordrhein-Westfalen;51.5185;7.1222
45889;Gelsenkirchen;Nordrhein-Westfalen;51.5305;7.1143
45891;Gelsenkirchen;Nordrhein-Westfalen;51.5592;7.0841
45892;Gelsenkirchen;Nordrhein-Westfalen;51.5748;7.1165
45894;Gelsenkirchen;Nordrhein-Westfalen;51.5790;7.0579
45896;Gelsenkirchen;Nordrhein-Westfalen;51.6071;7.0488
45897;Gelsenkirchen;Nordrhein-Westfalen;51.5717;7.0471
45899;Gelsenkirchen;Nordrhein-Westfalen;51.5330;7.0234
45964;Gladbeck;Nordrhein-Westfalen;51.5713;6.9827
45966;Gladbeck;Nordrhein-Westfalen;51.5842;6.9746
45968;Gladbeck;Nordrhein-Westfalen;51.5566;7.0025
46045;Oberhausen;Nordrhein-Westfalen;51.4706;6.8568
46047;Oberhausen;Nordrhein-Westfalen;51.4834;6.8798
46049;Oberhausen;Nordrhein-Westfalen;51.4773;6.8413
46117;Oberhausen;Nordrhein-Westfalen;51.5005;6.8859
46119;Oberhausen;Nordrhein-Westfalen;51.4667;6.8500
46145;Oberhausen;Nordrhein-Westfalen;51.5256;6.8517
46147;Oberhausen;Nordrhein-Westfalen;51.5355;6.8116
46149;Oberhausen;Nordrhein-Westfalen;51.5175;6.8332
46236;Bottrop;Nordrhein-Westfalen;51.5232;6.9253
46238;Bottrop;Nordrhein-Westfalen;51.5303;6.9681
46240;Bottrop;Nordrhein-Westfalen;51.5167;6.9167
46242;Bottrop;Nordrhein-Westfalen;51.5214;6.9071
46244;Bottrop;Nordrhein-Westfalen;51.6061;6.9154
46282;Dorsten;Nordrhein-Westfalen;51.6566;6.9657
46284;Dorsten;Nordrhein-Westfalen;51.6812;6.9630
46286;Dorsten;Nordrhein-Westfalen;51.7377;7.0067
46325;Borken;Nordrhein-Westfalen;51.8438;6.8577
46342;Velen;Nordrhein-Westfalen;51.8945;6.9881
46348;Raesfeld;Nordrhein-Westfalen;51.7667;6.8500
46354;Südlohn;Nordrhein-Westfalen;51.9333;6.8667
46359;Heiden;Nordrhein-Westfalen;51.8333;6.9333
46395;Bocholt;Nordrhein-Westfalen;51.8208;6.6063
46397;Bocholt;Nordrhein-Westfalen;51.8413;6.6242
46399;Bocholt;Nordrhein-Westfalen;51.8453;6.6035
46414;Rhede;Nordrhein-Westfalen;51.8354;6.6960
46419;Isselburg;Nordrhein-Westfalen;51.8323;6.4643
46446;Emmerich;Nordrhein-Westfalen;51.8393;6.2479
46459;Rees;Nordrhein-Westfalen;51.8097;6.4004
46483;Wesel;Nordrhein-Westfalen;51.6669;6.6204
46485;Wesel;Nordrhein-Westfalen;51.6637;6.6824
46487;Wesel;Nordrhein-Westfalen;51.6833;6.5762
46499;Hamminkeln;Nordrhein-Westfalen;51.7326;6.5903
46509;Xanten;Nordrhein-Westfalen;51.6588;6.4530
46514;Schermbeck;Nordrhein-Westfalen;51.6833;6.8667
46519;Alpen;Nordrhein-Westfalen;51.5833;6.5167
46535;Dinslaken;Nordrhein-Westfalen;51.5590;6.7357
46537;Dinslaken;Nordrhein-Westfalen;51.5774;6.7465
46539;Dinslaken;Nordrhein-Westfalen;51.5675;6.7625
46562;Voerde;Nordrhein-Westfalen;51.6251;6.6525
46569;Hünxe;Nordrhein-Westfalen;51.6500;6.7833
47051;Duisburg;Nordrhein-Westfalen;51.4294;6.7744
47053;Duisburg;Nordrhein-Westfalen;51.4216;6.7553
47055;Duisburg;Nordrhein-Westfalen;51.4034;6.7703
47057;Duisburg;Nordrhein-Westfalen;51.4216;6.7957
47058;Duisburg;Nordrhein-Westfalen;51.4346;6.7858
47059;Duisburg;Nordrhein-Westfalen;51.4375;6.7428
47119;Duisburg;Nordrhein-Westfalen;51.4632;6.7328
47137;Duisburg;Nordrhein-Westfalen;51.4680;6.7715
47138;Duisburg;Nordrhein-Westfalen;51.4333;6.7500
47139;Duisburg;Nordrhein-Westfalen;51.4784;6.7334
47166;Duisburg;Nordrhein-Westfalen;51.4913;6.7741
47167;Duisburg;Nordrhein-Westfalen;51.5070;6.7963
47169;Duisburg;Nordrhein-Westfalen;51.5044;6.7538
47178;Duisburg;Nordrhein-Westfalen;51.4333;6.7500
47179;Duisburg;Nordrhein-Westfalen;51.4333;6.7500
47198;Duisburg;Nordrhein-Westfalen;51.4499;6.6901
47199;Duisburg;Nordrhein-Westfalen;51.4333;6.7500
47226;Duisburg;Nordrhein-Westfalen;51.4076;6.7215
47228;Duisburg;Nordrhein-Westfalen;51.4134;6.6963
47229;Duisburg;Nordrhein-Westfalen;51.3910;6.7071
47239;Duisburg;Nordrhein-Westfalen;51.3926;6.6564
47249;Duisburg;Nordrhein-Westfalen;51.3831;6.7521
47259;Duisburg;Nordrhein-Westfalen;51.3614;6.7246
47269;Duisburg;Nordrhein-Westfalen;51.3601;6.7793
47279;Duisburg;Nordrhein-Westfalen;51.3929;6.7981
47441;Moers;Nordrhein-Westfalen;51.4463;6.6396
47443;Moers;Nordrhein-Westfalen;51.4542;6.6679
47445;Moers;Nordrhein-Westfalen;51.4500;6.6500
47447;Moers;Nordrhein-Westfalen;51.4500;6.6500
47475;Kamp-Lintfort;Nordrhein-Westfalen;51.5047;6.5459
47495;Rheinberg;Nordrhein-Westfalen;51.5465;6.5952
47506;Neukirchen-Vluyn;Nordrhein-Westfalen;51.4500;6.5500
47509;Rheurdt;Nordrhein-Westfalen;51.4667;6.4667
47533;Kleve;Nordrhein-Westfalen;51.7883;6.1386
47546;Kalkar;Nordrhein-Westfalen;51.7391;6.2910
47551;Bedburg-Hau;Nordrhein-Westfalen;51.7667;6.1667
47559;Kranenburg;Nordrhein-Westfalen;51.7833;6.0167
47574;Goch;Nordrhein-Westfalen;51.6787;6.1590
47589;Uedem;Nordrhein-Westfalen;51.6652;6.2737
47608;Geldern;Nordrhein-Westfalen;51.5191;6.3236
47623;Kevelaer;Nordrhein-Westfalen;51.5829;6.2414
47624;Kevelaer;Nordrhein-Westfalen;51.5833;6.2500
47625;Kevelaer;Nordrhein-Westfalen;51.5833;6.2500
47626;Kevelaer;Nordrhein-Westfalen;51.5833;6.2500
47627;Kevelaer;Nordrhein-Westfalen;51.5833;6.2500
47638;Straelen;Nordrhein-Westfalen;51.4419;6.2664
47647;Kerken;Nordrhein-Westfalen;51.4500;6.3667
47652;Weeze;Nordrhein-Westfalen;51.6268;6.1979
47661;Issum;Nordrhein-Westfalen;51.5333;6.4333
47665;Sonsbeck;Nordrhein-Westfalen;51.6074;6.3792
47669;Wachtendonk;Nordrhein-Westfalen;51.3974;6.2919
47798;Krefeld;Nordrhein-Westfalen;51.3311;6.5616
47799;Krefeld;Nordrhein-Westfalen;51.3319;6.5717
47800;Krefeld;Nordrhein-Westfalen;51.3428;6.5951
47802;Krefeld;Nordrhein-Westfalen;51.3333;6.5683
47803;Krefeld;Nordrhein-Westfalen;51.3516;6.5496
47804;Krefeld;Nordrhein-Westfalen;51.3037;6.5032
47805;Krefeld;Nordrhein-Westfalen;51.3251;6.5805
47807;Krefeld;Nordrhein-Westfalen;51.3040;6.5899
47809;Krefeld;Nordrhein-Westfalen;51.3281;6.6160
47829;Krefeld;Nordrhein-Westfalen;51.3553;6.6366
47839;Krefeld;Nordrhein-Westfalen;51.3755;6.5091
47877;Willich;Nordrhein-Westfalen;51.2637;6.5473
47906;Kempen;Nordrhein-Westfalen;51.3643;6.4186
47918;Tönisvorst;Nordrhein-Westfalen;51.3209;6.4941
47929;Grefrath;Nordrhein-Westfalen;51.3363;6.3407
48079;Münster;Nordrhein-Westfalen;51.9600;7.6310
48143;Münster;Nordrhein-Westfalen;51.9597;7.6314
48145;Münster;Nordrhein-Westfalen;51.9667;7.6333
48147;Münster;Nordrhein-Westfalen;51.9858;7.6480
48149;Münster;Nordrhein-Westfalen;51.9716;7.6068
48151;Münster;Nordrhein-Westfalen;51.9510;7.6181
48153;Münster;Nordrhein-Westfalen;51.9268;7.6313
48155;Münster;Nordrhein-Westfalen;51.9597;7.6349
48157;Münster;Nordrhein-Westfalen;52.0003;7.6893
48159;Münster;Nordrhein-Westfalen;51.9915;7.6124
48161;Münster;Nordrhein-Westfalen;51.9471;7.5446
48163;Münster;Nordrhein-Westfalen;51.9176;7.5725
48165;Münster;Nordrhein-Westfalen;51.9030;7.6395
48167;Münster;Nordrhein-Westfalen;51.9162;7.7108
48231;Warendorf;Nordrhein-Westfalen;51.9511;7.9876
48249;Dülmen;Nordrhein-Westfalen;51.8315;7.2808
48268;Greven;Nordrhein-Westfalen;52.0936;7.5940
48282;Emsdetten;Nordrhein-Westfalen;52.1734;7.5278
48291;Telgte;Nordrhein-Westfalen;51.9800;7.7829
48301;Nottuln;Nordrhein-Westfalen;51.9333;7.3500
48308;Senden;Nordrhein-Westfalen;51.8564;7.4833
48317;Drensteinfurt;Nordrhein-Westfalen;51.7953;7.7382
48324;Sendenhorst;Nordrhein-Westfalen;51.8559;7.7884
48329;Havixbeck;Nordrhein-Westfalen;51.9833;7.4167
48336;Sassenberg;Nordrhein-Westfalen;51.9922;8.0407
48341;Altenberge;Nordrhein-Westfalen;52.0500;7.4667
48346;Ostbevern;Nordrhein-Westfalen;52.0402;7.8423
48351;Everswinkel;Nordrhein-Westfalen;51.9259;7.8469
48356;Nordwalde;Nordrhein-Westfalen;52.0833;7.4833
48361;Beelen;Nordrhein-Westfalen;51.9291;8.1112
48366;Laer;Nordrhein-Westfalen;52.0556;7.3577
48369;Saerbeck;Nordrhein-Westfalen;52.1737;7.6340
48429;Rheine;Nordrhein-Westfalen;52.2868;7.4437
48431;Rheine;Nordrhein-Westfalen;52.2772;7.4320
48432;Rheine;Nordrhein-Westfalen;52.2672;7.4443
48455;Bad Bentheim;Niedersachsen;52.3007;7.1576
48465;Ohne (Samern, Quendorf …);Niedersachsen;52.3246;7.2159
48477;Hörstel;Nordrhein-Westfalen;52.2976;7.5838
48480;Lünne (Schapen, Spelle);Niedersachsen;52.3988;7.4866
48485;Neuenkirchen;Nordrhein-Westfalen;52.2447;7.3718
48488;Emsbüren;Niedersachsen;52.4000;7.3000
48493;Wettringen;Nordrhein-Westfalen;52.2094;7.3190
48496;Hopsten;Nordrhein-Westfalen;52.3817;7.6016
48499;Salzbergen;Niedersachsen;52.3256;7.4305
48527;Nordhorn;Niedersachsen;52.4491;7.0518
48529;Nordhorn;Niedersachsen;52.4149;7.0766
48531;Nordhorn;Niedersachsen;52.4517;7.1065
48565;Steinfurt;Nordrhein-Westfalen;52.1504;7.3366
48599;Gronau (Westfalen);Nordrhein-Westfalen;52.2012;7.0409
48607;Ochtrup;Nordrhein-Westfalen;52.2080;7.1899
48612;Horstmar;Nordrhein-Westfalen;52.0810;7.3054
48619;Heek;Nordrhein-Westfalen;52.1167;7.1000
48624;Schöppingen;Nordrhein-Westfalen;52.1000;7.2333
48629;Metelen;Nordrhein-Westfalen;52.1443;7.2127
48653;Coesfeld;Nordrhein-Westfalen;51.9435;7.1681
48683;Ahaus;Nordrhein-Westfalen;52.0920;6.9739
48691;Vreden;Nordrhein-Westfalen;52.0379;6.8280
48703;Stadtlohn;Nordrhein-Westfalen;51.9940;6.9192
48712;Gescher;Nordrhein-Westfalen;51.9540;7.0048
48720;Rosendahl;Nordrhein-Westfalen;52.0167;7.2167
48727;Billerbeck;Nordrhein-Westfalen;51.9783;7.2926
48734;Reken;Nordrhein-Westfalen;51.8324;7.0347
48739;Legden;Nordrhein-Westfalen;52.0333;7.1000
49074;Osnabrück;Niedersachsen;52.2738;8.0521
49076;Osnabrück;Niedersachsen;52.2832;7.9485
49078;Osnabrück;Niedersachsen;52.2651;8.0096
49080;Osnabrück;Niedersachsen;52.2491;8.0367
49082;Osnabrück;Niedersachsen;52.2440;8.0613
49084;Osnabrück;Niedersachsen;52.2667;8.0725
49086;Osnabrück;Niedersachsen;52.2887;8.0892
49088;Osnabrück;Niedersachsen;52.2667;8.0500
49090;Osnabrück;Niedersachsen;52.2983;8.0131
49124;Georgsmarienhütte;Niedersachsen;52.2030;8.0448
49134;Wallenhorst;Niedersachsen;52.3500;8.0167
49143;Bissendorf;Niedersachsen;52.2333;8.1667
49152;Bad Essen;Niedersachsen;52.3175;8.4130
49163;Bohmte;Niedersachsen;52.3667;8.3167
49170;Hagen am Teutoburger Wald;Niedersachsen;52.2094;7.9206
49176;Hilter am Teutoburger Wald;Niedersachsen;52.1644;8.1468
49179;Ostercappeln;Niedersachsen;52.3500;8.2333
49186;Bad Iburg;Niedersachsen;52.1549;8.0422
49191;Belm;Niedersachsen;52.3000;8.1333
49196;Bad Laer;Niedersachsen;52.1000;8.0833
49201;Dissen am Teutoburger Wald;Niedersachsen;52.1167;8.2000
49205;Hasbergen;Niedersachsen;52.2375;7.9611
49214;Bad Rothenfelde;Niedersachsen;52.1167;8.1667
49219;Glandorf;Niedersachsen;52.0847;7.9994
49324;Melle;Niedersachsen;52.1977;8.3389
49326;Melle;Niedersachsen;52.2000;8.3500
49328;Melle;Niedersachsen;52.2000;8.3500
49356;Diepholz;Niedersachsen;52.6078;8.3701
49377;Vechta;Niedersachsen;52.7263;8.2860
49393;Lohne (Oldenburg);Niedersachsen;52.6589;8.2250
49401;Damme;Niedersachsen;52.5216;8.1979
49406;Eydelstedt (Barnstorf, Drentwede);Niedersachsen;52.7155;8.5381
49413;Dinklage;Niedersachsen;52.6622;8.1244
49419;Wagenfeld;Niedersachsen;52.5500;8.5833
49424;Goldenstedt;Niedersachsen;52.7883;8.4320
49429;Visbek;Niedersachsen;52.8333;8.3167
49434;Neuenkirchen-Vörden;Niedersachsen;52.5167;8.0667
49439;Steinfeld (Oldenburg);Niedersachsen;52.5864;8.2157
49448;Brockum (Quernheim, Hüde …);Niedersachsen;52.4693;8.3846
49451;Holdorf;Niedersachsen;52.5833;8.1167
49453;Dickel (Barver, Hemsloh …);Niedersachsen;52.6178;8.5006
49456;Bakum;Niedersachsen;52.7412;8.1955
49457;Drebber;Niedersachsen;52.6500;8.4333
49459;Lembruch;Niedersachsen;52.5333;8.3500
49477;Ibbenbüren;Nordrhein-Westfalen;52.2601;7.7135
49479;Ibbenbüren;Nordrhein-Westfalen;52.2667;7.7333
49492;Westerkappeln;Nordrhein-Westfalen;52.3167;7.8833
49497;Mettingen;Nordrhein-Westfalen;52.3167;7.7833
49504;Lotte;Nordrhein-Westfalen;52.2833;7.9167
49509;Recke;Nordrhein-Westfalen;52.3689;7.7212
49525;Lengerich;Nordrhein-Westfalen;52.1866;7.8604
49536;Lienen;Nordrhein-Westfalen;52.1500;7.9833
49545;Tecklenburg;Nordrhein-Westfalen;52.2196;7.8136
49549;Ladbergen;Nordrhein-Westfalen;52.1333;7.7500
49565;Bramsche;Niedersachsen;52.4088;7.9729
49577;Kettenkamp (Eggermühlen, Ankum);Niedersachsen;52.5667;7.8444
49584;Fürstenau;Niedersachsen;52.5167;7.6767
49586;Merzen (Neuenkirchen);Niedersachsen;52.4502;7.8361
49593;Bersenbrück;Niedersachsen;52.5516;7.9484
49594;Alfhausen;Niedersachsen;52.5000;7.9500
49596;Gehrde;Niedersachsen;52.5768;8.0034
49597;Rieste;Niedersachsen;52.4833;8.0167
49599;Voltlage;Niedersachsen;52.4333;7.7500
49610;Quakenbrück;Niedersachsen;52.6750;7.9498
49624;Löningen;Niedersachsen;52.7368;7.7581
49626;Berge (Bippen);Niedersachsen;52.6033;7.7394
49632;Essen (Oldenburg);Niedersachsen;52.7000;7.9167
49635;Badbergen;Niedersachsen;52.6333;7.9833
49637;Menslage;Niedersachsen;52.6833;7.8167
49638;Nortrup;Niedersachsen;52.6150;7.8607
49661;Cloppenburg;Niedersachsen;52.8475;8.0450
49681;Garrel;Niedersachsen;52.9500;8.0167
49685;Emstek;Niedersachsen;52.8333;8.1500
49688;Lastrup;Niedersachsen;52.7947;7.8671
49692;Cappeln (Oldenburg);Niedersachsen;52.8167;8.1167
49696;Molbergen;Niedersachsen;52.8512;7.9716
49699;Lindern (Oldenburg);Niedersachsen;52.8500;7.7833
49716;Meppen;Niedersachsen;52.6906;7.2910
49733;Haren;Niedersachsen;52.7886;7.1841
49740;Haselünne;Niedersachsen;52.6741;7.4846
49744;Geeste;Niedersachsen;52.6000;7.2667
49751;Spahnharrenstätte (Hüven, Werpeloh …);Niedersachsen;52.8439;7.5362
49757;Lahn (Werlte, Vrees);Niedersachsen;52.8500;7.6889
49762;Sustrum (Renkenberge, Lathen …);Niedersachsen;52.8917;7.3208
49767;Twist;Niedersachsen;52.6561;7.1057
49770;Dohren (Herzlake);Niedersachsen;52.6676;7.5914
49774;Lähden;Niedersachsen;52.7455;7.5704
49777;Stavern (Klein Berßen, Groß Berßen);Niedersachsen;52.7743;7.4574
49779;Oberlangen (Niederlangen);Niedersachsen;52.8535;7.2744
49808;Lingen;Niedersachsen;52.5138;7.3133
49809;Lingen;Niedersachsen;52.5223;7.3284
49811;Lingen;Niedersachsen;52.5167;7.3167
49824;Laar (Emlichheim, Ringe);Niedersachsen;52.6056;6.8389
49828;Lage (Osterwald, Esche …);Niedersachsen;52.5198;6.9966
49832;Freren (Thuine, Messingen …);Niedersachsen;52.4774;7.5153
49835;Wietmarschen;Niedersachsen;52.5181;7.1341
49838;Handrup (Langen, Lengerich …);Niedersachsen;52.5661;7.5383
49843;Wielen (Halle, Uelsen …);Niedersachsen;52.4967;6.8567
49844;Bawinkel;Niedersachsen;52.6000;7.4000
49846;Hoogstede;Niedersachsen;52.5833;6.9500
49847;Itterbeck;Niedersachsen;52.5062;6.8035
49849;Wilsum;Niedersachsen;52.5333;6.8500
50126;Bergheim;Nordrhein-Westfalen;50.9562;6.6349
50127;Bergheim;Nordrhein-Westfalen;50.9412;6.6631
50129;Bergheim;Nordrhein-Westfalen;50.9741;6.6794
50169;Kerpen;Nordrhein-Westfalen;50.8748;6.7435
50170;Kerpen;Nordrhein-Westfalen;50.8964;6.6829
50171;Kerpen;Nordrhein-Westfalen;50.8791;6.6939
50181;Bedburg;Nordrhein-Westfalen;50.9926;6.5713
50189;Elsdorf;Nordrhein-Westfalen;50.9374;6.5683
50226;Frechen;Nordrhein-Westfalen;50.9149;6.8118
50259;Pulheim;Nordrhein-Westfalen;50.9996;6.8063
50321;Brühl;Nordrhein-Westfalen;50.8293;6.9050
50354;Hürth;Nordrhein-Westfalen;50.8708;6.8676
50374;Erftstadt;Nordrhein-Westfalen;50.8148;6.7939
50389;Wesseling;Nordrhein-Westfalen;50.8271;6.9747
50667;Köln;Nordrhein-Westfalen;50.9387;6.9547
50668;Köln;Nordrhein-Westfalen;50.9499;6.9628
50670;Köln;Nordrhein-Westfalen;50.9504;6.9502
50672;Köln;Nordrhein-Westfalen;50.9439;6.9363
50674;Köln;Nordrhein-Westfalen;50.9326;6.9342
50676;Köln;Nordrhein-Westfalen;50.9314;6.9526
50677;Köln;Nordrhein-Westfalen;50.9214;6.9507
50678;Köln;Nordrhein-Westfalen;50.9233;6.9635
50679;Köln;Nordrhein-Westfalen;50.9365;6.9781
50733;Köln;Nordrhein-Westfalen;50.9643;6.9537
50735;Köln;Nordrhein-Westfalen;50.9896;6.9622
50737;Köln;Nordrhein-Westfalen;50.9923;6.9334
50739;Köln;Nordrhein-Westfalen;50.9807;6.9212
50765;Köln;Nordrhein-Westfalen;51.0198;6.8684
50767;Köln;Nordrhein-Westfalen;51.0033;6.8847
50769;Köln;Nordrhein-Westfalen;51.0458;6.8760
50823;Köln;Nordrhein-Westfalen;50.9511;6.9264
50825;Köln;Nordrhein-Westfalen;50.9541;6.9103
50827;Köln;Nordrhein-Westfalen;50.9667;6.9000
50829;Köln;Nordrhein-Westfalen;50.9746;6.8713
50858;Köln;Nordrhein-Westfalen;50.9243;6.8565
50859;Köln;Nordrhein-Westfalen;50.9535;6.8328
50931;Köln;Nordrhein-Westfalen;50.9323;6.9183
50933;Köln;Nordrhein-Westfalen;50.9427;6.8763
50935;Köln;Nordrhein-Westfalen;50.9225;6.8956
50937;Köln;Nordrhein-Westfalen;50.9124;6.9108
50939;Köln;Nordrhein-Westfalen;50.9078;6.9247
50968;Köln;Nordrhein-Westfalen;50.9033;6.9647
50969;Köln;Nordrhein-Westfalen;50.9036;6.9385
50996;Köln;Nordrhein-Westfalen;50.8834;6.9902
50997;Köln;Nordrhein-Westfalen;50.8640;6.9512
50999;Köln;Nordrhein-Westfalen;50.8753;7.0202
51061;Köln;Nordrhein-Westfalen;50.9940;7.0030
51063;Köln;Nordrhein-Westfalen;50.9685;7.0054
51065;Köln;Nordrhein-Westfalen;50.9549;7.0121
51067;Köln;Nordrhein-Westfalen;50.9656;7.0420
51069;Köln;Nordrhein-Westfalen;50.9925;7.0537
51103;Köln;Nordrhein-Westfalen;50.9420;7.0166
51105;Köln;Nordrhein-Westfalen;50.9188;6.9972
51107;Köln;Nordrhein-Westfalen;50.9236;7.0905
51109;Köln;Nordrhein-Westfalen;50.9447;7.0699
51143;Köln;Nordrhein-Westfalen;50.8598;7.0360
51145;Köln;Nordrhein-Westfalen;50.8824;7.0804
51147;Köln;Nordrhein-Westfalen;50.8686;7.1073
51149;Köln;Nordrhein-Westfalen;50.9055;7.0414
51371;Leverkusen;Nordrhein-Westfalen;51.0645;6.9592
51373;Leverkusen;Nordrhein-Westfalen;51.0307;6.9898
51375;Leverkusen;Nordrhein-Westfalen;51.0331;7.0520
51377;Leverkusen;Nordrhein-Westfalen;51.0509;7.0633
51379;Leverkusen;Nordrhein-Westfalen;51.0665;7.0040
51381;Leverkusen;Nordrhein-Westfalen;51.0500;7.0167
51399;Burscheid;Nordrhein-Westfalen;51.0847;7.1139
51427;Bergisch Gladbach;Nordrhein-Westfalen;50.9520;7.1114
51429;Bergisch Gladbach;Nordrhein-Westfalen;50.9655;7.1823
51465;Bergisch Gladbach;Nordrhein-Westfalen;50.9891;7.1290
51467;Bergisch Gladbach;Nordrhein-Westfalen;51.0089;7.1052
51469;Bergisch Gladbach;Nordrhein-Westfalen;50.9854;7.1141
51491;Overath;Nordrhein-Westfalen;50.9327;7.2839
51503;Rösrath;Nordrhein-Westfalen;50.8956;7.1818
51515;Kürten;Nordrhein-Westfalen;51.0500;7.2667
51519;Odenthal;Nordrhein-Westfalen;51.0333;7.1167
51545;Waldbröl;Nordrhein-Westfalen;50.8758;7.6169
51570;Windeck;Nordrhein-Westfalen;50.7909;7.5676
51580;Reichshof;Nordrhein-Westfalen;50.9284;7.6432
51588;Nümbrecht;Nordrhein-Westfalen;50.9043;7.5406
51597;Morsbach;Nordrhein-Westfalen;50.8666;7.7279
51598;Friesenhagen;Rheinland-Pfalz;50.9038;7.8096
51643;Gummersbach;Nordrhein-Westfalen;51.0143;7.5724
51645;Gummersbach;Nordrhein-Westfalen;51.0006;7.5693
51647;Gummersbach;Nordrhein-Westfalen;51.0333;7.5500
51674;Wiehl;Nordrhein-Westfalen;50.9495;7.5506
51688;Wipperfürth;Nordrhein-Westfalen;51.1161;7.3986
51702;Bergneustadt;Nordrhein-Westfalen;51.0250;7.6560
51709;Marienheide;Nordrhein-Westfalen;51.0832;7.5309
51766;Engelskirchen;Nordrhein-Westfalen;50.9885;7.4139
51789;Lindlar;Nordrhein-Westfalen;51.0196;7.3776
52062;Aachen;Nordrhein-Westfalen;50.7760;6.0872
52064;Aachen;Nordrhein-Westfalen;50.7683;6.0760
52066;Aachen;Nordrhein-Westfalen;50.7564;6.0914
52068;Aachen;Nordrhein-Westfalen;50.7787;6.1085
52070;Aachen;Nordrhein-Westfalen;50.7884;6.1044
52072;Aachen;Nordrhein-Westfalen;50.8034;6.0627
52074;Aachen;Nordrhein-Westfalen;50.7479;6.0485
52076;Aachen;Nordrhein-Westfalen;50.7167;6.1481
52078;Aachen;Nordrhein-Westfalen;50.7624;6.1380
52080;Aachen;Nordrhein-Westfalen;50.7793;6.1642
52134;Herzogenrath;Nordrhein-Westfalen;50.8687;6.0932
52146;Würselen;Nordrhein-Westfalen;50.8181;6.1347
52152;Simmerath;Nordrhein-Westfalen;50.6000;6.3000
52156;Monschau;Nordrhein-Westfalen;50.5546;6.2400
52159;Roetgen;Nordrhein-Westfalen;50.6500;6.2000
52222;Stolberg (Rheinland);Nordrhein-Westfalen;50.7775;6.2209
52223;Stolberg (Rheinland);Nordrhein-Westfalen;50.7318;6.2104
52224;Stolberg (Rheinland);Nordrhein-Westfalen;50.7400;6.2877
52249;Eschweiler;Nordrhein-Westfalen;50.8185;6.2718
52349;Düren;Nordrhein-Westfalen;50.8009;6.4788
52351;Düren;Nordrhein-Westfalen;50.8086;6.4982
52353;Düren;Nordrhein-Westfalen;50.8294;6.4620
52355;Düren;Nordrhein-Westfalen;50.7907;6.4659
52372;Kreuzau;Nordrhein-Westfalen;50.7470;6.4907
52379;Langerwehe;Nordrhein-Westfalen;50.8167;6.3500
52382;Niederzier;Nordrhein-Westfalen;50.8833;6.4667
52385;Nideggen;Nordrhein-Westfalen;50.6927;6.4844
52388;Nörvenich;Nordrhein-Westfalen;50.8060;6.6395
52391;Vettweiß;Nordrhein-Westfalen;50.7333;6.6000
52393;Hürtgenwald;Nordrhein-Westfalen;50.7167;6.3667
52396;Heimbach;Nordrhein-Westfalen;50.6369;6.4690
52399;Merzenich;Nordrhein-Westfalen;50.8268;6.5249
52428;Jülich;Nordrhein-Westfalen;50.9215;6.3627
52441;Linnich;Nordrhein-Westfalen;50.9800;6.2705
52445;Titz;Nordrhein-Westfalen;51.0062;6.4248
52457;Aldenhoven;Nordrhein-Westfalen;50.9000;6.2833
52459;Inden;Nordrhein-Westfalen;50.8431;6.3600
52477;Alsdorf;Nordrhein-Westfalen;50.8767;6.1640
52499;Baesweiler;Nordrhein-Westfalen;50.9096;6.1887
52511;Geilenkirchen;Nordrhein-Westfalen;50.9675;6.1176
52525;Waldfeucht (Heinsberg);Nordrhein-Westfalen;51.0648;6.0440
52531;Übach-Palenberg;Nordrhein-Westfalen;50.9177;6.1234
52538;Gangelt (Selfkant);Nordrhein-Westfalen;51.0073;5.9639
53111;Bonn;Nordrhein-Westfalen;50.7362;7.1002
53113;Bonn;Nordrhein-Westfalen;50.7231;7.1068
53115;Bonn;Nordrhein-Westfalen;50.7272;7.0851
53117;Bonn;Nordrhein-Westfalen;50.7610;7.0630
53119;Bonn;Nordrhein-Westfalen;50.7431;7.0590
53121;Bonn;Nordrhein-Westfalen;50.7317;7.0575
53123;Bonn;Nordrhein-Westfalen;50.7110;7.0489
53125;Bonn;Nordrhein-Westfalen;50.7333;7.1000
53127;Bonn;Nordrhein-Westfalen;50.7112;7.0668
53129;Bonn;Nordrhein-Westfalen;50.7207;7.1070
53173;Bonn;Nordrhein-Westfalen;50.6902;7.1666
53175;Bonn;Nordrhein-Westfalen;50.6975;7.1417
53177;Bonn;Nordrhein-Westfalen;50.6813;7.1546
53179;Bonn;Nordrhein-Westfalen;50.6653;7.1822
53225;Bonn;Nordrhein-Westfalen;50.7462;7.1294
53227;Bonn;Nordrhein-Westfalen;50.7248;7.1555
53229;Bonn;Nordrhein-Westfalen;50.7323;7.1847
53332;Bornheim;Nordrhein-Westfalen;50.7631;6.9909
53340;Meckenheim;Nordrhein-Westfalen;50.6239;7.0294
53343;Wachtberg;Nordrhein-Westfalen;50.6333;7.1000
53347;Alfter;Nordrhein-Westfalen;50.7333;7.0167
53359;Rheinbach;Nordrhein-Westfalen;50.6256;6.9491
53424;Remagen;Rheinland-Pfalz;50.5788;7.2270
53426;Königsfeld (Schalkenbach, Dedenbach);Rheinland-Pfalz;50.4920;7.1689
53474;Bad Neuenahr-Ahrweiler;Rheinland-Pfalz;50.5432;7.1113
53489;Sinzig;Rheinland-Pfalz;50.5438;7.2464
53498;Waldorf (Gönnersdorf, Bad Breisig);Rheinland-Pfalz;50.4906;7.2629
53501;Grafschaft;Rheinland-Pfalz;50.5833;7.0667
53505;Altenahr (Kirchsahr, Berg …);Rheinland-Pfalz;50.5362;6.9602
53506;Rech (Ahrbrück, Heckenbach …);Rheinland-Pfalz;50.4860;6.9952
53507;Dernau;Rheinland-Pfalz;50.5333;7.0500
53508;Mayschoß;Rheinland-Pfalz;50.5208;7.0169
53518;Quiddelbach (Kottenborn, Wimbach …);Rheinland-Pfalz;50.3650;6.9305
53520;Nürburg (Kaltenborn, Dümpelfeld …);Rheinland-Pfalz;50.3994;6.8877
53533;Dorsel (Aremberg, Eichenbach …);Rheinland-Pfalz;50.4075;6.8224
53534;Barweiler (Wirft, Pomster …);Rheinland-Pfalz;50.3534;6.8599
53539;Kirsbach (Gelenberg, Bongard …);Rheinland-Pfalz;50.3094;6.9066
53545;Ockenfels (Linz am Rhein);Rheinland-Pfalz;50.5725;7.2799
53547;Leubsdorf (Kasbach-Ohlenberg, Dattenberg …);Rheinland-Pfalz;50.5657;7.3756
53557;Bad Hönningen;Rheinland-Pfalz;50.5169;7.3120
53560;Vettelschoß;Rheinland-Pfalz;50.6167;7.3500
53562;Sankt Katharinen;Rheinland-Pfalz;50.5833;7.3833
53567;Asbach (Buchholz (Westerwald));Rheinland-Pfalz;50.6767;7.4059
53572;Unkel (Bruchhausen);Rheinland-Pfalz;50.5983;7.2344
53577;Neustadt (Wied);Rheinland-Pfalz;50.6209;7.4325
53578;Windhagen;Rheinland-Pfalz;50.6412;7.3535
53579;Erpel;Rheinland-Pfalz;50.5833;7.2333
53604;Bad Honnef;Nordrhein-Westfalen;50.6434;7.2278
53619;Rheinbreitbach;Rheinland-Pfalz;50.6167;7.2333
53639;Königswinter;Nordrhein-Westfalen;50.7026;7.2584
53721;Siegburg;Nordrhein-Westfalen;50.8002;7.2077
53757;Sankt Augustin;Nordrhein-Westfalen;50.7754;7.1970
53773;Hennef;Nordrhein-Westfalen;50.7756;7.2831
53783;Eitorf;Nordrhein-Westfalen;50.7667;7.4500
53797;Lohmar;Nordrhein-Westfalen;50.8387;7.2140
53804;Much;Nordrhein-Westfalen;50.8747;7.3537
53809;Ruppichteroth;Nordrhein-Westfalen;50.8437;7.4841
53819;Neunkirchen-Seelscheid;Nordrhein-Westfalen;50.8667;7.3250
53840;Troisdorf;Nordrhein-Westfalen;50.8152;7.1720
53842;Troisdorf;Nordrhein-Westfalen;50.8189;7.1189
53844;Troisdorf;Nordrhein-Westfalen;50.8015;7.1271
53859;Niederkassel;Nordrhein-Westfalen;50.8150;7.0378
53879;Euskirchen;Nordrhein-Westfalen;50.6606;6.7872
53881;Euskirchen;Nordrhein-Westfalen;50.6272;6.8478
53894;Mechernich;Nordrhein-Westfalen;50.6399;6.7042
53902;Bad Münstereifel;Nordrhein-Westfalen;50.5567;6.7642
53909;Zülpich;Nordrhein-Westfalen;50.7000;6.6500
53913;Swisttal;Nordrhein-Westfalen;50.7000;6.9167
53919;Weilerswist;Nordrhein-Westfalen;50.7529;6.8458
53925;Kall;Nordrhein-Westfalen;50.5422;6.5630
53937;Schleiden;Nordrhein-Westfalen;50.5290;6.4769
53940;Hellenthal;Nordrhein-Westfalen;50.4412;6.4361
53945;Blankenheim;Nordrhein-Westfalen;50.4333;6.6500
53947;Nettersheim;Nordrhein-Westfalen;50.4937;6.6290
53949;Dahlem;Nordrhein-Westfalen;50.3861;6.5477
54290;Trier;Rheinland-Pfalz;49.7537;6.6393
54292;Trier;Rheinland-Pfalz;49.7728;6.6645
54293;Trier;Rheinland-Pfalz;49.7500;6.6333
54294;Trier;Rheinland-Pfalz;49.7440;6.6188
54295;Trier;Rheinland-Pfalz;49.7500;6.6333
54296;Trier;Rheinland-Pfalz;49.7500;6.6333
54298;Orenhofen (Aach, Eisenach …);Rheinland-Pfalz;49.7888;6.5841
54306;Kordel;Rheinland-Pfalz;49.8333;6.6333
54308;Langsur;Rheinland-Pfalz;49.7244;6.4991
54309;Newel;Rheinland-Pfalz;49.8124;6.5830
54310;Ralingen an der Sauer (Minden, Menningen);Rheinland-Pfalz;49.8278;6.4833
54311;Trierweiler;Rheinland-Pfalz;49.7623;6.5599
54313;Zemmer;Rheinland-Pfalz;49.9000;6.7000
54314;Hentern (Vierherrenborn, Paschel …);Rheinland-Pfalz;49.6167;6.6861
54316;Lampaden (Hinzenburg, Franzenheim …);Rheinland-Pfalz;49.6778;6.7232
54317;Morscheid (Herl, Gusterath …);Rheinland-Pfalz;49.7261;6.7690
54318;Mertesdorf;Rheinland-Pfalz;49.7721;6.7329
54320;Waldrach;Rheinland-Pfalz;49.7462;6.7454
54329;Konz;Rheinland-Pfalz;49.7005;6.5765
54331;Pellingen (Oberbillig);Rheinland-Pfalz;49.6925;6.5887
54332;Wasserliesch;Rheinland-Pfalz;49.7074;6.5394
54338;Longen (Schweich);Rheinland-Pfalz;49.8110;6.7679
54340;Leiwen (Longuich, Köwerich …);Rheinland-Pfalz;49.8275;6.8273
54341;Fell;Rheinland-Pfalz;49.7667;6.7833
54343;Föhren;Rheinland-Pfalz;49.8593;6.7648
54344;Kenn;Rheinland-Pfalz;49.8000;6.7167
54346;Mehring;Rheinland-Pfalz;49.8000;6.8333
54347;Neumagen-Dhron;Rheinland-Pfalz;49.8555;6.8978
54349;Trittenheim;Rheinland-Pfalz;49.8247;6.8993
54411;Hermeskeil (Deuselbach, Rorodt);Rheinland-Pfalz;49.7240;7.0147
54413;Damflos (Bescheid, Geisfeld …);Rheinland-Pfalz;49.6905;6.9214
54421;Hinzert-Pölert (Reinsfeld);Rheinland-Pfalz;49.6917;6.8917
54422;Züsch (Börfink, Neuhütten);Rheinland-Pfalz;49.6587;7.0328
54424;Gielert (Lückenburg, Etgert …);Rheinland-Pfalz;49.7540;6.9883
54426;Berglicht (Heidenburg, Talling …);Rheinland-Pfalz;49.7659;6.9550
54427;Kell am See;Rheinland-Pfalz;49.6331;6.8222
54429;Heddert (Waldweiler, Mandern …);Rheinland-Pfalz;49.6250;6.7750
54439;Merzkirchen (Saarburg, Fisch …);Rheinland-Pfalz;49.5933;6.4693
54441;Taben-Rodt (Kanzem, Ayl …);Rheinland-Pfalz;49.6195;6.5349
54450;Freudenburg;Rheinland-Pfalz;49.5435;6.5329
54451;Irsch;Rheinland-Pfalz;49.6049;6.5955
54453;Nittel;Rheinland-Pfalz;49.6500;6.4500
54455;Serrig;Rheinland-Pfalz;49.5752;6.5745
54456;Tawern (Onsdorf);Rheinland-Pfalz;49.6583;6.5000
54457;Wincheringen;Rheinland-Pfalz;49.6090;6.4260
54459;Wiltingen;Rheinland-Pfalz;49.6592;6.5926
54470;Graach (Bernkastel-Kues, Lieser);Rheinland-Pfalz;49.9224;7.0522
54472;Gornhausen (Veldenz, Burgen …);Rheinland-Pfalz;49.8867;7.0743
54483;Kleinich;Rheinland-Pfalz;49.9000;7.1833
54484;Maring-Noviand;Rheinland-Pfalz;49.9333;7.0000
54486;Mülheim;Rheinland-Pfalz;49.9125;7.0195
54487;Wintrich;Rheinland-Pfalz;49.8833;6.9500
54492;Lösnich (Erden, Zeltingen-Rachtig);Rheinland-Pfalz;49.9667;7.0222
54497;Morbach (Horath);Rheinland-Pfalz;49.8093;7.0565
54498;Piesport;Rheinland-Pfalz;49.8864;6.9165
54516;Flußbach (Wittlich);Rheinland-Pfalz;50.0014;6.9132
54518;Dodenburg (Niersbach, Bruch …);Rheinland-Pfalz;49.9383;6.8312
54523;Dierscheid (Hetzerath);Rheinland-Pfalz;49.8916;6.7834
54524;Klausen;Rheinland-Pfalz;49.9000;6.8833
54526;Landscheid;Rheinland-Pfalz;49.9833;6.7667
54528;Salmtal;Rheinland-Pfalz;49.9333;6.8500
54529;Spangdahlem;Rheinland-Pfalz;49.9833;6.6833
54531;Pantenburg (Eckfeld, Wallscheid …);Rheinland-Pfalz;50.0982;6.8266
54533;Eisenschmitt (Dierfeld, Hasborn …);Rheinland-Pfalz;50.0542;6.8378
54534;Musweiler (Großlittgen, Schladt …);Rheinland-Pfalz;50.0320;6.8080
54536;Kröv;Rheinland-Pfalz;49.9833;7.0833
54538;Hontheim (Bengel, Kinderbeuern …);Rheinland-Pfalz;50.0182;7.0123
54539;Ürzig;Rheinland-Pfalz;49.9794;7.0061
54550;Daun;Rheinland-Pfalz;50.1972;6.8294
54552;Dreis-Brück (Steineberg, Strotzbüsch …);Rheinland-Pfalz;50.2050;6.8879
54558;Mückeln (Strohn, Saxler …);Rheinland-Pfalz;50.1222;6.9174
54568;Gerolstein;Rheinland-Pfalz;50.2222;6.6598
54570;Densborn (Schutz, Kalenborn-Scheuern …);Rheinland-Pfalz;50.1832;6.7121
54574;Kopp (Birresborn);Rheinland-Pfalz;50.1833;6.6083
54576;Hillesheim (Dohm-Lammersdorf);Rheinland-Pfalz;50.2793;6.6681
54578;Wiesbaum (Basberg, Oberbettingen …);Rheinland-Pfalz;50.3048;6.7000
54579;Üxheim;Rheinland-Pfalz;50.3500;6.7500
54584;Feusdorf (Jünkerath, Gönnersdorf);Rheinland-Pfalz;50.3425;6.5994
54585;Esch;Rheinland-Pfalz;50.3667;6.6167
54586;Schüller;Rheinland-Pfalz;50.3333;6.5833
54587;Birgel (Lissendorf);Rheinland-Pfalz;50.3167;6.6083
54589;Kerschenbach (Stadtkyll);Rheinland-Pfalz;50.3500;6.5167
54595;Prüm (Pittenbach, Gondenbrett …);Rheinland-Pfalz;50.2013;6.4006
54597;Steffeln (Matzerath, Schwirzheim …);Rheinland-Pfalz;50.1880;6.4334
54608;Buchet (Bleialf, Sellerich …);Rheinland-Pfalz;50.2338;6.2927
54610;Büdesheim;Rheinland-Pfalz;50.2167;6.5500
54611;Scheid (Hallschlag);Rheinland-Pfalz;50.3567;6.4300
54612;Lasel (Nimshuscheid, Wawern);Rheinland-Pfalz;50.1111;6.4778
54614;Dingdorf (Niederlauch, Heisdorf …);Rheinland-Pfalz;50.1553;6.4377
54616;Winterspelt;Rheinland-Pfalz;50.2167;6.2167
54617;Sevenig (Our) (Harspelt, Lützkampen);Rheinland-Pfalz;50.1333;6.1722
54619;Kesfeld (Leidenborn, Heckhuscheid …);Rheinland-Pfalz;50.1314;6.2218
54634;Metterich (Niederstedem, Oberstedem …);Rheinland-Pfalz;49.9529;6.5233
54636;Rittersdorf (Dahlem, Feilsdorf …);Rheinland-Pfalz;49.9819;6.4825
54646;Hisel (Wettlingen, Burg …);Rheinland-Pfalz;49.9469;6.3743
54647;Dudeldorf (Pickließem, Gondorf);Rheinland-Pfalz;49.9778;6.6333
54649;Dackscheid (Hargarten, Lauperath …);Rheinland-Pfalz;50.0948;6.3724
54655;Usch (Wilsecker, Orsfeld …);Rheinland-Pfalz;50.0550;6.5999
54657;Gindorf (Badem, Neidenbach);Rheinland-Pfalz;50.0389;6.6056
54662;Herforst (Philippsheim, Speicher …);Rheinland-Pfalz;49.9458;6.6583
54664;Auw an der Kyll (Hosten, Preist);Rheinland-Pfalz;49.9022;6.6217
54666;Irrel;Rheinland-Pfalz;49.8454;6.4570
54668;Peffingen (Prümzurlay, Niederweis …);Rheinland-Pfalz;49.8721;6.4302
54669;Bollendorf;Rheinland-Pfalz;49.8527;6.3579
54673;Scheuern (Zweifelscheid, Krautscheid …);Rheinland-Pfalz;50.0113;6.2489
54675;Körperich (Ammeldingen an der Our, Kruchten …);Rheinland-Pfalz;49.9360;6.2962
54687;Arzfeld;Rheinland-Pfalz;50.0896;6.2707
54689;Preischeid (Dahnen, Olmscheid …);Rheinland-Pfalz;50.0518;6.1818
55116;Mainz;Rheinland-Pfalz;50.0010;8.2688
55118;Mainz;Rheinland-Pfalz;50.0000;8.2711
55120;Mainz;Rheinland-Pfalz;50.0196;8.2321
55122;Mainz;Rheinland-Pfalz;49.9950;8.2370
55124;Mainz;Rheinland-Pfalz;50.0025;8.2148
55126;Mainz;Rheinland-Pfalz;49.9836;8.1767
55127;Mainz;Rheinland-Pfalz;50.0000;8.2711
55128;Mainz;Rheinland-Pfalz;49.9808;8.2422
55129;Mainz;Rheinland-Pfalz;49.9661;8.2663
55130;Mainz;Rheinland-Pfalz;49.9873;8.2965
55131;Mainz;Rheinland-Pfalz;49.9823;8.2609
55218;Ingelheim am Rhein;Rheinland-Pfalz;49.9708;8.0588
55232;Alzey (Ensheim);Rheinland-Pfalz;49.7765;8.1153
55234;Hangen-Weisheim (Gau-Heppenheim, Wahlheim …);Rheinland-Pfalz;49.7354;8.1146
55237;Flonheim (Lonsheim, Bornheim);Rheinland-Pfalz;49.7822;8.0590
55239;Gau-Odernheim;Rheinland-Pfalz;49.7847;8.1942
55246;Mainz-Kostheim;Hessen;50.0051;8.3134
55252;Mainz-Kastel;Hessen;50.0102;8.2844
55257;Budenheim;Rheinland-Pfalz;50.0167;8.1667
55262;Heidesheim am Rhein;Rheinland-Pfalz;50.0000;8.1261
55263;Wackernheim;Rheinland-Pfalz;49.9744;8.1167
55268;Nieder-Olm;Rheinland-Pfalz;49.9117;8.2053
55270;Essenheim (Ober-Olm, Zornheim …);Rheinland-Pfalz;49.9146;8.1451
55271;Stadecken-Elsheim;Rheinland-Pfalz;49.9122;8.1253
55276;Dienheim (Oppenheim);Rheinland-Pfalz;49.8460;8.3547
55278;Friesenheim (Weinolsheim, Selzen …);Rheinland-Pfalz;49.8330;8.2725
55283;Nierstein;Rheinland-Pfalz;49.8700;8.3365
55286;Wörrstadt (Sulzheim);Rheinland-Pfalz;49.8458;8.1079
55288;Armsheim (Udenheim, Schornsheim …);Rheinland-Pfalz;49.8371;8.1243
55291;Saulheim;Rheinland-Pfalz;49.8774;8.1363
55294;Bodenheim;Rheinland-Pfalz;49.9353;8.3200
55296;Harxheim (Gau-Bischofsheim, Lörzweiler);Rheinland-Pfalz;49.9065;8.2772
55299;Nackenheim;Rheinland-Pfalz;49.9153;8.3389
55411;Bingen am Rhein;Rheinland-Pfalz;49.9667;7.8992
55413;Oberdiebach (Niederheimbach, Oberheimbach …);Rheinland-Pfalz;50.0140;7.8075
55422;Breitscheid (Bacharach);Rheinland-Pfalz;50.0536;7.7348
55424;Münster-Sarmsheim;Rheinland-Pfalz;49.9434;7.8943
55425;Waldalgesheim;Rheinland-Pfalz;49.9500;7.8333
55430;Oberwesel (Perscheid, Urbar);Rheinland-Pfalz;50.1026;7.7140
55432;Niederburg (Damscheid);Rheinland-Pfalz;50.1084;7.6917
55435;Gau-Algesheim;Rheinland-Pfalz;49.9567;8.0157
55437;Ober-Hilbersheim (Ockenheim, Appenheim …);Rheinland-Pfalz;49.9217;8.0189
55442;Stromberg (Roth, Daxweiler …);Rheinland-Pfalz;49.9485;7.7766
55444;Dörrebach (Schweppenhausen, Schöneberg …);Rheinland-Pfalz;49.9354;7.7532
55450;Langenlonsheim;Rheinland-Pfalz;49.9000;7.9000
55452;Windesheim (Hergenfeld, Dorsheim …);Rheinland-Pfalz;49.9093;7.8440
55457;Gensingen (Horrweiler);Rheinland-Pfalz;49.9000;7.9500
55459;Grolsheim (Aspisheim);Rheinland-Pfalz;49.9042;7.9497
55469;Niederkumbd (Pleizenhausen, Altweidelbach …);Rheinland-Pfalz;49.9950;7.5328
55471;Külz (Fronhofen, Neuerkirch …);Rheinland-Pfalz;49.9798;7.4822
55481;Reckershausen (Nieder Kostenz, Dillendorf …);Rheinland-Pfalz;49.9460;7.3898
55483;Dickenschied (Lautzenhausen, Schlierschied …);Rheinland-Pfalz;49.9251;7.3382
55487;Laufersweiler (Sohrschied, Dill …);Rheinland-Pfalz;49.9160;7.3310
55490;Henau (Gehlweiler, Mengerschied …);Rheinland-Pfalz;49.8852;7.4629
55491;Niederweiler (Wahlenau, Büchenbeuren);Rheinland-Pfalz;49.9070;7.2711
55494;Rheinböllen (Wahlbach, Mörschbach …);Rheinland-Pfalz;50.0171;7.6431
55496;Argenthal;Rheinland-Pfalz;49.9667;7.6000
55497;Schnorbach (Ellern);Rheinland-Pfalz;49.9825;7.6303
55499;Riesweiler;Rheinland-Pfalz;49.9590;7.5567
55543;Bad Kreuznach;Rheinland-Pfalz;49.8368;7.8647
55545;Bad Kreuznach;Rheinland-Pfalz;49.8484;7.8378
55546;Frei-Laubersheim (Tiefenthal, Neu-Bamberg …);Rheinland-Pfalz;49.8106;7.9165
55559;Bretzenheim;Rheinland-Pfalz;49.8780;7.8965
55566;Bad Sobernheim (Meddersheim, Kirschroth …);Rheinland-Pfalz;49.8160;7.6225
55568;Lauschied (Abtweiler, Staudernheim);Rheinland-Pfalz;49.7533;7.6519
55569;Monzingen (Langenthal, Auen …);Rheinland-Pfalz;49.8161;7.5941
55571;Odernheim am Glan;Rheinland-Pfalz;49.7648;7.7061
55576;Pleitersheim (Sprendlingen, Badenheim …);Rheinland-Pfalz;49.8567;7.9667
55578;Wolfsheim (Gau-Weinheim, Sankt Johann …);Rheinland-Pfalz;49.8576;8.0443
55583;Bad Münster am Stein-Ebernburg;Rheinland-Pfalz;49.8116;7.8452
55585;Niederhausen (Oberhausen an der Nahe, Duchroth …);Rheinland-Pfalz;49.7907;7.7913
55590;Meisenheim;Rheinland-Pfalz;49.7072;7.6677
55592;Raumbach (Desloch, Breitenheim …);Rheinland-Pfalz;49.7167;7.6400
55593;Rüdesheim;Rheinland-Pfalz;49.8500;7.8167
55595;Spall (Sommerloch, Roxheim …);Rheinland-Pfalz;49.8622;7.7337
55596;Waldböckelheim (Schloßböckelheim, Oberstreit);Rheinland-Pfalz;49.8056;7.7222
55597;Wöllstein (Gumbsheim);Rheinland-Pfalz;49.8167;7.9750
55599;Gau-Bickelheim (Stein-Bockenheim, Siefersheim …);Rheinland-Pfalz;49.7971;7.9775
55606;Hahnenbach (Kellenbach, Heinzenberg …);Rheinland-Pfalz;49.7942;7.4903
55608;Berschweiler (Griebelschied, Becherbach bei Kirn …);Rheinland-Pfalz;49.8036;7.4149
55618;Simmertal;Rheinland-Pfalz;49.8098;7.5228
55619;Hennweiler;Rheinland-Pfalz;49.8167;7.4333
55621;Hundsbach;Rheinland-Pfalz;49.7167;7.5500
55624;Weitersbach (Rhaunen, Oberkirn …);Rheinland-Pfalz;49.8717;7.3431
55626;Bundenbach;Rheinland-Pfalz;49.8428;7.3783
55627;Weiler bei Monzingen (Merxheim, Martinstein);Rheinland-Pfalz;49.7977;7.5534
55629;Seesbach (Schwarzerden, Weitersborn);Rheinland-Pfalz;49.8485;7.5322
55743;Idar-Oberstein (Gerach, Hintertiefenbach …);Rheinland-Pfalz;49.7362;7.3282
55756;Herrstein;Rheinland-Pfalz;49.7833;7.3333
55758;Asbach (Langweiler, Mittelreidenbach …);Rheinland-Pfalz;49.7746;7.3203
55765;Dienstweiler (Birkenfeld, Dambach …);Rheinland-Pfalz;49.6503;7.1741
55767;Oberbrombach (Niederbrombach, Brücken …);Rheinland-Pfalz;49.6701;7.1892
55768;Hoppstädten-Weiersbach;Rheinland-Pfalz;49.6167;7.2000
55774;Baumholder;Rheinland-Pfalz;49.6489;7.3975
55776;Rohrbach (Berglangenbach, Hahnweiler …);Rheinland-Pfalz;49.6086;7.2608
55777;Eckersweiler (Mettweiler, Fohren-Linden …);Rheinland-Pfalz;49.5780;7.2939
55779;Leitzweiler (Heimbach);Rheinland-Pfalz;49.6000;7.2333
56068;Koblenz;Rheinland-Pfalz;50.3567;7.5932
56070;Koblenz;Rheinland-Pfalz;50.3849;7.5741
56072;Koblenz;Rheinland-Pfalz;50.3578;7.5251
56073;Koblenz;Rheinland-Pfalz;50.3586;7.5812
56075;Koblenz;Rheinland-Pfalz;50.3201;7.5682
56076;Koblenz;Rheinland-Pfalz;50.3500;7.6000
56077;Koblenz;Rheinland-Pfalz;50.3500;7.6000
56112;Lahnstein;Rheinland-Pfalz;50.3000;7.6167
56130;Bad Ems;Rheinland-Pfalz;50.3354;7.7137
56132;Kemmenau (Nievern, Becheln …);Rheinland-Pfalz;50.3266;7.7113
56133;Fachbach;Rheinland-Pfalz;50.3333;7.6833
56154;Boppard;Rheinland-Pfalz;50.2308;7.5899
56170;Bendorf;Rheinland-Pfalz;50.4229;7.5792
56179;Niederwerth (Vallendar);Rheinland-Pfalz;50.3979;7.6205
56182;Urbar;Rheinland-Pfalz;50.3833;7.6333
56191;Weitersburg;Rheinland-Pfalz;50.4167;7.6000
56203;Höhr-Grenzhausen;Rheinland-Pfalz;50.4347;7.6690
56204;Hillscheid;Rheinland-Pfalz;50.4064;7.6986
56206;Hilgert (Kammerforst);Rheinland-Pfalz;50.4596;7.6816
56218;Mülheim-Kärlich;Rheinland-Pfalz;50.3851;7.4989
56220;Bassenheim (Sankt Sebastian, Urmitz …);Rheinland-Pfalz;50.4005;7.5110
56235;Ransbach-Baumbach (Hundsdorf);Rheinland-Pfalz;50.4676;7.7153
56237;Oberhaid (Wittgert, Wirscheid …);Rheinland-Pfalz;50.4852;7.6700
56242;Ellenhausen (Quirnbach, Nordhofen …);Rheinland-Pfalz;50.5273;7.7489
56244;Helferskirchen (Hartenfels, Arnshöfen …);Rheinland-Pfalz;50.5417;7.8048
56249;Herschbach;Rheinland-Pfalz;50.5833;7.7333
56253;Treis-Karden;Rheinland-Pfalz;50.1717;7.3022
56254;Müden (Moselkern);Rheinland-Pfalz;50.1897;7.3552
56269;Marienhausen (Dierdorf);Rheinland-Pfalz;50.5552;7.6728
56271;Isenburg (Roßbach, Kleinmaischeid …);Rheinland-Pfalz;50.5571;7.6628
56276;Großmaischeid (Stebach);Rheinland-Pfalz;50.5084;7.6417
56281;Hungenroth (Dörth, Karbach …);Rheinland-Pfalz;50.1476;7.5804
56283;Halsenbach (Nörtershausen, Morshausen …);Rheinland-Pfalz;50.1819;7.4987
56288;Alterkülz (Lahr, Bell …);Rheinland-Pfalz;50.0683;7.4528
56290;Lieg (Lütz, Gödenroth …);Rheinland-Pfalz;50.1202;7.4020
56291;Kisselbach (Badenhard, Leiningen …);Rheinland-Pfalz;50.1050;7.5836
56294;Kalt (Gierschnach, Münstermaifeld …);Rheinland-Pfalz;50.2558;7.3607
56295;Lonnig (Kerben, Rüber);Rheinland-Pfalz;50.3089;7.3795
56299;Ochtendung;Rheinland-Pfalz;50.3500;7.3833
56305;Puderbach (Döttesfeld);Rheinland-Pfalz;50.6138;7.5614
56307;Dernbach (Harschbach, Dürrholz);Rheinland-Pfalz;50.5741;7.5907
56316;Niederhofen (Hanroth, Raubach);Rheinland-Pfalz;50.5750;7.6250
56317;Linkenbach (Urbach);Rheinland-Pfalz;50.5708;7.5667
56321;Brey (Rhens);Rheinland-Pfalz;50.2769;7.6220
56322;Spay;Rheinland-Pfalz;50.2588;7.6484
56323;Waldesch;Rheinland-Pfalz;50.2833;7.5500
56329;Sankt Goar;Rheinland-Pfalz;50.1488;7.7072
56330;Kobern-Gondorf;Rheinland-Pfalz;50.3023;7.4561
56332;Dieblich (Löf, Alken …);Rheinland-Pfalz;50.2625;7.4437
56333;Winningen;Rheinland-Pfalz;50.3167;7.5167
56335;Neuhäusel;Rheinland-Pfalz;50.3836;7.7096
56337;Kadenbach (Arzbach, Simmern …);Rheinland-Pfalz;50.3824;7.7200
56338;Braubach;Rheinland-Pfalz;50.2736;7.6451
56340;Dachsenhausen (Osterspai);Rheinland-Pfalz;50.2439;7.6466
56341;Kamp-Bornhofen (Filsen);Rheinland-Pfalz;50.2315;7.6043
56346;Prath (Sankt Goarshausen, Lykershausen);Rheinland-Pfalz;50.1806;7.6879
56348;Dörscheid (Weisel, Dahlheim …);Rheinland-Pfalz;50.1478;7.7325
56349;Kaub;Rheinland-Pfalz;50.0883;7.7607
56355;Hunzel (Endlichhofen, Kehlbach …);Rheinland-Pfalz;50.2108;7.8212
56357;Miehlen (Rettershain, Obertiefenbach …);Rheinland-Pfalz;50.2028;7.8047
56368;Berghausen (Roth, Ergeshausen …);Rheinland-Pfalz;50.2677;7.9454
56370;Kördorf (Wasenbach, Schönborn …);Rheinland-Pfalz;50.2725;7.9628
56377;Nassau (Misselberg, Seelbach …);Rheinland-Pfalz;50.3053;7.7966
56379;Steinsberg (Obernhof, Horhausen …);Rheinland-Pfalz;50.3306;7.8521
56410;Montabaur;Rheinland-Pfalz;50.4359;7.8232
56412;Nentershausen (Nomborn, Niederelbert …);Rheinland-Pfalz;50.4065;7.8687
56414;Salz (Dreikirchen, Molsberg …);Rheinland-Pfalz;50.4785;7.9360
56422;Wirges;Rheinland-Pfalz;50.4719;7.7984
56424;Ebernhahn (Moschheim, Mogendorf …);Rheinland-Pfalz;50.4735;7.8257
56427;Siershahn;Rheinland-Pfalz;50.4864;7.7797
56428;Dernbach (Westerwald);Rheinland-Pfalz;50.4667;7.7833
56457;Halbs (Hergenroth, Westerburg);Rheinland-Pfalz;50.5777;7.9714
56459;Kölbingen (Willmenrod, Guckheim …);Rheinland-Pfalz;50.5604;7.9451
56462;Höhn;Rheinland-Pfalz;50.6167;7.9833
56470;Bad Marienberg;Rheinland-Pfalz;50.6495;7.9496
56472;Hardt (Stockhausen-Illfurth, Dreisbach …);Rheinland-Pfalz;50.6498;7.9696
56477;Nister-Möhrendorf (Rennerod, Zehnhausen bei Rennerod …);Rheinland-Pfalz;50.6417;8.0738
56479;Neunkirchen (Westernohe, Hellenhahn-Schellenberg …);Rheinland-Pfalz;50.6187;8.0757
56564;Neuwied;Rheinland-Pfalz;50.4326;7.4630
56566;Neuwied;Rheinland-Pfalz;50.4369;7.5452
56567;Neuwied;Rheinland-Pfalz;50.4565;7.4693
56575;Weißenthurm;Rheinland-Pfalz;50.4172;7.4507
56579;Hardert (Rengsdorf, Bonefeld);Rheinland-Pfalz;50.5135;7.5020
56581;Melsbach (Kurtscheid, Ehlscheid);Rheinland-Pfalz;50.5104;7.4722
56584;Rüscheid (Anhausen, Meinborn …);Rheinland-Pfalz;50.5083;7.5667
56587;Straßenhaus (Oberhonnefeld-Gierend, Oberraden);Rheinland-Pfalz;50.5464;7.5241
56588;Waldbreitbach;Rheinland-Pfalz;50.5500;7.4167
56589;Datzeroth (Niederbreitbach);Rheinland-Pfalz;50.5236;7.4188
56593;Krunkel (Obersteinebach, Bürdenbach …);Rheinland-Pfalz;50.5931;7.5154
56594;Willroth;Rheinland-Pfalz;50.5691;7.5275
56598;Hammerstein (Rheinbrohl);Rheinland-Pfalz;50.4916;7.3416
56599;Leutesdorf;Rheinland-Pfalz;50.4500;7.3833
56626;Andernach;Rheinland-Pfalz;50.4311;7.4042
56630;Kretz;Rheinland-Pfalz;50.3957;7.3625
56637;Plaidt;Rheinland-Pfalz;50.3926;7.3925
56642;Kruft;Rheinland-Pfalz;50.3833;7.3333
56645;Nickenich;Rheinland-Pfalz;50.4142;7.3273
56648;Saffig;Rheinland-Pfalz;50.3833;7.4167
56651;Niederdürenbach (Galenberg, Oberdürenbach …);Rheinland-Pfalz;50.4487;7.1919
56653;Wassenach (Wehr, Glees);Rheinland-Pfalz;50.4278;7.2500
56656;Brohl-Lützing;Rheinland-Pfalz;50.4830;7.3291
56659;Burgbrohl;Rheinland-Pfalz;50.4546;7.2772
56727;Reudelsterz (Sankt Johann, Mayen);Rheinland-Pfalz;50.3316;7.1909
56729;Boos (Ettringen, Arft …);Rheinland-Pfalz;50.3365;7.0872
56736;Kottenheim;Rheinland-Pfalz;50.3500;7.2500
56743;Mendig (Thür);Rheinland-Pfalz;50.3618;7.2801
56745;Hausten (Rieden, Weibern …);Rheinland-Pfalz;50.3983;7.1660
56746;Hohenleimbach (Kempenich, Spessart);Rheinland-Pfalz;50.4256;7.0980
56751;Einig (Kollig, Gering …);Rheinland-Pfalz;50.2833;7.2866
56753;Mertloch (Naunheim, Pillig …);Rheinland-Pfalz;50.2817;7.3106
56754;Brohl (Dünfus, Binningen …);Rheinland-Pfalz;50.2205;7.2611
56759;Eppenberg (Kalenborn, Kaisersesch …);Rheinland-Pfalz;50.2395;7.0890
56761;Gamlen (Hauroth, Düngenheim …);Rheinland-Pfalz;50.2387;7.1628
56766;Filz (Auderath, Ulmen …);Rheinland-Pfalz;50.2085;6.9725
56767;Höchstberg (Kolverath, Lirstal …);Rheinland-Pfalz;50.2556;6.9921
56769;Mannebach (Bereborn, Retterath …);Rheinland-Pfalz;50.2792;7.0042
56812;Valwig (Dohr, Cochem);Rheinland-Pfalz;50.1415;7.1673
56814;Illerich (Ernst, Landkern …);Rheinland-Pfalz;50.1538;7.1773
56818;Klotten;Rheinland-Pfalz;50.1667;7.2000
56820;Senheim-Senhals (Nehren, Briedern …);Rheinland-Pfalz;50.0917;7.2021
56821;Ellenz-Poltersdorf;Rheinland-Pfalz;50.1000;7.2333
56823;Büchel;Rheinland-Pfalz;50.1729;7.0832
56825;Schmitt (Gillenbeuren, Gevenich …);Rheinland-Pfalz;50.1365;7.0574
56826;Lutzerath (Wollmerath, Wagenhausen);Rheinland-Pfalz;50.1423;6.9913
56828;Alflen;Rheinland-Pfalz;50.1768;7.0395
56829;Brieden (Kail, Pommern);Rheinland-Pfalz;50.1778;7.2611
56841;Traben-Trarbach;Rheinland-Pfalz;49.9508;7.1156
56843;Starkenburg (Burg (Mosel), Irmenach …);Rheinland-Pfalz;49.9602;7.1639
56850;Hahn (Enkirch, Raversbeuren);Rheinland-Pfalz;49.9670;7.2100
56856;Zell;Rheinland-Pfalz;50.0292;7.1823
56858;Belg (Altstrimmig, Haserich …);Rheinland-Pfalz;50.0469;7.2737
56859;Alf (Bullay);Rheinland-Pfalz;50.0545;7.1303
56861;Reil;Rheinland-Pfalz;50.0167;7.1167
56862;Pünderich;Rheinland-Pfalz;50.0400;7.1280
56864;Bad Bertrich;Rheinland-Pfalz;50.0667;7.0333
56865;Hesweiler (Moritzheim, Walhausen …);Rheinland-Pfalz;50.0365;7.2884
56867;Briedel;Rheinland-Pfalz;50.0167;7.1500
56869;Mastershausen;Rheinland-Pfalz;50.0667;7.3500
57072;Siegen;Nordrhein-Westfalen;50.8734;8.0104
57074;Siegen;Nordrhein-Westfalen;50.8625;8.0338
57076;Siegen;Nordrhein-Westfalen;50.8994;8.0310
57078;Siegen;Nordrhein-Westfalen;50.9116;8.0080
57080;Siegen;Nordrhein-Westfalen;50.8340;8.0219
57223;Kreuztal;Nordrhein-Westfalen;50.9678;7.9885
57234;Wilnsdorf;Nordrhein-Westfalen;50.8167;8.1000
57250;Netphen;Nordrhein-Westfalen;50.8998;8.1513
57258;Freudenberg;Nordrhein-Westfalen;50.8974;7.8741
57271;Hilchenbach;Nordrhein-Westfalen;50.9969;8.1106
57290;Neunkirchen;Nordrhein-Westfalen;50.8000;8.0000
57299;Burbach;Nordrhein-Westfalen;50.7511;8.0794
57319;Bad Berleburg;Nordrhein-Westfalen;51.0388;8.4157
57334;Bad Laasphe;Nordrhein-Westfalen;50.9409;8.3302
57339;Erndtebrück;Nordrhein-Westfalen;50.9893;8.2529
57368;Lennestadt;Nordrhein-Westfalen;51.1172;8.0671
57392;Schmallenberg;Nordrhein-Westfalen;51.1547;8.2850
57399;Kirchhundem;Nordrhein-Westfalen;51.0856;8.0889
57413;Finnentrop;Nordrhein-Westfalen;51.1680;7.9730
57439;Attendorn;Nordrhein-Westfalen;51.1264;7.9033
57462;Olpe;Nordrhein-Westfalen;51.0290;7.8514
57482;Wenden;Nordrhein-Westfalen;50.9667;7.8667
57489;Drolshagen;Nordrhein-Westfalen;51.0236;7.7736
57518;Steineroth (Alsdorf, Betzdorf);Rheinland-Pfalz;50.7762;7.8706
57520;Langenbach bei Kirburg (Derschen, Molzhain …);Rheinland-Pfalz;50.7316;7.9140
57537;Forst (Wissen, Mittelhof);Rheinland-Pfalz;50.7848;7.7409
57539;Bitzen (Hövels, Breitscheidt …);Rheinland-Pfalz;50.7692;7.7052
57548;Kirchen;Rheinland-Pfalz;50.8085;7.8863
57555;Brachbach (Mudersbach);Rheinland-Pfalz;50.8209;7.9384
57562;Herdorf;Rheinland-Pfalz;50.7770;7.9537
57567;Daaden;Rheinland-Pfalz;50.7333;7.9667
57572;Harbach (Niederfischbach);Rheinland-Pfalz;50.8500;7.8500
57577;Hamm (Seelbach);Rheinland-Pfalz;50.7598;7.6820
57578;Elkenroth;Rheinland-Pfalz;50.7333;7.8833
57580;Gebhardshain (Elben, Fensdorf);Rheinland-Pfalz;50.7444;7.8056
57581;Katzwinkel;Rheinland-Pfalz;50.8147;7.8224
57583;Mörlen (Nauroth);Rheinland-Pfalz;50.6987;7.8799
57584;Wallmenroth (Scheuerfeld);Rheinland-Pfalz;50.7937;7.8373
57586;Weitefeld;Rheinland-Pfalz;50.7254;7.9281
57587;Birken-Honigsessen;Rheinland-Pfalz;50.8167;7.7333
57589;Pracht (Birkenbeul, Niederirsen);Rheinland-Pfalz;50.7479;7.6218
57610;Bachenberg (Michelbach, Gieleroth …);Rheinland-Pfalz;50.6865;7.6637
57612;Giesenhausen (Birnbach, Hilgenroth …);Rheinland-Pfalz;50.7161;7.6627
57614;Woldert (Borod, Oberwambach …);Rheinland-Pfalz;50.6468;7.6588
57627;Marzhausen (Gehlert, Heuzert …);Rheinland-Pfalz;50.6774;7.7892
57629;Atzelgift (Stein-Wingert, Limbach …);Rheinland-Pfalz;50.6719;7.8115
57632;Eulenberg (Schürdt, Flammersfeld …);Rheinland-Pfalz;50.6495;7.5299
57635;Wölmersen (Werkhausen, Weyerbusch …);Rheinland-Pfalz;50.7058;7.5238
57636;Sörth (Mammelzen);Rheinland-Pfalz;50.7000;7.6750
57638;Neitersen (Schöneberg, Obernau);Rheinland-Pfalz;50.6673;7.5839
57639;Oberdreis (Rodenbach);Rheinland-Pfalz;50.6319;7.6578
57641;Oberlahr;Rheinland-Pfalz;50.6230;7.5169
57642;Alpenrod;Rheinland-Pfalz;50.6333;7.8667
57644;Welkenbach (Hattert, Winkelbach);Rheinland-Pfalz;50.6499;7.7421
57645;Nister;Rheinland-Pfalz;50.6758;7.8383
57647;Nistertal (Enspel);Rheinland-Pfalz;50.6250;7.8917
57648;Unnau (Bölsberg);Rheinland-Pfalz;50.6578;7.9125
58089;Hagen;Nordrhein-Westfalen;51.3801;7.4394
58091;Hagen;Nordrhein-Westfalen;51.3201;7.5080
58093;Hagen;Nordrhein-Westfalen;51.3657;7.5207
58095;Hagen;Nordrhein-Westfalen;51.3606;7.4785
58097;Hagen;Nordrhein-Westfalen;51.3668;7.4776
58099;Hagen;Nordrhein-Westfalen;51.3987;7.4901
58119;Hagen;Nordrhein-Westfalen;51.3529;7.5630
58135;Hagen;Nordrhein-Westfalen;51.3474;7.4274
58239;Schwerte;Nordrhein-Westfalen;51.4439;7.5675
58256;Ennepetal;Nordrhein-Westfalen;51.2985;7.3629
58285;Gevelsberg;Nordrhein-Westfalen;51.3197;7.3392
58300;Wetter (Ruhr);Nordrhein-Westfalen;51.3875;7.3928
58313;Herdecke;Nordrhein-Westfalen;51.4000;7.4358
58332;Schwelm;Nordrhein-Westfalen;51.2863;7.2939
58339;Breckerfeld;Nordrhein-Westfalen;51.2593;7.4681
58452;Witten;Nordrhein-Westfalen;51.4315;7.3340
58453;Witten;Nordrhein-Westfalen;51.4434;7.3633
58454;Witten;Nordrhein-Westfalen;51.4644;7.3739
58455;Witten;Nordrhein-Westfalen;51.4452;7.3303
58456;Witten;Nordrhein-Westfalen;51.4046;7.2583
58507;Lüdenscheid;Nordrhein-Westfalen;51.2258;7.6342
58509;Lüdenscheid;Nordrhein-Westfalen;51.2269;7.6130
58511;Lüdenscheid;Nordrhein-Westfalen;51.2169;7.6457
58513;Lüdenscheid;Nordrhein-Westfalen;51.2462;7.6201
58515;Lüdenscheid;Nordrhein-Westfalen;51.2012;7.6258
58540;Meinerzhagen;Nordrhein-Westfalen;51.1074;7.6484
58553;Halver;Nordrhein-Westfalen;51.1861;7.4982
58566;Kierspe;Nordrhein-Westfalen;51.1340;7.5908
58579;Schalksmühle;Nordrhein-Westfalen;51.2412;7.5279
58636;Iserlohn;Nordrhein-Westfalen;51.3800;7.7032
58638;Iserlohn;Nordrhein-Westfalen;51.3743;7.6961
58640;Iserlohn;Nordrhein-Westfalen;51.3667;7.7000
58642;Iserlohn;Nordrhein-Westfalen;51.3708;7.6109
58644;Iserlohn;Nordrhein-Westfalen;51.3246;7.6968
58675;Hemer;Nordrhein-Westfalen;51.3871;7.7702
58706;Menden;Nordrhein-Westfalen;51.4408;7.7887
58708;Menden;Nordrhein-Westfalen;51.4553;7.7764
58710;Menden;Nordrhein-Westfalen;51.4187;7.8259
58730;Fröndenberg;Nordrhein-Westfalen;51.4756;7.7695
58739;Wickede;Nordrhein-Westfalen;51.4964;7.8659
58762;Altena;Nordrhein-Westfalen;51.2947;7.6734
58769;Nachrodt-Wiblingwerde;Nordrhein-Westfalen;51.3167;7.6167
58791;Werdohl;Nordrhein-Westfalen;51.2601;7.7661
58802;Balve;Nordrhein-Westfalen;51.3315;7.8642
58809;Neuenrade;Nordrhein-Westfalen;51.2828;7.7825
58840;Plettenberg;Nordrhein-Westfalen;51.2095;7.8726
58849;Herscheid;Nordrhein-Westfalen;51.1923;7.8063
59063;Hamm;Nordrhein-Westfalen;51.6747;7.8407
59065;Hamm;Nordrhein-Westfalen;51.6802;7.8134
59067;Hamm;Nordrhein-Westfalen;51.6742;7.7799
59069;Hamm;Nordrhein-Westfalen;51.6450;7.8608
59071;Hamm;Nordrhein-Westfalen;51.6910;7.8704
59073;Hamm;Nordrhein-Westfalen;51.6833;7.8000
59075;Hamm;Nordrhein-Westfalen;51.6866;7.7359
59077;Hamm;Nordrhein-Westfalen;51.6425;7.7343
59174;Kamen;Nordrhein-Westfalen;51.5923;7.6638
59192;Bergkamen;Nordrhein-Westfalen;51.6163;7.6445
59199;Bönen;Nordrhein-Westfalen;51.6000;7.7667
59227;Ahlen;Nordrhein-Westfalen;51.7602;7.8845
59229;Ahlen;Nordrhein-Westfalen;51.7502;7.8968
59269;Beckum;Nordrhein-Westfalen;51.7557;8.0407
59302;Oelde;Nordrhein-Westfalen;51.8289;8.1472
59320;Ennigerloh;Nordrhein-Westfalen;51.8384;8.0309
59329;Wadersloh;Nordrhein-Westfalen;51.7333;8.2500
59348;Lüdinghausen;Nordrhein-Westfalen;51.7683;7.4438
59368;Werne;Nordrhein-Westfalen;51.6645;7.6342
59379;Selm;Nordrhein-Westfalen;51.6969;7.4681
59387;Ascheberg;Nordrhein-Westfalen;51.7833;7.6167
59394;Nordkirchen;Nordrhein-Westfalen;51.7383;7.5220
59399;Olfen;Nordrhein-Westfalen;51.7079;7.3789
59423;Unna;Nordrhein-Westfalen;51.5302;7.6760
59425;Unna;Nordrhein-Westfalen;51.5485;7.6849
59427;Unna;Nordrhein-Westfalen;51.5393;7.7283
59439;Holzwickede;Nordrhein-Westfalen;51.5000;7.6333
59457;Werl;Nordrhein-Westfalen;51.5549;7.9140
59469;Ense;Nordrhein-Westfalen;51.5133;7.9494
59494;Soest;Nordrhein-Westfalen;51.5756;8.1062
59505;Bad Sassendorf;Nordrhein-Westfalen;51.5833;8.1667
59510;Lippetal;Nordrhein-Westfalen;51.6766;8.1224
59514;Welver;Nordrhein-Westfalen;51.6167;7.9667
59519;Möhnesee;Nordrhein-Westfalen;51.5000;8.1333
59555;Lippstadt;Nordrhein-Westfalen;51.6767;8.3411
59556;Lippstadt;Nordrhein-Westfalen;51.6667;8.3500
59557;Lippstadt;Nordrhein-Westfalen;51.6574;8.3435
59558;Lippstadt;Nordrhein-Westfalen;51.6667;8.3500
59581;Warstein;Nordrhein-Westfalen;51.4662;8.3108
59590;Geseke;Nordrhein-Westfalen;51.6409;8.5109
59597;Erwitte;Nordrhein-Westfalen;51.6034;8.2908
59602;Rüthen;Nordrhein-Westfalen;51.4909;8.4360
59609;Anröchte;Nordrhein-Westfalen;51.5667;8.3333
59755;Arnsberg;Nordrhein-Westfalen;51.3833;8.0833
59757;Arnsberg;Nordrhein-Westfalen;51.3833;8.0833
59759;Arnsberg;Nordrhein-Westfalen;51.4263;7.9913
59821;Arnsberg;Nordrhein-Westfalen;51.3997;8.0627
59823;Arnsberg;Nordrhein-Westfalen;51.3833;8.0833
59846;Sundern;Nordrhein-Westfalen;51.3281;8.0037
59872;Meschede;Nordrhein-Westfalen;51.3502;8.2833
59889;Eslohe;Nordrhein-Westfalen;51.2673;8.2351
59909;Bestwig;Nordrhein-Westfalen;51.3608;8.4008
59929;Brilon;Nordrhein-Westfalen;51.3946;8.5715
59939;Olsberg;Nordrhein-Westfalen;51.3561;8.4890
59955;Winterberg;Nordrhein-Westfalen;51.1925;8.5347
59964;Medebach;Nordrhein-Westfalen;51.1971;8.7063
59969;Bromskirchen (Hallenberg);Hessen;51.1024;8.6233
60306;Frankfurt am Main;Hessen;50.1159;8.6702
60308;Frankfurt am Main;Hessen;50.1125;8.6529
60310;Frankfurt am Main;Hessen;50.1107;8.6730
60311;Frankfurt am Main;Hessen;50.1112;8.6831
60313;Frankfurt am Main;Hessen;50.1153;8.6823
60314;Frankfurt am Main;Hessen;50.1137;8.7119
60316;Frankfurt am Main;Hessen;50.1209;8.6966
60318;Frankfurt am Main;Hessen;50.1252;8.6865
60320;Frankfurt am Main;Hessen;50.1390;8.6725
60322;Frankfurt am Main;Hessen;50.1250;8.6762
60323;Frankfurt am Main;Hessen;50.1219;8.6655
60325;Frankfurt am Main;Hessen;50.1155;8.6596
60326;Frankfurt am Main;Hessen;50.1025;8.6299
60327;Frankfurt am Main;Hessen;50.1038;8.6522
60329;Frankfurt am Main;Hessen;50.1074;8.6663
60385;Frankfurt am Main;Hessen;50.1253;8.7108
60386;Frankfurt am Main;Hessen;50.1268;8.7554
60388;Frankfurt am Main;Hessen;50.1506;8.7537
60389;Frankfurt am Main;Hessen;50.1383;8.7116
60431;Frankfurt am Main;Hessen;50.1457;8.6549
60433;Frankfurt am Main;Hessen;50.1605;8.6684
60435;Frankfurt am Main;Hessen;50.1544;8.6912
60437;Frankfurt am Main;Hessen;50.1924;8.6753
60438;Frankfurt am Main;Hessen;50.1787;8.6320
60439;Frankfurt am Main;Hessen;50.1605;8.6337
60486;Frankfurt am Main;Hessen;50.1162;8.6365
60487;Frankfurt am Main;Hessen;50.1257;8.6414
60488;Frankfurt am Main;Hessen;50.1416;8.6155
60489;Frankfurt am Main;Hessen;50.1252;8.6088
60528;Frankfurt am Main;Hessen;50.0837;8.6440
60529;Frankfurt am Main;Hessen;50.0841;8.5916
60549;Frankfurt am Main;Hessen;50.0413;8.5702
60594;Frankfurt am Main;Hessen;50.1039;8.6886
60596;Frankfurt am Main;Hessen;50.0974;8.6735
60598;Frankfurt am Main;Hessen;50.0900;8.6816
60599;Frankfurt am Main;Hessen;50.0960;8.7111
61118;Bad Vilbel;Hessen;50.1787;8.7376
61130;Nidderau;Hessen;50.2381;8.8670
61137;Schöneck;Hessen;50.2056;8.8333
61138;Niederdorfelden;Hessen;50.1942;8.8000
61169;Friedberg;Hessen;50.3374;8.7559
61184;Karben;Hessen;50.2302;8.7716
61191;Rosbach vor der Höhe;Hessen;50.2931;8.6965
61194;Niddatal;Hessen;50.2833;8.8333
61197;Florstadt;Hessen;50.3287;8.9167
61200;Wölfersheim;Hessen;50.4000;8.8167
61203;Reichelsheim;Hessen;50.3564;8.8745
61206;Wöllstadt;Hessen;50.2833;8.7667
61209;Echzell;Hessen;50.3889;8.8861
61231;Bad Nauheim;Hessen;50.3646;8.7386
61239;Ober-Mörlen;Hessen;50.3735;8.6909
61250;Usingen;Hessen;50.3355;8.5369
61267;Neu-Anspach;Hessen;50.3167;8.5000
61273;Wehrheim;Hessen;50.3000;8.5667
61276;Weilrod;Hessen;50.3333;8.4167
61279;Grävenwiesbach;Hessen;50.3902;8.4569
61348;Bad Homburg vor der Höhe;Hessen;50.2265;8.6120
61350;Bad Homburg vor der Höhe;Hessen;50.2377;8.6024
61352;Bad Homburg vor der Höhe;Hessen;50.2167;8.6167
61381;Friedrichsdorf;Hessen;50.2496;8.6428
61389;Schmitten;Hessen;50.2667;8.4500
61440;Oberursel;Hessen;50.2073;8.5775
61449;Steinbach (Taunus);Hessen;50.1648;8.5706
61462;Königstein im Taunus;Hessen;50.1770;8.4662
61476;Kronberg im Taunus;Hessen;50.1789;8.5134
61479;Glashütten;Hessen;50.2167;8.4000
63065;Offenbach;Hessen;50.1054;8.7620
63067;Offenbach;Hessen;50.1069;8.7344
63069;Offenbach;Hessen;50.0894;8.7494
63071;Offenbach;Hessen;50.0993;8.7852
63073;Offenbach;Hessen;50.1000;8.7667
63075;Offenbach;Hessen;50.1230;8.7921
63110;Rodgau;Hessen;50.0263;8.8859
63128;Dietzenbach;Hessen;50.0098;8.7778
63150;Heusenstamm;Hessen;50.0555;8.8008
63165;Mühlheim;Hessen;50.1078;8.8318
63179;Obertshausen;Hessen;50.0714;8.8512
63225;Langen;Hessen;49.9896;8.6685
63263;Neu-Isenburg;Hessen;50.0583;8.6918
63303;Dreieich;Hessen;50.0200;8.6961
63322;Rödermark;Hessen;49.9740;8.8282
63329;Egelsbach;Hessen;49.9679;8.6634
63405;Hanau;Hessen;50.1333;8.9167
63450;Hanau;Hessen;50.1316;8.9208
63452;Hanau;Hessen;50.1442;8.9169
63454;Hanau;Hessen;50.1391;8.8864
63456;Hanau;Hessen;50.1139;8.9107
63457;Hanau;Hessen;50.1063;8.9495
63477;Maintal;Hessen;50.1500;8.8333
63486;Bruchköbel;Hessen;50.1785;8.9232
63500;Seligenstadt;Hessen;50.0432;8.9739
63505;Langenselbold;Hessen;50.1766;9.0400
63512;Hainburg;Hessen;50.0833;8.9333
63517;Rodenbach;Hessen;50.1500;9.0333
63526;Erlensee;Hessen;50.1630;8.9782
63533;Mainhausen;Hessen;50.0127;8.9901
63538;Großkrotzenburg;Hessen;50.0833;8.9833
63543;Neuberg;Hessen;50.2000;8.9833
63546;Hammersbach;Hessen;50.2167;8.9833
63549;Ronneburg;Hessen;50.2278;9.0556
63571;Gelnhausen;Hessen;50.2016;9.1874
63579;Freigericht;Hessen;50.1323;9.1346
63584;Gründau;Hessen;50.2064;9.1388
63589;Linsengericht;Hessen;50.1667;9.2167
63594;Hasselroth;Hessen;50.1667;9.1000
63599;Biebergemünd;Hessen;50.1806;9.2861
63607;Wächtersbach;Hessen;50.2551;9.2956
63619;Bad Orb;Hessen;50.2279;9.3478
63628;Bad Soden-Salmünster;Hessen;50.2757;9.3670
63633;Birstein;Hessen;50.3500;9.3000
63636;Brachttal;Hessen;50.3167;9.2833
63637;Jossgrund;Hessen;50.1792;9.4583
63639;Flörsbachtal;Hessen;50.1208;9.4375
63654;Büdingen;Hessen;50.2901;9.1114
63667;Nidda;Hessen;50.4133;9.0064
63674;Altenstadt;Hessen;50.2875;8.9437
63679;Schotten;Hessen;50.5035;9.1252
63683;Ortenberg;Hessen;50.3558;9.0560
63688;Gedern;Hessen;50.4248;9.1984
63691;Ranstadt;Hessen;50.3574;8.9837
63694;Limeshain;Hessen;50.2591;8.9776
63695;Glauburg;Hessen;50.3167;9.0000
63697;Hirzenhain;Hessen;50.4000;9.1333
63699;Kefenrod;Hessen;50.3448;9.2114
63739;Aschaffenburg;Bayern;49.9757;9.1478
63741;Aschaffenburg;Bayern;49.9751;9.1314
63743;Aschaffenburg;Bayern;49.9648;9.1647
63755;Alzenau in Unterfranken;Bayern;50.0888;9.0646
63762;Großostheim;Bayern;49.9199;9.0760
63768;Hösbach;Bayern;50.0065;9.2076
63773;Goldbach;Bayern;49.9995;9.1844
63776;Mömbris;Bayern;50.0692;9.1637
63785;Obernburg am Main;Bayern;49.8358;9.1310
63791;Karlstein am Main;Bayern;50.0487;9.0287
63796;Kahl am Main;Bayern;50.0698;9.0055
63801;Kleinostheim;Bayern;50.0000;9.0667
63808;Haibach;Bayern;49.9644;9.2072
63811;Stockstadt am Main;Bayern;49.9700;9.0715
63814;Mainaschaff;Bayern;49.9817;9.0900
63820;Elsenfeld;Bayern;49.8429;9.1636
63825;Blankenbach (Schöllkrippen, Westerngrund …);Bayern;50.0804;9.2468
63826;Geiselbach;Bayern;50.1233;9.1966
63828;Kleinkahl;Bayern;50.1167;9.2667
63829;Krombach;Bayern;50.0832;9.2061
63831;Wiesen;Bayern;50.1167;9.3667
63834;Sulzbach am Main;Bayern;49.9115;9.1532
63839;Kleinwallstadt;Bayern;49.8746;9.1693
63840;Hausen;Bayern;49.8697;9.2103
63843;Niedernberg;Bayern;49.9122;9.1369
63846;Laufach;Bayern;50.0167;9.3000
63849;Leidersbach;Bayern;49.9014;9.2217
63853;Mömlingen;Bayern;49.8597;9.0833
63856;Bessenbach;Bayern;49.9694;9.2686
63857;Waldaschaff;Bayern;49.9753;9.3019
63860;Rothenbuch;Bayern;49.9653;9.3939
63863;Eschau;Bayern;49.8189;9.2592
63864;Glattbach;Bayern;50.0000;9.1500
63867;Johannesberg;Bayern;50.0316;9.1425
63868;Großwallstadt;Bayern;49.8794;9.1534
63869;Heigenbrücken;Bayern;50.0282;9.3712
63871;Heinrichsthal;Bayern;50.0711;9.3430
63872;Heimbuchenthal;Bayern;49.8892;9.2956
63874;Dammbach;Bayern;49.8577;9.3276
63875;Mespelbrunn;Bayern;49.9144;9.2919
63877;Sailauf;Bayern;50.0246;9.2593
63879;Weibersbrunn;Bayern;49.9308;9.3661
63897;Miltenberg;Bayern;49.7045;9.2673
63906;Erlenbach am Main;Bayern;49.8034;9.1631
63911;Klingenberg am Main;Bayern;49.7851;9.1803
63916;Amorbach;Bayern;49.6444;9.2218
63920;Großheubach;Bayern;49.7283;9.2228
63924;Kleinheubach (Rüdenau);Bayern;49.7163;9.1963
63925;Laudenbach;Bayern;49.7458;9.1761
63927;Bürgstadt;Bayern;49.7148;9.2692
63928;Eichenbühl;Bayern;49.7056;9.3292
63930;Neunkirchen;Bayern;49.7072;9.4025
63931;Kirchzell;Bayern;49.6180;9.1779
63933;Mönchberg;Bayern;49.7933;9.2686
63934;Röllbach;Bayern;49.7731;9.2461
63936;Schneeberg;Bayern;49.6402;9.2506
63937;Weilbach;Bayern;49.6681;9.2164
63939;Wörth am Main;Bayern;49.7972;9.1539
64283;Darmstadt;Hessen;49.8719;8.6484
64285;Darmstadt;Hessen;49.8591;8.6486
64287;Darmstadt;Hessen;49.8676;8.6644
64289;Darmstadt;Hessen;49.8972;8.6809
64291;Darmstadt;Hessen;49.9111;8.6573
64293;Darmstadt;Hessen;49.8875;8.6446
64295;Darmstadt;Hessen;49.8611;8.6373
64297;Darmstadt;Hessen;49.8192;8.6449
64319;Pfungstadt;Hessen;49.8056;8.6031
64331;Weiterstadt;Hessen;49.9039;8.5887
64342;Seeheim-Jugenheim;Hessen;49.7650;8.6519
64347;Griesheim;Hessen;49.8609;8.5725
64354;Reinheim;Hessen;49.8292;8.8357
64367;Mühltal;Hessen;49.8156;8.7081
64372;Ober-Ramstadt;Hessen;49.8308;8.7489
64380;Roßdorf;Hessen;49.8597;8.7617
64385;Reichelsheim;Hessen;49.7121;8.8390
64390;Erzhausen;Hessen;49.9553;8.6475
64395;Brensbach;Hessen;49.7739;8.8844
64397;Modautal;Hessen;49.7606;8.7208
64401;Groß-Bieberau;Hessen;49.8006;8.8243
64404;Bickenbach;Hessen;49.7592;8.6175
64405;Fischbachtal;Hessen;49.7647;8.7850
64407;Fränkisch-Crumbach;Hessen;49.7461;8.8586
64409;Messel;Hessen;49.9383;8.7406
64521;Groß-Gerau;Hessen;49.9214;8.4825
64546;Mörfelden-Walldorf;Hessen;49.9947;8.5836
64560;Riedstadt;Hessen;49.8341;8.4962
64569;Nauheim;Hessen;49.9508;8.4633
64572;Büttelborn;Hessen;49.9033;8.5233
64579;Gernsheim;Hessen;49.7531;8.4886
64584;Biebesheim am Rhein;Hessen;49.7836;8.4744
64589;Stockstadt am Rhein;Hessen;49.8094;8.4728
64625;Bensheim;Hessen;49.6837;8.6184
64646;Heppenheim (Bergstraße);Hessen;49.6407;8.6367
64653;Lorsch;Hessen;49.6500;8.5667
64658;Fürth;Hessen;49.6508;8.7847
64665;Alsbach-Hähnlein;Hessen;49.7386;8.5958
64668;Rimbach;Hessen;49.6250;8.7631
64673;Zwingenberg;Hessen;49.7239;8.6108
64678;Lindenfels;Hessen;49.6837;8.7815
64683;Einhausen;Hessen;49.6767;8.5483
64686;Lautertal;Hessen;49.7258;8.7033
64689;Grasellenbach;Hessen;49.6300;8.8822
64711;Erbach;Hessen;49.6615;8.9940
64720;Michelstadt;Hessen;49.6757;9.0037
64732;Bad König;Hessen;49.7432;9.0075
64739;Höchst im Odenwald;Hessen;49.7997;8.9994
64743;Beerfelden;Hessen;49.5686;8.9744
64747;Breuberg;Hessen;49.8000;9.0667
64750;Lützelbach;Hessen;49.7883;9.0753
64753;Brombachtal;Hessen;49.7325;8.9622
64754;Hesseneck;Hessen;49.5699;9.0629
64756;Mossautal;Hessen;49.6533;8.9289
64757;Rothenberg;Hessen;49.4992;8.9192
64807;Dieburg;Hessen;49.8974;8.8461
64823;Groß-Umstadt;Hessen;49.8690;8.9321
64832;Babenhausen;Hessen;49.9652;8.9513
64839;Münster;Hessen;49.9228;8.8678
64846;Groß-Zimmern;Hessen;49.8758;8.8344
64850;Schaafheim;Hessen;49.9242;9.0094
64853;Otzberg;Hessen;49.8261;8.9225
64859;Eppertshausen;Hessen;49.9506;8.8539
65183;Wiesbaden;Hessen;50.0817;8.2389
65185;Wiesbaden;Hessen;50.0773;8.2424
65187;Wiesbaden;Hessen;50.0691;8.2254
65189;Wiesbaden;Hessen;50.0710;8.2565
65191;Wiesbaden;Hessen;50.0876;8.2797
65193;Wiesbaden;Hessen;50.0896;8.2428
65195;Wiesbaden;Hessen;50.1095;8.1967
65197;Wiesbaden;Hessen;50.0794;8.2157
65199;Wiesbaden;Hessen;50.0734;8.1960
65201;Wiesbaden;Hessen;50.0441;8.2036
65203;Wiesbaden;Hessen;50.0450;8.2453
65205;Wiesbaden;Hessen;50.0613;8.3442
65207;Wiesbaden;Hessen;50.1230;8.3018
65219;Taunusstein;Hessen;50.1500;8.1500
65220;Taunusstein;Hessen;50.1500;8.1500
65221;Taunusstein;Hessen;50.1500;8.1500
65222;Taunusstein;Hessen;50.1500;8.1500
65223;Taunusstein;Hessen;50.1500;8.1500
65224;Taunusstein;Hessen;50.1500;8.1500
65232;Taunusstein;Hessen;50.1377;8.1337
65239;Hochheim am Main;Hessen;50.0144;8.3522
65307;Bad Schwalbach;Hessen;50.1420;8.0696
65321;Heidenrod;Hessen;50.1649;7.9535
65326;Aarbergen;Hessen;50.2500;8.0667
65329;Hohenstein;Hessen;50.2000;8.0667
65343;Eltville am Rhein;Hessen;50.0333;8.1167
65344;Eltville am Rhein;Hessen;50.0333;8.1167
65345;Eltville am Rhein;Hessen;50.0333;8.1167
65346;Eltville am Rhein;Hessen;50.0333;8.1167
65347;Eltville am Rhein;Hessen;50.0132;8.0615
65366;Geisenheim;Hessen;49.9847;7.9684
65375;Oestrich-Winkel;Hessen;50.0000;8.0000
65385;Rüdesheim am Rhein;Hessen;49.9821;7.9296
65388;Schlangenbad;Hessen;50.0932;8.1031
65391;Lorch (Sauerthal);Hessen;50.0658;7.8126
65396;Walluf;Hessen;50.0400;8.1554
65399;Kiedrich;Hessen;50.0396;8.0853
65428;Rüsselsheim;Hessen;49.9896;8.4225
65439;Flörsheim;Hessen;50.0131;8.4278
65451;Kelsterbach;Hessen;50.0613;8.5292
65462;Ginsheim-Gustavsburg;Hessen;49.9711;8.3453
65468;Trebur;Hessen;49.9264;8.4073
65474;Bischofsheim;Hessen;49.9939;8.3672
65479;Raunheim;Hessen;50.0132;8.4525
65510;Idstein (Hünstetten);Hessen;50.2255;8.2250
65520;Bad Camberg;Hessen;50.2970;8.2690
65527;Niedernhausen;Hessen;50.1631;8.3134
65529;Waldems;Hessen;50.2500;8.3333
65549;Limburg an der Lahn;Hessen;50.3830;8.0611
65550;Limburg an der Lahn;Hessen;50.3833;8.0500
65551;Limburg an der Lahn;Hessen;50.3833;8.0500
65552;Limburg an der Lahn;Hessen;50.3833;8.0500
65553;Limburg an der Lahn;Hessen;50.3833;8.0500
65554;Limburg an der Lahn;Hessen;50.3833;8.0500
65555;Limburg an der Lahn;Hessen;50.3833;8.0500
65556;Limburg an der Lahn;Hessen;50.3833;8.0500
65558;Holzheim (Flacht, Langenscheid …);Rheinland-Pfalz;50.3519;8.0013
65582;Diez (Hambach, Aull);Rheinland-Pfalz;50.3866;7.9975
65589;Hadamar;Hessen;50.4459;8.0425
65594;Runkel;Hessen;50.4057;8.1546
65597;Hünfelden;Hessen;50.3286;8.1476
65599;Dornburg;Hessen;50.5167;8.0167
65604;Elz;Hessen;50.4167;8.0333
65606;Villmar;Hessen;50.3929;8.1931
65611;Brechen;Hessen;50.3556;8.1778
65614;Beselich;Hessen;50.4583;8.1458
65618;Selters (Taunus);Hessen;50.3500;8.2667
65620;Waldbrunn (Westerwald);Hessen;50.5167;8.1167
65623;Hahnstätten (Schiesheim, Mudershausen …);Rheinland-Pfalz;50.2943;8.0638
65624;Altendiez;Rheinland-Pfalz;50.3667;7.9833
65626;Birlenbach;Rheinland-Pfalz;50.3581;8.0027
65627;Elbtal;Hessen;50.5000;8.0500
65629;Niederneisen;Rheinland-Pfalz;50.3333;8.0500
65719;Hofheim am Taunus;Hessen;50.0902;8.4493
65760;Eschborn;Hessen;50.1433;8.5711
65779;Kelkheim (Taunus);Hessen;50.1370;8.4502
65795;Hattersheim;Hessen;50.0785;8.4755
65812;Bad Soden am Taunus;Hessen;50.1408;8.5045
65817;Eppstein;Hessen;50.1428;8.3923
65824;Schwalbach am Taunus;Hessen;50.1500;8.5333
65830;Kriftel;Hessen;50.0841;8.4698
65835;Liederbach am Taunus;Hessen;50.1185;8.4885
65843;Sulzbach;Hessen;50.1340;8.5280
65929;Frankfurt am Main;Hessen;50.1045;8.5389
65931;Frankfurt am Main;Hessen;50.0910;8.5044
65933;Frankfurt am Main;Hessen;50.0979;8.5999
65934;Frankfurt am Main;Hessen;50.1027;8.5749
65936;Frankfurt am Main;Hessen;50.1207;8.5663
66111;Saarbrücken;Saarland;49.2461;7.0022
66113;Saarbrücken;Saarland;49.2431;6.9757
66115;Saarbrücken;Saarland;49.2399;6.9696
66117;Saarbrücken;Saarland;49.2146;6.9682
66119;Saarbrücken;Saarland;49.2087;7.0202
66121;Saarbrücken;Saarland;49.2290;7.0124
66123;Saarbrücken;Saarland;49.2333;7.0000
66125;Saarbrücken;Saarland;49.2718;7.0325
66126;Saarbrücken;Saarland;49.2333;7.0000
66127;Saarbrücken;Saarland;49.2333;7.0000
66128;Saarbrücken;Saarland;49.2333;7.0000
66129;Saarbrücken;Saarland;49.2333;7.0000
66130;Saarbrücken;Saarland;49.2470;6.9105
66131;Saarbrücken;Saarland;49.2333;7.0000
66132;Saarbrücken;Saarland;49.2333;7.0000
66133;Saarbrücken;Saarland;49.2333;7.0000
66265;Heusweiler;Saarland;49.3363;6.9304
66271;Kleinblittersdorf;Saarland;49.1578;7.0373
66280;Sulzbach/Saar;Saarland;49.3000;7.0667
66287;Quierschied;Saarland;49.3167;7.0500
66292;Riegelsberg;Saarland;49.3000;6.9333
66299;Friedrichsthal;Saarland;49.3279;7.0962
66333;Völklingen;Saarland;49.2516;6.8587
66346;Püttlingen;Saarland;49.2855;6.8872
66352;Großrosseln;Saarland;49.2030;6.8415
66359;Bous;Saarland;49.2773;6.8013
66386;Sankt Ingbert;Saarland;49.2770;7.1167
66399;Mandelbachtal;Saarland;49.1833;7.1667
66424;Homburg;Saarland;49.3264;7.3387
66440;Blieskastel;Saarland;49.2372;7.2562
66450;Bexbach;Saarland;49.3462;7.2553
66453;Gersheim;Saarland;49.1500;7.2000
66459;Kirkel;Saarland;49.2833;7.2333
66482;Zweibrücken;Rheinland-Pfalz;49.2469;7.3698
66484;Althornbach (Walshausen, Schmitshausen …);Rheinland-Pfalz;49.2276;7.4541
66497;Contwig;Rheinland-Pfalz;49.2500;7.4333
66500;Mauschbach (Hornbach);Rheinland-Pfalz;49.1856;7.3844
66501;Kleinbundenbach (Großbundenbach);Rheinland-Pfalz;49.3083;7.4250
66503;Dellfeld;Rheinland-Pfalz;49.2340;7.4740
66504;Bottenbach;Rheinland-Pfalz;49.1833;7.5000
66506;Maßweiler;Rheinland-Pfalz;49.2667;7.5333
66507;Reifenberg;Rheinland-Pfalz;49.2828;7.5096
66509;Rieschweiler-Mühlbach;Rheinland-Pfalz;49.2333;7.5000
66538;Neunkirchen/Saar;Saarland;49.3448;7.1799
66539;Neunkirchen/Saar;Saarland;49.3366;7.2191
66540;Neunkirchen/Saar;Saarland;49.3670;7.1841
66557;Illingen;Saarland;49.3736;7.0476
66564;Ottweiler;Saarland;49.4013;7.1642
66571;Eppelborn;Saarland;49.4000;6.9667
66578;Schiffweiler;Saarland;49.3667;7.1333
66583;Spiesen-Elversberg;Saarland;49.3167;7.1333
66589;Merchweiler;Saarland;49.3500;7.0500
66606;Sankt Wendel;Saarland;49.4663;7.1681
66620;Nonnweiler;Saarland;49.6076;6.9699
66625;Nohfelden;Saarland;49.5759;7.0808
66629;Freisen;Saarland;49.5500;7.2500
66636;Tholey;Saarland;49.4837;7.0369
66640;Namborn;Saarland;49.5217;7.1407
66646;Marpingen;Saarland;49.4523;7.0582
66649;Oberthal;Saarland;49.5126;7.0838
66663;Merzig;Saarland;49.4433;6.6387
66679;Losheim am See;Saarland;49.5181;6.7350
66687;Wadern;Saarland;49.5412;6.8877
66693;Mettlach;Saarland;49.4936;6.5969
66701;Beckingen;Saarland;49.4000;6.7000
66706;Perl;Saarland;49.4717;6.3813
66709;Weiskirchen;Saarland;49.5500;6.8167
66740;Saarlouis;Saarland;49.3137;6.7515
66763;Dillingen;Saarland;49.3556;6.7278
66773;Schwalbach;Saarland;49.3000;6.8167
66780;Rehlingen-Siersburg;Saarland;49.3756;6.6844
66787;Wadgassen;Saarland;49.2667;6.7833
66793;Saarwellingen;Saarland;49.3543;6.8049
66798;Wallerfangen;Saarland;49.3275;6.7110
66802;Überherrn;Saarland;49.2419;6.6984
66806;Ensdorf;Saarland;49.3000;6.7833
66809;Nalbach;Saarland;49.3833;6.7833
66822;Lebach;Saarland;49.4112;6.9099
66839;Schmelz;Saarland;49.4333;6.8500
66849;Landstuhl;Rheinland-Pfalz;49.4131;7.5702
66851;Steinalben (Oberarnbach, Queidersbach …);Rheinland-Pfalz;49.3625;7.6021
66862;Kindsbach;Rheinland-Pfalz;49.4167;7.6167
66869;Kusel (Blaubach, Ruthweiler …);Rheinland-Pfalz;49.5421;7.3907
66871;Oberalben (Reichweiler, Konken …);Rheinland-Pfalz;49.5351;7.3542
66877;Ramstein-Miesenbach;Rheinland-Pfalz;49.4445;7.5553
66879;Niedermohr (Oberstaufenbach, Reichenbach-Steegen …);Rheinland-Pfalz;49.4951;7.5272
66882;Hütschenhausen;Rheinland-Pfalz;49.4167;7.4833
66885;Bedesbach (Altenglan);Rheinland-Pfalz;49.5592;7.4623
66887;Elzweiler (Horschbach, Erdesbach …);Rheinland-Pfalz;49.5683;7.4916
66892;Bruchmühlbach-Miesau;Rheinland-Pfalz;49.3833;7.4333
66894;Langwieden (Bechhofen, Krähenberg …);Rheinland-Pfalz;49.3518;7.4556
66901;Schönenberg-Kübelberg;Rheinland-Pfalz;49.4074;7.3723
66903;Ohmbach (Altenkirchen, Dittweiler …);Rheinland-Pfalz;49.4388;7.3412
66904;Brücken (Börsborn);Rheinland-Pfalz;49.4325;7.3800
66907;Glan-Münchweiler (Rehweiler);Rheinland-Pfalz;49.4789;7.4421
66909;Matzenbach (Quirnbach, Herschweiler-Pettersheim …);Rheinland-Pfalz;49.4770;7.3891
66914;Waldmohr;Rheinland-Pfalz;49.3833;7.3333
66916;Breitenbach (Dunzweiler);Rheinland-Pfalz;49.4246;7.2861
66917;Wallhalben (Knopp-Labach, Biedershausen);Rheinland-Pfalz;49.3224;7.5016
66919;Herschberg (Schauerberg, Hettenhausen …);Rheinland-Pfalz;49.3250;7.5794
66953;Pirmasens;Rheinland-Pfalz;49.2149;7.6290
66954;Pirmasens;Rheinland-Pfalz;49.2071;7.5911
66955;Pirmasens;Rheinland-Pfalz;49.1839;7.6134
66957;Vinningen (Trulben, Hilst …);Rheinland-Pfalz;49.1491;7.5648
66969;Lemberg;Rheinland-Pfalz;49.1731;7.6511
66976;Rodalben;Rheinland-Pfalz;49.2394;7.6396
66978;Clausen (Merzalben, Donsieders …);Rheinland-Pfalz;49.2611;7.7046
66981;Münchweiler an der Rodalb;Rheinland-Pfalz;49.2167;7.7000
66987;Thaleischweiler-Fröschen;Rheinland-Pfalz;49.2667;7.5833
66989;Höheinöd (Petersberg, Nünschweiler …);Rheinland-Pfalz;49.2460;7.5595
66994;Dahn;Rheinland-Pfalz;49.1510;7.7784
66996;Erfweiler (Hirschthal, Schindhard …);Rheinland-Pfalz;49.0938;7.7533
66999;Hinterweidenthal;Rheinland-Pfalz;49.2000;7.7500
67059;Ludwigshafen am Rhein;Rheinland-Pfalz;49.4828;8.4376
67061;Ludwigshafen am Rhein;Rheinland-Pfalz;49.4705;8.4454
67063;Ludwigshafen am Rhein;Rheinland-Pfalz;49.4990;8.4109
67065;Ludwigshafen am Rhein;Rheinland-Pfalz;49.4603;8.4162
67067;Ludwigshafen am Rhein;Rheinland-Pfalz;49.4811;8.4353
67069;Ludwigshafen am Rhein;Rheinland-Pfalz;49.5235;8.4022
67071;Ludwigshafen am Rhein;Rheinland-Pfalz;49.4890;8.3791
67098;Bad Dürkheim;Rheinland-Pfalz;49.4563;8.0814
67105;Schifferstadt;Rheinland-Pfalz;49.3842;8.3775
67112;Mutterstadt;Rheinland-Pfalz;49.4414;8.3561
67117;Limburgerhof;Rheinland-Pfalz;49.4244;8.3919
67122;Altrip;Rheinland-Pfalz;49.4356;8.4947
67125;Dannstadt-Schauernheim;Rheinland-Pfalz;49.4403;8.3086
67126;Hochdorf-Assenheim;Rheinland-Pfalz;49.4194;8.2817
67127;Rödersheim-Gronau;Rheinland-Pfalz;49.4300;8.2614
67133;Maxdorf;Rheinland-Pfalz;49.4881;8.2917
67134;Birkenheide;Rheinland-Pfalz;49.4814;8.2619
67136;Fußgönheim;Rheinland-Pfalz;49.4611;8.2922
67141;Neuhofen;Rheinland-Pfalz;49.4278;8.4247
67146;Deidesheim;Rheinland-Pfalz;49.4078;8.1844
67147;Forst an der Weinstraße;Rheinland-Pfalz;49.4258;8.1911
67149;Meckenheim;Rheinland-Pfalz;49.4044;8.2392
67150;Niederkirchen bei Deidesheim;Rheinland-Pfalz;49.4150;8.2100
67152;Ruppertsberg;Rheinland-Pfalz;49.4003;8.1961
67157;Wachenheim an der Weinstraße;Rheinland-Pfalz;49.4480;8.1712
67158;Ellerstadt;Rheinland-Pfalz;49.4617;8.2594
67159;Friedelsheim;Rheinland-Pfalz;49.4469;8.2231
67161;Gönnheim;Rheinland-Pfalz;49.4481;8.2386
67165;Waldsee;Rheinland-Pfalz;49.3953;8.4403
67166;Otterstadt;Rheinland-Pfalz;49.3722;8.4478
67167;Erpolzheim;Rheinland-Pfalz;49.4892;8.2247
67169;Kallstadt;Rheinland-Pfalz;49.4908;8.1761
67227;Frankenthal (Pfalz);Rheinland-Pfalz;49.5386;8.3540
67229;Großkarlbach (Laumersheim, Gerolsheim);Rheinland-Pfalz;49.5467;8.2413
67240;Bobenheim-Roxheim;Rheinland-Pfalz;49.5875;8.3578
67245;Lambsheim;Rheinland-Pfalz;49.5136;8.2878
67246;Dirmstein;Rheinland-Pfalz;49.5633;8.2447
67251;Freinsheim;Rheinland-Pfalz;49.5065;8.2119
67256;Weisenheim am Sand;Rheinland-Pfalz;49.5181;8.2478
67258;Heßheim;Rheinland-Pfalz;49.5458;8.3078
67259;Beindersheim (Großniedesheim, Kleinniedesheim …);Rheinland-Pfalz;49.5715;8.3112
67269;Grünstadt;Rheinland-Pfalz;49.5630;8.1628
67271;Mertesheim (Obersülzen, Neuleiningen …);Rheinland-Pfalz;49.5605;8.1564
67273;Dackenheim (Bobenheim am Berg, Weisenheim am Berg …);Rheinland-Pfalz;49.5169;8.1678
67278;Bockenheim;Rheinland-Pfalz;49.6067;8.1849
67280;Ebertsheim (Quirnheim);Rheinland-Pfalz;49.5764;8.1175
67281;Bissersheim (Kirchheim an der Weinstraße);Rheinland-Pfalz;49.5365;8.1925
67283;Obrigheim;Rheinland-Pfalz;49.5442;8.2044
67292;Kirchheimbolanden;Rheinland-Pfalz;49.6625;8.0151
67294;Orbis (Morschheim, Oberwiesen …);Rheinland-Pfalz;49.6854;8.0410
67295;Bolanden;Rheinland-Pfalz;49.6392;8.0119
67297;Marnheim;Rheinland-Pfalz;49.6328;8.0400
67304;Kerzenheim (Eisenberg);Rheinland-Pfalz;49.5695;8.0430
67305;Ramsen;Rheinland-Pfalz;49.5369;8.0133
67307;Göllheim;Rheinland-Pfalz;49.5950;8.0508
67308;Biedesheim (Einselthum, Ottersheim …);Rheinland-Pfalz;49.6304;8.1154
67310;Hettenleidelheim;Rheinland-Pfalz;49.5356;8.0736
67311;Tiefenthal;Rheinland-Pfalz;49.5386;8.1039
67316;Carlsberg;Rheinland-Pfalz;49.5039;8.0417
67317;Altleiningen;Rheinland-Pfalz;49.5075;8.0733
67319;Wattenheim;Rheinland-Pfalz;49.5217;8.0617
67346;Speyer;Rheinland-Pfalz;49.3208;8.4311
67354;Römerberg;Rheinland-Pfalz;49.2954;8.4070
67360;Lingenfeld;Rheinland-Pfalz;49.2539;8.3386
67361;Freisbach;Rheinland-Pfalz;49.2717;8.2719
67363;Lustadt;Rheinland-Pfalz;49.2448;8.2741
67365;Schwegenheim;Rheinland-Pfalz;49.2700;8.3286
67366;Weingarten;Rheinland-Pfalz;49.2595;8.2862
67368;Westheim;Rheinland-Pfalz;49.2464;8.3236
67373;Dudenhofen;Rheinland-Pfalz;49.3186;8.3886
67374;Hanhofen;Rheinland-Pfalz;49.3167;8.3408
67376;Harthausen;Rheinland-Pfalz;49.2942;8.3450
67377;Gommersheim;Rheinland-Pfalz;49.2911;8.2658
67378;Zeiskam;Rheinland-Pfalz;49.2328;8.2472
67433;Neustadt an der Weinstraße;Rheinland-Pfalz;49.3465;8.1491
67434;Neustadt an der Weinstraße;Rheinland-Pfalz;49.3505;8.1363
67435;Neustadt an der Weinstraße;Rheinland-Pfalz;49.3567;8.1378
67454;Haßloch;Rheinland-Pfalz;49.3628;8.2581
67459;Böhl-Iggelheim;Rheinland-Pfalz;49.3806;8.3039
67466;Lambrecht;Rheinland-Pfalz;49.3705;8.0726
67468;Neidenfels (Frankenstein, Frankeneck);Rheinland-Pfalz;49.4018;8.0241
67471;Elmstein;Rheinland-Pfalz;49.3667;7.9333
67472;Esthal;Rheinland-Pfalz;49.3833;7.9833
67473;Lindenberg;Rheinland-Pfalz;49.3803;8.0986
67475;Weidenthal;Rheinland-Pfalz;49.4167;8.0000
67480;Edenkoben;Rheinland-Pfalz;49.2839;8.1271
67482;Böbingen (Freimersheim, Venningen …);Rheinland-Pfalz;49.2808;8.2125
67483;Großfischlingen (Edesheim, Kleinfischlingen);Rheinland-Pfalz;49.2652;8.1661
67487;Maikammer (Sankt Martin);Rheinland-Pfalz;49.3028;8.1185
67489;Kirrweiler (Pfalz);Rheinland-Pfalz;49.3019;8.1656
67547;Worms;Rheinland-Pfalz;49.6326;8.3619
67549;Worms;Rheinland-Pfalz;49.6356;8.3338
67550;Worms;Rheinland-Pfalz;49.6356;8.3597
67551;Worms;Rheinland-Pfalz;49.6163;8.2753
67574;Osthofen;Rheinland-Pfalz;49.7038;8.3242
67575;Eich;Rheinland-Pfalz;49.7500;8.3989
67577;Alsheim;Rheinland-Pfalz;49.7681;8.3403
67578;Gimbsheim;Rheinland-Pfalz;49.7778;8.3750
67580;Hamm;Rheinland-Pfalz;49.7323;8.4327
67582;Mettenheim;Rheinland-Pfalz;49.7400;8.3258
67583;Guntersblum;Rheinland-Pfalz;49.7975;8.3456
67585;Dorn-Dürkheim;Rheinland-Pfalz;49.7686;8.2697
67586;Hillesheim;Rheinland-Pfalz;49.7764;8.2561
67587;Wintersheim;Rheinland-Pfalz;49.7786;8.2803
67590;Monsheim;Rheinland-Pfalz;49.6372;8.2119
67591;Mölsheim (Mörstadt, Offstein …);Rheinland-Pfalz;49.6283;8.2232
67592;Flörsheim-Dalsheim;Rheinland-Pfalz;49.6755;8.2089
67593;Bermersheim (Westhofen);Rheinland-Pfalz;49.6932;8.2358
67595;Bechtheim;Rheinland-Pfalz;49.7278;8.2922
67596;Frettenheim (Dittelsheim-Heßloch);Rheinland-Pfalz;49.7518;8.2408
67598;Gundersheim;Rheinland-Pfalz;49.6961;8.2025
67599;Gundheim;Rheinland-Pfalz;49.6758;8.2378
67653;Kaiserslautern;Rheinland-Pfalz;49.4500;7.7500
67655;Kaiserslautern;Rheinland-Pfalz;49.4425;7.7659
67657;Kaiserslautern;Rheinland-Pfalz;49.4495;7.7948
67659;Kaiserslautern;Rheinland-Pfalz;49.4467;7.7609
67661;Kaiserslautern;Rheinland-Pfalz;49.4126;7.7107
67663;Kaiserslautern;Rheinland-Pfalz;49.4360;7.7503
67677;Enkenbach-Alsenborn;Rheinland-Pfalz;49.4833;7.9000
67678;Mehlingen;Rheinland-Pfalz;49.4914;7.8547
67680;Neuhemsbach;Rheinland-Pfalz;49.5167;7.9167
67681;Wartenberg-Rohrbach (Sembach);Rheinland-Pfalz;49.5197;7.8596
67685;Weilerbach (Eulenbis, Erzenhausen …);Rheinland-Pfalz;49.4947;7.6192
67686;Mackenbach;Rheinland-Pfalz;49.4667;7.5833
67688;Rodenbach;Rheinland-Pfalz;49.4728;7.6579
67691;Hochspeyer;Rheinland-Pfalz;49.4421;7.8950
67693;Waldleiningen (Fischbach);Rheinland-Pfalz;49.4250;7.9000
67697;Otterberg;Rheinland-Pfalz;49.5030;7.7699
67699;Heiligenmoschel (Schneckenhausen);Rheinland-Pfalz;49.5440;7.7559
67700;Niederkirchen;Rheinland-Pfalz;49.5833;7.7000
67701;Schallodenbach;Rheinland-Pfalz;49.5500;7.7167
67705;Stelzenberg (Trippstadt);Rheinland-Pfalz;49.3684;7.7565
67706;Krickenbach;Rheinland-Pfalz;49.3667;7.6667
67707;Schopp;Rheinland-Pfalz;49.3500;7.6833
67714;Waldfischbach-Burgalben;Rheinland-Pfalz;49.2833;7.6667
67715;Geiselberg;Rheinland-Pfalz;49.3261;7.6971
67716;Heltersberg;Rheinland-Pfalz;49.3167;7.7167
67718;Schmalenberg;Rheinland-Pfalz;49.3333;7.7333
67722;Potzbach (Winnweiler, Alsenbrück-Langmeil …);Rheinland-Pfalz;49.5625;7.8497
67724;Höringen (Gonbach, Gehrweiler …);Rheinland-Pfalz;49.5722;7.8115
67725;Breunigweiler (Börrstadt);Rheinland-Pfalz;49.5722;7.9546
67727;Lohnsfeld;Rheinland-Pfalz;49.5500;7.8500
67728;Münchweiler an der Alsenz;Rheinland-Pfalz;49.5500;7.8833
67729;Sippersfeld;Rheinland-Pfalz;49.5500;7.9333
67731;Otterbach;Rheinland-Pfalz;49.4855;7.7345
67732;Hirschhorn;Rheinland-Pfalz;49.5197;7.6788
67734;Sulzbachtal (Katzweiler);Rheinland-Pfalz;49.5084;7.6833
67735;Mehlbach;Rheinland-Pfalz;49.5167;7.7167
67737;Olsbrücken (Frankelbach);Rheinland-Pfalz;49.5361;7.6460
67742;Ginsweiler (Hausweiler, Adenbach …);Rheinland-Pfalz;49.6458;7.5824
67744;Kappeln (Medard, Wiesweiler …);Rheinland-Pfalz;49.6513;7.5949
67745;Grumbach;Rheinland-Pfalz;49.6500;7.5667
67746;Langweiler (Merzweiler, Unterjeckenbach);Rheinland-Pfalz;49.6667;7.5111
67748;Odenbach;Rheinland-Pfalz;49.6833;7.6500
67749;Offenbach-Hundheim (Nerzweiler);Rheinland-Pfalz;49.6086;7.5506
67752;Wolfstein (Oberweiler-Tiefenbach, Rutsweiler an der Lauter);Rheinland-Pfalz;49.5836;7.6128
67753;Hefersweiler (Aschbach, Einöllen …);Rheinland-Pfalz;49.6000;7.6333
67754;Eßweiler;Rheinland-Pfalz;49.5582;7.5642
67756;Hinzweiler (Relsberg, Oberweiler im Tal);Rheinland-Pfalz;49.5889;7.5889
67757;Kreimbach-Kaulbach;Rheinland-Pfalz;49.5500;7.6333
67759;Reichsthal (Nußbach);Rheinland-Pfalz;49.6166;7.7166
67806;Marienthal (Rockenhausen, Dörrmoschel …);Rheinland-Pfalz;49.6321;7.7918
67808;Imsweiler (Mörsfeld, Stahlberg …);Rheinland-Pfalz;49.6397;7.8641
67811;Dielkirchen;Rheinland-Pfalz;49.6667;7.8167
67813;Sankt Alban (Gerbach);Rheinland-Pfalz;49.6750;7.8667
67814;Jakobsweiler (Dannenfels);Rheinland-Pfalz;49.6227;7.9468
67816;Dreisen (Standenbühl);Rheinland-Pfalz;49.6016;7.9970
67817;Imsbach;Rheinland-Pfalz;49.5833;7.8833
67819;Kriegsfeld;Rheinland-Pfalz;49.7099;7.9169
67821;Alsenz (Oberndorf);Rheinland-Pfalz;49.7167;7.8167
67822;Gaugrehweiler (Finkenbach-Gersweiler, Niederhausen an der Appel …);Rheinland-Pfalz;49.7150;7.8283
67823;Unkenbach (Obermoschel, Sitters …);Rheinland-Pfalz;49.7189;7.7612
67824;Feilbingert;Rheinland-Pfalz;49.7667;7.8000
67826;Hallgarten;Rheinland-Pfalz;49.7593;7.7888
67827;Becherbach;Rheinland-Pfalz;49.6500;7.6833
67829;Reiffelbach (Schmittweiler, Callbach);Rheinland-Pfalz;49.6889;7.6944
68159;Mannheim;Baden-Württemberg;49.4934;8.4653
68161;Mannheim;Baden-Württemberg;49.4873;8.4695
68163;Mannheim;Baden-Württemberg;49.4883;8.4647
68165;Mannheim;Baden-Württemberg;49.4772;8.4818
68167;Mannheim;Baden-Württemberg;49.4996;8.4939
68169;Mannheim;Baden-Württemberg;49.5030;8.4693
68199;Mannheim;Baden-Württemberg;49.4598;8.4881
68219;Mannheim;Baden-Württemberg;49.4883;8.4647
68229;Mannheim;Baden-Württemberg;49.4883;8.4647
68239;Mannheim;Baden-Württemberg;49.4883;8.4647
68259;Mannheim;Baden-Württemberg;49.4903;8.5339
68305;Mannheim;Baden-Württemberg;49.5257;8.4965
68307;Mannheim;Baden-Württemberg;49.5461;8.4488
68309;Mannheim;Baden-Württemberg;49.5121;8.5316
68519;Viernheim;Hessen;49.5403;8.5782
68526;Ladenburg;Baden-Württemberg;49.4731;8.6090
68535;Edingen-Neckarhausen;Baden-Württemberg;49.4572;8.6064
68542;Heddesheim;Baden-Württemberg;49.5056;8.6036
68549;Ilvesheim;Baden-Württemberg;49.4740;8.5674
68623;Lampertheim;Hessen;49.5979;8.4725
68642;Bürstadt;Hessen;49.6427;8.4594
68647;Biblis;Hessen;49.6917;8.4586
68649;Groß-Rohrheim;Hessen;49.7211;8.4828
68723;Plankstadt (Oftersheim, Schwetzingen);Baden-Württemberg;49.3806;8.5872
68753;Waghäusel;Baden-Württemberg;49.2499;8.5126
68766;Hockenheim;Baden-Württemberg;49.3233;8.5519
68775;Ketsch;Baden-Württemberg;49.3678;8.5311
68782;Brühl;Baden-Württemberg;49.3972;8.5336
68789;Sankt Leon-Rot;Baden-Württemberg;49.2659;8.6180
68794;Oberhausen-Rheinhausen;Baden-Württemberg;49.2739;8.4717
68799;Reilingen;Baden-Württemberg;49.2983;8.5642
68804;Altlußheim;Baden-Württemberg;49.3017;8.4992
68809;Neulußheim;Baden-Württemberg;49.2981;8.5183
69115;Heidelberg;Baden-Württemberg;49.4062;8.6868
69117;Heidelberg;Baden-Württemberg;49.4095;8.6935
69118;Heidelberg;Baden-Württemberg;49.4194;8.7345
69120;Heidelberg;Baden-Württemberg;49.4169;8.6764
69121;Heidelberg;Baden-Württemberg;49.4322;8.6824
69123;Heidelberg;Baden-Württemberg;49.4167;8.7000
69124;Heidelberg;Baden-Württemberg;49.3829;8.6656
69126;Heidelberg;Baden-Württemberg;49.3757;8.6911
69151;Neckargemünd;Baden-Württemberg;49.3890;8.7959
69168;Wiesloch;Baden-Württemberg;49.2950;8.6985
69181;Leimen;Baden-Württemberg;49.3474;8.6873
69190;Walldorf;Baden-Württemberg;49.3064;8.6424
69198;Schriesheim;Baden-Württemberg;49.4737;8.6636
69207;Sandhausen;Baden-Württemberg;49.3428;8.6592
69214;Eppelheim;Baden-Württemberg;49.4019;8.6364
69221;Dossenheim;Baden-Württemberg;49.4503;8.6747
69226;Nußloch;Baden-Württemberg;49.3239;8.6956
69231;Rauenberg;Baden-Württemberg;49.2694;8.7034
69234;Dielheim;Baden-Württemberg;49.2842;8.7381
69239;Neckarsteinach;Hessen;49.4074;8.8434
69242;Mühlhausen;Baden-Württemberg;49.2486;8.7267
69245;Bammental;Baden-Württemberg;49.3561;8.7794
69250;Schönau;Baden-Württemberg;49.4366;8.8088
69251;Gaiberg;Baden-Württemberg;49.3664;8.7497
69253;Heiligkreuzsteinach;Baden-Württemberg;49.4833;8.7950
69254;Malsch;Baden-Württemberg;49.2472;8.6828
69256;Mauer;Baden-Württemberg;49.3408;8.8003
69257;Wiesenbach;Baden-Württemberg;49.3614;8.8036
69259;Wilhelmsfeld;Baden-Württemberg;49.4706;8.7536
69412;Eberbach;Baden-Württemberg;49.4668;8.9902
69427;Mudau;Baden-Württemberg;49.5344;9.2044
69429;Waldbrunn;Baden-Württemberg;49.4592;9.0919
69434;Heddesbach (Hirschhorn);Baden-Württemberg;49.4630;8.8620
69436;Schönbrunn;Baden-Württemberg;49.4111;8.9278
69437;Neckargerach;Baden-Württemberg;49.4000;9.0667
69439;Zwingenberg;Baden-Württemberg;49.4192;9.0406
69469;Weinheim;Baden-Württemberg;49.5489;8.6670
69483;Wald-Michelbach;Hessen;49.5700;8.8317
69488;Birkenau;Hessen;49.5625;8.7069
69493;Hirschberg an der Bergstraße;Baden-Württemberg;49.5062;8.6657
69502;Hemsbach;Baden-Württemberg;49.5907;8.6478
69509;Mörlenbach;Hessen;49.5992;8.7347
69514;Laudenbach;Baden-Württemberg;49.6133;8.6539
69517;Gorxheimertal;Hessen;49.5325;8.7295
69518;Abtsteinach;Hessen;49.5367;8.7875
70173;Stuttgart;Baden-Württemberg;48.7726;9.1800
70174;Stuttgart;Baden-Württemberg;48.7824;9.1825
70176;Stuttgart;Baden-Württemberg;48.7718;9.1686
70178;Stuttgart;Baden-Württemberg;48.7694;9.1721
70180;Stuttgart;Baden-Württemberg;48.7653;9.1758
70182;Stuttgart;Baden-Württemberg;48.7706;9.1827
70184;Stuttgart;Baden-Württemberg;48.7699;9.1921
70186;Stuttgart;Baden-Württemberg;48.7692;9.1937
70188;Stuttgart;Baden-Württemberg;48.7774;9.2008
70190;Stuttgart;Baden-Württemberg;48.7791;9.1977
70191;Stuttgart;Baden-Württemberg;48.7899;9.1932
70192;Stuttgart;Baden-Württemberg;48.7919;9.1781
70193;Stuttgart;Baden-Württemberg;48.7729;9.1677
70195;Stuttgart;Baden-Württemberg;48.7715;9.1568
70197;Stuttgart;Baden-Württemberg;48.7669;9.1659
70199;Stuttgart;Baden-Württemberg;48.7631;9.1673
70327;Stuttgart;Baden-Württemberg;48.7747;9.2445
70329;Stuttgart;Baden-Württemberg;48.7673;9.2481
70372;Stuttgart;Baden-Württemberg;48.8041;9.2159
70374;Stuttgart;Baden-Württemberg;48.7943;9.2114
70376;Stuttgart;Baden-Württemberg;48.8018;9.2075
70378;Stuttgart;Baden-Württemberg;48.8370;9.2270
70435;Stuttgart;Baden-Württemberg;48.8000;9.1745
70437;Stuttgart;Baden-Württemberg;48.8260;9.1978
70439;Stuttgart;Baden-Württemberg;48.8233;9.1585
70469;Stuttgart;Baden-Württemberg;48.7969;9.1707
70499;Stuttgart;Baden-Württemberg;48.8070;9.1197
70563;Stuttgart;Baden-Württemberg;48.7406;9.1442
70565;Stuttgart;Baden-Württemberg;48.7277;9.1382
70567;Stuttgart;Baden-Württemberg;48.7387;9.1610
70569;Stuttgart;Baden-Württemberg;48.7464;9.1255
70597;Stuttgart;Baden-Württemberg;48.7446;9.1597
70599;Stuttgart;Baden-Württemberg;48.7158;9.2046
70619;Stuttgart;Baden-Württemberg;48.7499;9.2169
70629;Stuttgart;Baden-Württemberg;48.7251;9.1977
70734;Fellbach;Baden-Württemberg;48.8086;9.2792
70736;Fellbach;Baden-Württemberg;48.8239;9.2720
70771;Leinfelden-Echterdingen;Baden-Württemberg;48.6941;9.1681
70794;Filderstadt;Baden-Württemberg;48.6570;9.2205
70806;Kornwestheim;Baden-Württemberg;48.8616;9.1857
70825;Korntal-Münchingen;Baden-Württemberg;48.8167;9.1167
70839;Gerlingen;Baden-Württemberg;48.7995;9.0632
71032;Böblingen;Baden-Württemberg;48.6821;9.0117
71034;Böblingen;Baden-Württemberg;48.6902;8.9705
71063;Sindelfingen;Baden-Württemberg;48.7094;8.9988
71065;Sindelfingen;Baden-Württemberg;48.7023;9.0219
71067;Sindelfingen;Baden-Württemberg;48.7233;9.0077
71069;Sindelfingen;Baden-Württemberg;48.7172;8.9684
71083;Herrenberg;Baden-Württemberg;48.5952;8.8665
71088;Holzgerlingen;Baden-Württemberg;48.6397;9.0115
71093;Weil im Schönbuch;Baden-Württemberg;48.6227;9.0635
71101;Schönaich;Baden-Württemberg;48.6587;9.0601
71106;Magstadt;Baden-Württemberg;48.7447;8.9668
71111;Waldenbuch;Baden-Württemberg;48.6383;9.1326
71116;Gärtringen;Baden-Württemberg;48.6418;8.9007
71120;Grafenau;Baden-Württemberg;48.7083;8.9183
71126;Gäufelden;Baden-Württemberg;48.5500;8.8167
71131;Jettingen;Baden-Württemberg;48.5750;8.7865
71134;Aidlingen;Baden-Württemberg;48.6785;8.8952
71139;Ehningen;Baden-Württemberg;48.6588;8.9412
71144;Steinenbronn;Baden-Württemberg;48.6667;9.1167
71149;Bondorf;Baden-Württemberg;48.5206;8.8370
71154;Nufringen;Baden-Württemberg;48.6225;8.8901
71155;Altdorf;Baden-Württemberg;48.6311;8.9963
71157;Hildrizhausen;Baden-Württemberg;48.6242;8.9660
71159;Mötzingen;Baden-Württemberg;48.5332;8.7745
71229;Leonberg;Baden-Württemberg;48.8000;9.0167
71254;Ditzingen;Baden-Württemberg;48.8267;9.0670
71263;Weil der Stadt;Baden-Württemberg;48.7495;8.8718
71272;Renningen;Baden-Württemberg;48.7697;8.9387
71277;Rutesheim;Baden-Württemberg;48.8081;8.9454
71282;Hemmingen;Baden-Württemberg;48.8667;9.0333
71287;Weissach;Baden-Württemberg;48.8469;8.9283
71292;Friolzheim;Baden-Württemberg;48.8333;8.8333
71296;Heimsheim;Baden-Württemberg;48.8066;8.8674
71297;Mönsheim;Baden-Württemberg;48.8667;8.8667
71299;Wimsheim;Baden-Württemberg;48.8500;8.8333
71332;Waiblingen;Baden-Württemberg;48.8285;9.3131
71334;Waiblingen;Baden-Württemberg;48.8430;9.3100
71336;Waiblingen;Baden-Württemberg;48.8333;9.3000
71364;Winnenden;Baden-Württemberg;48.8756;9.3982
71384;Weinstadt;Baden-Württemberg;48.8092;9.3774
71394;Kernen im Remstal;Baden-Württemberg;48.8075;9.3224
71397;Leutenbach;Baden-Württemberg;48.8879;9.3927
71404;Korb;Baden-Württemberg;48.8430;9.3626
71409;Schwaikheim;Baden-Württemberg;48.8773;9.3496
71522;Backnang;Baden-Württemberg;48.9474;9.4372
71540;Murrhardt;Baden-Württemberg;48.9819;9.5705
71543;Beilstein (Wüstenrot);Baden-Württemberg;49.0601;9.3878
71546;Aspach;Baden-Württemberg;48.9667;9.4000
71549;Auenwald;Baden-Württemberg;48.9333;9.5000
71554;Weissach im Tal;Baden-Württemberg;48.9301;9.4769
71560;Sulzbach an der Murr;Baden-Württemberg;49.0030;9.5003
71563;Affalterbach;Baden-Württemberg;48.9227;9.3236
71566;Althütte;Baden-Württemberg;48.9156;9.5698
71570;Oppenweiler;Baden-Württemberg;48.9827;9.4585
71573;Allmersbach im Tal;Baden-Württemberg;48.9066;9.4682
71576;Burgstetten;Baden-Württemberg;48.9281;9.3724
71577;Großerlach;Baden-Württemberg;49.0537;9.5136
71579;Spiegelberg;Baden-Württemberg;49.0408;9.4444
71634;Ludwigsburg;Baden-Württemberg;48.9076;9.1776
71636;Ludwigsburg;Baden-Württemberg;48.8901;9.1746
71638;Ludwigsburg;Baden-Württemberg;48.8909;9.1898
71640;Ludwigsburg;Baden-Württemberg;48.8924;9.2180
71642;Ludwigsburg;Baden-Württemberg;48.9070;9.2174
71665;Vaihingen an der Enz;Baden-Württemberg;48.9356;8.9604
71672;Marbach am Neckar;Baden-Württemberg;48.9700;9.3286
71679;Asperg;Baden-Württemberg;48.9053;9.1350
71686;Remseck am Neckar;Baden-Württemberg;48.8783;9.2673
71691;Freiberg am Neckar;Baden-Württemberg;48.9320;9.2024
71696;Möglingen;Baden-Württemberg;48.8874;9.1269
71701;Schwieberdingen;Baden-Württemberg;48.8764;9.0744
71706;Markgröningen;Baden-Württemberg;48.9049;9.0806
71711;Steinheim an der Murr (Murr);Baden-Württemberg;48.9630;9.2711
71717;Beilstein;Baden-Württemberg;49.0394;9.3150
71718;Billensbach;Baden-Württemberg;49.0621;9.3670
71720;Oberstenfeld;Baden-Württemberg;49.0261;9.3208
71723;Großbottwar;Baden-Württemberg;49.0015;9.2935
71726;Benningen am Neckar;Baden-Württemberg;48.9467;9.2421
71729;Erdmannhausen;Baden-Württemberg;48.9426;9.2962
71732;Tamm;Baden-Württemberg;48.9199;9.1156
71735;Eberdingen;Baden-Württemberg;48.8794;8.9650
71737;Kirchberg an der Murr;Baden-Württemberg;48.9430;9.3408
71739;Oberriexingen;Baden-Württemberg;48.9265;9.0270
72070;Tübingen;Baden-Württemberg;48.5241;9.0177
72072;Tübingen;Baden-Württemberg;48.5166;9.0581
72074;Tübingen;Baden-Württemberg;48.5311;9.0705
72076;Tübingen;Baden-Württemberg;48.5369;9.0536
72108;Rottenburg am Neckar;Baden-Württemberg;48.4796;8.9500
72116;Mössingen;Baden-Württemberg;48.4057;9.0542
72119;Ammerbuch;Baden-Württemberg;48.5534;8.9722
72124;Pliezhausen;Baden-Württemberg;48.5593;9.2075
72127;Kusterdingen;Baden-Württemberg;48.5229;9.1198
72131;Ofterdingen;Baden-Württemberg;48.4167;9.0333
72135;Dettenhausen;Baden-Württemberg;48.6076;9.1004
72138;Kirchentellinsfurt;Baden-Württemberg;48.5331;9.1473
72141;Walddorfhäslach;Baden-Württemberg;48.5870;9.1814
72144;Dußlingen;Baden-Württemberg;48.4536;9.0555
72145;Hirrlingen;Baden-Württemberg;48.4125;8.8874
72147;Nehren;Baden-Württemberg;48.4310;9.0699
72149;Neustetten;Baden-Württemberg;48.4833;8.8833
72160;Horb am Neckar;Baden-Württemberg;48.4889;8.6734
72172;Sulz am Neckar;Baden-Württemberg;48.3624;8.6331
72175;Dornhan;Baden-Württemberg;48.3501;8.5090
72178;Waldachtal;Baden-Württemberg;48.5000;8.5667
72181;Starzach;Baden-Württemberg;48.4333;8.8167
72184;Eutingen im Gäu;Baden-Württemberg;48.4833;8.7500
72186;Empfingen;Baden-Württemberg;48.3926;8.7104
72189;Vöhringen;Baden-Württemberg;48.3345;8.6639
72202;Nagold;Baden-Württemberg;48.5498;8.7237
72213;Altensteig;Baden-Württemberg;48.5865;8.6040
72218;Wildberg;Baden-Württemberg;48.6234;8.7452
72221;Haiterbach;Baden-Württemberg;48.5207;8.6443
72224;Ebhausen;Baden-Württemberg;48.5833;8.6833
72226;Simmersfeld;Baden-Württemberg;48.6167;8.5167
72227;Egenhausen;Baden-Württemberg;48.5667;8.6167
72229;Rohrdorf;Baden-Württemberg;48.5667;8.7000
72250;Freudenstadt;Baden-Württemberg;48.4670;8.4137
72270;Baiersbronn;Baden-Württemberg;48.5032;8.3770
72275;Alpirsbach;Baden-Württemberg;48.3451;8.4020
72280;Dornstetten;Baden-Württemberg;48.4720;8.4982
72285;Pfalzgrafenweiler;Baden-Württemberg;48.5265;8.5658
72290;Loßburg;Baden-Württemberg;48.4000;8.4500
72291;Betzweiler-Wälde;Baden-Württemberg;48.3667;8.4833
72293;Glatten;Baden-Württemberg;48.4425;8.5112
72294;Grömbach;Baden-Württemberg;48.5729;8.5454
72296;Schopfloch;Baden-Württemberg;48.4548;8.5513
72297;Seewald;Baden-Württemberg;48.5919;8.4178
72299;Wörnersberg;Baden-Württemberg;48.5667;8.5667
72336;Balingen;Baden-Württemberg;48.2753;8.8546
72348;Rosenfeld;Baden-Württemberg;48.2864;8.7236
72351;Geislingen;Baden-Württemberg;48.2877;8.8124
72355;Schömberg;Baden-Württemberg;48.2100;8.7595
72356;Dautmergen;Baden-Württemberg;48.2420;8.7414
72358;Dormettingen;Baden-Württemberg;48.2369;8.7733
72359;Dotternhausen;Baden-Württemberg;48.2285;8.7923
72361;Hausen am Tann;Baden-Württemberg;48.1983;8.8363
72362;Nusplingen;Baden-Württemberg;48.1326;8.8915
72364;Obernheim;Baden-Württemberg;48.1630;8.8611
72365;Ratshausen;Baden-Württemberg;48.1937;8.7952
72367;Weilen unter den Rinnen;Baden-Württemberg;48.1898;8.7649
72369;Zimmern unter der Burg;Baden-Württemberg;48.2205;8.7193
72379;Hechingen;Baden-Württemberg;48.3515;8.9632
72393;Burladingen;Baden-Württemberg;48.2911;9.1129
72401;Haigerloch;Baden-Württemberg;48.3661;8.8036
72406;Bisingen;Baden-Württemberg;48.3101;8.9174
72411;Bodelshausen;Baden-Württemberg;48.3889;8.9770
72414;Rangendingen;Baden-Württemberg;48.3817;8.8894
72415;Grosselfingen;Baden-Württemberg;48.3323;8.8870
72417;Jungingen;Baden-Württemberg;48.3279;9.0410
72419;Neufra;Baden-Württemberg;48.2477;9.1831
72458;Albstadt;Baden-Württemberg;48.2135;9.0263
72459;Albstadt;Baden-Württemberg;48.2167;9.0167
72461;Albstadt;Baden-Württemberg;48.2510;9.0182
72469;Meßstetten;Baden-Württemberg;48.1832;8.9657
72474;Winterlingen;Baden-Württemberg;48.1833;9.1167
72475;Bitz;Baden-Württemberg;48.2440;9.0914
72477;Schwenningen;Baden-Württemberg;48.1000;9.0000
72479;Straßberg;Baden-Württemberg;48.1780;9.0906
72488;Sigmaringen;Baden-Württemberg;48.0883;9.2303
72501;Gammertingen;Baden-Württemberg;48.2524;9.2235
72505;Krauchenwies;Baden-Württemberg;48.0165;9.2476
72510;Stetten am kalten Markt;Baden-Württemberg;48.1167;9.0833
72511;Bingen;Baden-Württemberg;48.1113;9.2724
72513;Hettingen;Baden-Württemberg;48.2160;9.2317
72514;Inzigkofen;Baden-Württemberg;48.0703;9.1800
72516;Scheer;Baden-Württemberg;48.0729;9.2949
72517;Sigmaringendorf;Baden-Württemberg;48.0659;9.2621
72519;Veringenstadt;Baden-Württemberg;48.1851;9.2108
72525;Münsingen;Baden-Württemberg;48.4113;9.4970
72531;Hohenstein;Baden-Württemberg;48.3448;9.3511
72532;Gomadingen;Baden-Württemberg;48.3998;9.3906
72534;Hayingen;Baden-Württemberg;48.2753;9.4776
72535;Heroldstatt;Baden-Württemberg;48.4456;9.6642
72537;Mehrstetten;Baden-Württemberg;48.3761;9.5660
72539;Pfronstetten;Baden-Württemberg;48.2764;9.3600
72555;Metzingen;Baden-Württemberg;48.5370;9.2833
72574;Bad Urach;Baden-Württemberg;48.4911;9.4001
72581;Dettingen an der Erms;Baden-Württemberg;48.5308;9.3446
72582;Grabenstetten;Baden-Württemberg;48.5240;9.4615
72584;Hülben;Baden-Württemberg;48.5198;9.4079
72585;Riederich;Baden-Württemberg;48.5603;9.2688
72587;Römerstein;Baden-Württemberg;48.4984;9.5426
72589;Westerheim;Baden-Württemberg;48.5151;9.6242
72622;Nürtingen;Baden-Württemberg;48.6256;9.3420
72631;Aichtal;Baden-Württemberg;48.6333;9.2667
72636;Frickenhausen;Baden-Württemberg;48.5935;9.3601
72639;Neuffen;Baden-Württemberg;48.5546;9.3755
72644;Oberboihingen;Baden-Württemberg;48.6500;9.3667
72649;Wolfschlugen;Baden-Württemberg;48.6500;9.2833
72654;Neckartenzlingen;Baden-Württemberg;48.5898;9.2348
72655;Altdorf;Baden-Württemberg;48.5942;9.2716
72657;Altenriet;Baden-Württemberg;48.5914;9.2219
72658;Bempflingen;Baden-Württemberg;48.5718;9.2683
72660;Beuren;Baden-Württemberg;48.5693;9.4041
72661;Grafenberg;Baden-Württemberg;48.5650;9.3019
72663;Großbettlingen;Baden-Württemberg;48.5905;9.3078
72664;Kohlberg;Baden-Württemberg;48.5584;9.3358
72666;Neckartailfingen;Baden-Württemberg;48.6117;9.2637
72667;Schlaitdorf;Baden-Württemberg;48.6043;9.2227
72669;Unterensingen;Baden-Württemberg;48.6545;9.3580
72760;Reutlingen;Baden-Württemberg;48.5094;9.2040
72762;Reutlingen;Baden-Württemberg;48.4845;9.1939
72764;Reutlingen;Baden-Württemberg;48.4931;9.2125
72766;Reutlingen;Baden-Württemberg;48.5110;9.2232
72768;Reutlingen;Baden-Württemberg;48.4833;9.2167
72770;Reutlingen;Baden-Württemberg;48.4942;9.1666
72793;Pfullingen;Baden-Württemberg;48.4646;9.2280
72800;Eningen unter Achalm;Baden-Württemberg;48.4869;9.2595
72805;Lichtenstein;Baden-Württemberg;48.4396;9.2528
72810;Gomaringen;Baden-Württemberg;48.4535;9.0958
72813;Sankt Johann;Baden-Württemberg;48.4833;9.3167
72818;Trochtelfingen;Baden-Württemberg;48.3084;9.2449
72820;Sonnenbühl;Baden-Württemberg;48.3833;9.1833
72827;Wannweil;Baden-Württemberg;48.5167;9.1500
72829;Engstingen;Baden-Württemberg;48.3925;9.3008
73033;Göppingen;Baden-Württemberg;48.7075;9.6514
73035;Göppingen;Baden-Württemberg;48.7000;9.6667
73037;Göppingen;Baden-Württemberg;48.6959;9.6647
73054;Eislingen/Fils;Baden-Württemberg;48.6944;9.7009
73061;Ebersbach an der Fils;Baden-Württemberg;48.7160;9.5236
73066;Uhingen;Baden-Württemberg;48.7048;9.5857
73072;Donzdorf;Baden-Württemberg;48.6854;9.8105
73079;Süßen;Baden-Württemberg;48.6793;9.7553
73084;Salach;Baden-Württemberg;48.6920;9.7371
73087;Boll;Baden-Württemberg;48.6436;9.6130
73092;Heiningen;Baden-Württemberg;48.6618;9.6498
73095;Albershausen;Baden-Württemberg;48.6914;9.5649
73098;Rechberghausen;Baden-Württemberg;48.7308;9.6442
73099;Adelberg;Baden-Württemberg;48.7623;9.5999
73101;Aichelberg;Baden-Württemberg;48.6356;9.5637
73102;Birenbach;Baden-Württemberg;48.7473;9.6611
73104;Börtlingen;Baden-Württemberg;48.7538;9.6318
73105;Dürnau;Baden-Württemberg;48.6408;9.6354
73107;Eschenbach;Baden-Württemberg;48.6526;9.6704
73108;Gammelshausen;Baden-Württemberg;48.6402;9.6507
73110;Hattenhofen;Baden-Württemberg;48.6665;9.5746
73111;Lauterstein;Baden-Württemberg;48.7101;9.8651
73113;Ottenbach;Baden-Württemberg;48.7365;9.7484
73114;Schlat;Baden-Württemberg;48.6532;9.7062
73116;Wäschenbeuren;Baden-Württemberg;48.7599;9.6873
73117;Wangen;Baden-Württemberg;48.7293;9.6117
73119;Zell unter Aichelberg;Baden-Württemberg;48.6488;9.5714
73207;Plochingen;Baden-Württemberg;48.7107;9.4195
73230;Kirchheim unter Teck;Baden-Württemberg;48.6468;9.4538
73235;Weilheim an der Teck;Baden-Württemberg;48.6157;9.5375
73240;Wendlingen am Neckar;Baden-Württemberg;48.6712;9.3763
73249;Wernau;Baden-Württemberg;48.6931;9.4153
73252;Lenningen;Baden-Württemberg;48.5581;9.4663
73257;Köngen;Baden-Württemberg;48.6833;9.3667
73262;Reichenbach an der Fils;Baden-Württemberg;48.7101;9.4643
73265;Dettingen unter Teck;Baden-Württemberg;48.6167;9.4500
73266;Bissingen an der Teck;Baden-Württemberg;48.5991;9.4915
73268;Erkenbrechtsweiler;Baden-Württemberg;48.5566;9.4321
73269;Hochdorf;Baden-Württemberg;48.6928;9.4649
73271;Holzmaden;Baden-Württemberg;48.6333;9.5167
73272;Neidlingen;Baden-Württemberg;48.5787;9.5645
73274;Notzingen;Baden-Württemberg;48.6708;9.4572
73275;Ohmden;Baden-Württemberg;48.6460;9.5270
73277;Owen;Baden-Württemberg;48.5874;9.4498
73278;Schlierbach;Baden-Württemberg;48.6736;9.5181
73312;Geislingen an der Steige;Baden-Württemberg;48.6089;9.8123
73326;Deggingen;Baden-Württemberg;48.5971;9.7189
73329;Kuchen;Baden-Württemberg;48.6358;9.7999
73333;Gingen an der Fils;Baden-Württemberg;48.6598;9.7809
73337;Bad Überkingen;Baden-Württemberg;48.5999;9.7959
73340;Amstetten;Baden-Württemberg;48.5788;9.8739
73342;Bad Ditzenbach;Baden-Württemberg;48.5883;9.7039
73344;Gruibingen;Baden-Württemberg;48.5948;9.6439
73345;Drackenstein (Hohenstadt);Baden-Württemberg;48.5472;9.6736
73347;Mühlhausen im Täle;Baden-Württemberg;48.5667;9.6500
73349;Wiesensteig;Baden-Württemberg;48.5613;9.6254
73430;Aalen;Baden-Württemberg;48.8409;10.0931
73431;Aalen;Baden-Württemberg;48.8220;10.0654
73432;Aalen;Baden-Württemberg;48.8333;10.1000
73433;Aalen;Baden-Württemberg;48.8641;10.1044
73434;Aalen;Baden-Württemberg;48.8333;10.1000
73441;Bopfingen;Baden-Württemberg;48.8585;10.3542
73447;Oberkochen;Baden-Württemberg;48.7838;10.1052
73450;Neresheim;Baden-Württemberg;48.7551;10.3304
73453;Abtsgmünd;Baden-Württemberg;48.8950;10.0017
73457;Essingen;Baden-Württemberg;48.8086;10.0277
73460;Hüttlingen;Baden-Württemberg;48.8927;10.1006
73463;Westhausen;Baden-Württemberg;48.8833;10.1833
73466;Lauchheim;Baden-Württemberg;48.8713;10.2422
73467;Kirchheim am Ries;Baden-Württemberg;48.8792;10.4003
73469;Riesbürg;Baden-Württemberg;48.8500;10.4333
73479;Ellwangen (Jagst);Baden-Württemberg;48.9623;10.1545
73485;Unterschneidheim;Baden-Württemberg;48.9333;10.3667
73486;Adelmannsfelden;Baden-Württemberg;48.9548;10.0047
73488;Ellenberg;Baden-Württemberg;49.0167;10.2167
73489;Jagstzell;Baden-Württemberg;49.0306;10.0975
73491;Neuler;Baden-Württemberg;48.9280;10.0689
73492;Rainau;Baden-Württemberg;48.9333;10.1500
73494;Rosenberg;Baden-Württemberg;49.0189;10.0296
73495;Stödtlen;Baden-Württemberg;49.0000;10.3000
73497;Tannhausen;Baden-Württemberg;48.9787;10.3613
73499;Wört;Baden-Württemberg;49.0305;10.2724
73525;Schwäbisch Gmünd;Baden-Württemberg;48.7989;9.7989
73527;Täferrot (Schwäbisch Gmünd);Baden-Württemberg;48.8333;9.8087
73529;Schwäbisch Gmünd;Baden-Württemberg;48.7852;9.8176
73540;Heubach;Baden-Württemberg;48.7927;9.9337
73547;Lorch;Baden-Württemberg;48.7983;9.6914
73550;Waldstetten;Baden-Württemberg;48.7661;9.8213
73553;Alfdorf;Baden-Württemberg;48.8438;9.7186
73557;Mutlangen;Baden-Württemberg;48.8259;9.7971
73560;Böbingen an der Rems;Baden-Württemberg;48.8196;9.9213
73563;Mögglingen;Baden-Württemberg;48.8232;9.9625
73565;Spraitbach;Baden-Württemberg;48.8806;9.7622
73566;Bartholomä;Baden-Württemberg;48.7535;9.9875
73568;Durlangen;Baden-Württemberg;48.8563;9.7965
73569;Obergröningen (Eschach);Baden-Württemberg;48.8914;9.8897
73571;Göggingen;Baden-Württemberg;48.8612;9.8840
73572;Heuchlingen;Baden-Württemberg;48.8522;9.9439
73574;Iggingen;Baden-Württemberg;48.8317;9.8789
73575;Leinzell;Baden-Württemberg;48.8494;9.8775
73577;Ruppertshofen;Baden-Württemberg;48.8828;9.8151
73579;Schechingen;Baden-Württemberg;48.8734;9.9174
73614;Schorndorf;Baden-Württemberg;48.8054;9.5272
73630;Remshalden;Baden-Württemberg;48.8151;9.4239
73635;Rudersberg;Baden-Württemberg;48.8852;9.5293
73642;Welzheim;Baden-Württemberg;48.8768;9.6343
73650;Winterbach;Baden-Württemberg;48.7992;9.4791
73655;Plüderhausen;Baden-Württemberg;48.7988;9.5959
73660;Urbach;Baden-Württemberg;48.8168;9.5769
73663;Berglen;Baden-Württemberg;48.8667;9.4667
73666;Baltmannsweiler;Baden-Württemberg;48.7422;9.4494
73667;Kaisersbach;Baden-Württemberg;48.9302;9.6390
73669;Lichtenwald;Baden-Württemberg;48.7500;9.4833
73728;Esslingen am Neckar;Baden-Württemberg;48.7394;9.3061
73730;Esslingen am Neckar;Baden-Württemberg;48.7323;9.3255
73732;Esslingen am Neckar;Baden-Württemberg;48.7690;9.3122
73733;Esslingen am Neckar;Baden-Württemberg;48.7500;9.3000
73734;Esslingen am Neckar;Baden-Württemberg;48.7361;9.2977
73760;Ostfildern;Baden-Württemberg;48.7270;9.2495
73765;Neuhausen auf den Fildern;Baden-Württemberg;48.6833;9.2833
73770;Denkendorf;Baden-Württemberg;48.6955;9.3167
73773;Aichwald;Baden-Württemberg;48.7503;9.3870
73776;Altbach;Baden-Württemberg;48.7227;9.3808
73779;Deizisau;Baden-Württemberg;48.7122;9.3861
74072;Heilbronn;Baden-Württemberg;49.1423;9.2234
74074;Heilbronn;Baden-Württemberg;49.1286;9.2214
74076;Heilbronn;Baden-Württemberg;49.1618;9.2193
74078;Heilbronn;Baden-Württemberg;49.1566;9.1746
74080;Heilbronn;Baden-Württemberg;49.1386;9.1954
74081;Heilbronn;Baden-Württemberg;49.1236;9.1970
74172;Neckarsulm;Baden-Württemberg;49.1891;9.2253
74177;Bad Friedrichshall;Baden-Württemberg;49.2344;9.2145
74182;Obersulm;Baden-Württemberg;49.1361;9.3774
74189;Weinsberg;Baden-Württemberg;49.1513;9.2876
74193;Schwaigern;Baden-Württemberg;49.1449;9.0553
74196;Neuenstadt am Kocher;Baden-Württemberg;49.2350;9.3322
74199;Untergruppenbach;Baden-Württemberg;49.0894;9.2752
74206;Bad Wimpfen;Baden-Württemberg;49.2297;9.1565
74211;Leingarten;Baden-Württemberg;49.1464;9.1169
74214;Schöntal;Baden-Württemberg;49.3524;9.5088
74219;Möckmühl;Baden-Württemberg;49.3249;9.3584
74223;Flein;Baden-Württemberg;49.1031;9.2108
74226;Nordheim;Baden-Württemberg;49.1086;9.1278
74229;Oedheim;Baden-Württemberg;49.2403;9.2533
74232;Abstatt;Baden-Württemberg;49.0682;9.2907
74235;Erlenbach;Baden-Württemberg;49.1725;9.2683
74238;Krautheim;Baden-Württemberg;49.3879;9.6355
74239;Hardthausen am Kocher;Baden-Württemberg;49.2586;9.3894
74243;Langenbrettach;Baden-Württemberg;49.2169;9.4049
74245;Löwenstein;Baden-Württemberg;49.0956;9.3800
74246;Eberstadt;Baden-Württemberg;49.1803;9.3211
74248;Ellhofen;Baden-Württemberg;49.1467;9.3219
74249;Jagsthausen;Baden-Württemberg;49.3106;9.4683
74251;Lehrensteinsfeld;Baden-Württemberg;49.1311;9.3272
74252;Massenbachhausen;Baden-Württemberg;49.1778;9.0433
74254;Offenau;Baden-Württemberg;49.2458;9.1606
74255;Roigheim;Baden-Württemberg;49.3647;9.3400
74257;Untereisesheim;Baden-Württemberg;49.2111;9.2019
74259;Widdern;Baden-Württemberg;49.3183;9.4221
74321;Bietigheim-Bissingen;Baden-Württemberg;48.9441;9.1175
74336;Brackenheim;Baden-Württemberg;49.0779;9.0660
74337;Botenheim;Baden-Württemberg;49.0651;9.0640
74343;Sachsenheim;Baden-Württemberg;48.9584;9.0708
74348;Lauffen am Neckar;Baden-Württemberg;49.0734;9.1457
74354;Besigheim;Baden-Württemberg;48.9980;9.1427
74357;Bönnigheim;Baden-Württemberg;49.0402;9.0939
74360;Ilsfeld;Baden-Württemberg;49.0555;9.2460
74363;Güglingen;Baden-Württemberg;49.0664;9.0017
74366;Kirchheim am Neckar;Baden-Württemberg;49.0450;9.1422
74369;Löchgau;Baden-Württemberg;49.0036;9.1064
74372;Sersheim;Baden-Württemberg;48.9667;9.0167
74374;Zaberfeld;Baden-Württemberg;49.0561;8.9269
74376;Gemmrigheim;Baden-Württemberg;49.0283;9.1556
74379;Ingersheim;Baden-Württemberg;48.9611;9.1761
74382;Neckarwestheim;Baden-Württemberg;49.0469;9.1900
74385;Pleidelsheim;Baden-Württemberg;48.9592;9.2031
74388;Talheim;Baden-Württemberg;49.0833;9.1931
74389;Cleebronn;Baden-Württemberg;49.0450;9.0369
74391;Erligheim;Baden-Württemberg;49.0225;9.0972
74392;Freudental;Baden-Württemberg;49.0097;9.0592
74394;Hessigheim;Baden-Württemberg;48.9941;9.1863
74395;Mundelsheim;Baden-Württemberg;49.0008;9.2078
74397;Pfaffenhofen;Baden-Württemberg;49.0644;8.9764
74399;Walheim;Baden-Württemberg;49.0142;9.1511
74405;Gaildorf;Baden-Württemberg;49.0003;9.7695
74417;Gschwend;Baden-Württemberg;48.9333;9.7444
74420;Oberrot;Baden-Württemberg;49.0144;9.6672
74423;Obersontheim;Baden-Württemberg;49.0567;9.8992
74424;Bühlertann;Baden-Württemberg;49.0417;9.9086
74426;Bühlerzell;Baden-Württemberg;49.0033;9.9206
74427;Fichtenberg;Baden-Württemberg;48.9860;9.7120
74429;Sulzbach-Laufen;Baden-Württemberg;48.9667;9.8500
74523;Schwäbisch Hall;Baden-Württemberg;49.1113;9.7391
74532;Ilshofen;Baden-Württemberg;49.1702;9.9183
74535;Mainhardt;Baden-Württemberg;49.0761;9.5564
74538;Rosengarten;Baden-Württemberg;49.0833;9.7000
74541;Vellberg;Baden-Württemberg;49.0843;9.8791
74542;Braunsbach;Baden-Württemberg;49.1992;9.7906
74544;Michelbach an der Bilz;Baden-Württemberg;49.0703;9.7625
74545;Michelfeld;Baden-Württemberg;49.1180;9.6433
74547;Untermünkheim;Baden-Württemberg;49.1525;9.7338
74549;Wolpertshausen;Baden-Württemberg;49.1675;9.8447
74564;Crailsheim;Baden-Württemberg;49.1344;10.0719
74572;Blaufelden;Baden-Württemberg;49.2978;9.9739
74575;Schrozberg;Baden-Württemberg;49.3453;9.9794
74579;Fichtenau;Baden-Württemberg;49.0667;10.2167
74582;Gerabronn;Baden-Württemberg;49.2517;9.9219
74585;Rot am See;Baden-Württemberg;49.2500;10.0167
74586;Frankenhardt;Baden-Württemberg;49.0833;9.9833
74589;Satteldorf;Baden-Württemberg;49.1695;10.0796
74592;Kirchberg an der Jagst;Baden-Württemberg;49.2006;9.9823
74594;Kreßberg;Baden-Württemberg;49.1333;10.1833
74595;Langenburg;Baden-Württemberg;49.2540;9.8567
74597;Stimpfach;Baden-Württemberg;49.0614;10.0927
74599;Wallhausen;Baden-Württemberg;49.2104;10.0622
74613;Öhringen;Baden-Württemberg;49.1988;9.5072
74626;Bretzfeld;Baden-Württemberg;49.1794;9.4383
74629;Pfedelbach;Baden-Württemberg;49.1781;9.5050
74632;Neuenstein;Baden-Württemberg;49.2049;9.5800
74635;Kupferzell;Baden-Württemberg;49.2278;9.6900
74638;Waldenburg;Baden-Württemberg;49.1847;9.6399
74639;Zweiflingen;Baden-Württemberg;49.2564;9.5181
74653;Ingelfingen (Künzelsau);Baden-Württemberg;49.2910;9.6683
74670;Forchtenberg;Baden-Württemberg;49.2887;9.5603
74673;Mulfingen;Baden-Württemberg;49.3403;9.8008
74676;Niedernhall;Baden-Württemberg;49.2952;9.6160
74677;Dörzbach;Baden-Württemberg;49.3835;9.7073
74679;Weißbach;Baden-Württemberg;49.2972;9.5953
74706;Osterburken;Baden-Württemberg;49.4300;9.4225
74722;Buchen (Odenwald);Baden-Württemberg;49.5200;9.3240
74731;Walldürn;Baden-Württemberg;49.5836;9.3664
74736;Hardheim;Baden-Württemberg;49.6119;9.4719
74740;Adelsheim;Baden-Württemberg;49.4015;9.3925
74743;Seckach;Baden-Württemberg;49.4422;9.3342
74744;Ahorn;Baden-Württemberg;49.5083;9.5269
74746;Höpfingen;Baden-Württemberg;49.6025;9.4286
74747;Ravenstein;Baden-Württemberg;49.3939;9.5325
74749;Rosenberg;Baden-Württemberg;49.4558;9.4731
74821;Mosbach;Baden-Württemberg;49.3536;9.1511
74831;Gundelsheim;Baden-Württemberg;49.2833;9.1604
74832;Bachenau;Baden-Württemberg;49.2784;9.1944
74834;Elztal;Baden-Württemberg;49.3897;9.2106
74838;Limbach;Baden-Württemberg;49.4619;9.2111
74842;Billigheim;Baden-Württemberg;49.3486;9.2539
74847;Obrigheim;Baden-Württemberg;49.3519;9.0908
74850;Schefflenz;Baden-Württemberg;49.3956;9.2728
74855;Haßmersheim;Baden-Württemberg;49.3000;9.1500
74858;Aglasterhausen;Baden-Württemberg;49.3569;8.9869
74861;Neudenau;Baden-Württemberg;49.2918;9.2698
74862;Binau;Baden-Württemberg;49.3683;9.0581
74864;Fahrenbach;Baden-Württemberg;49.4314;9.1506
74865;Neckarzimmern;Baden-Württemberg;49.3192;9.1328
74867;Neunkirchen;Baden-Württemberg;49.3869;9.0106
74869;Schwarzach;Baden-Württemberg;49.3711;8.9832
74889;Sinsheim;Baden-Württemberg;49.2529;8.8787
74906;Bad Rappenau;Baden-Württemberg;49.2385;9.1018
74909;Meckesheim;Baden-Württemberg;49.3217;8.8194
74912;Kirchardt;Baden-Württemberg;49.2050;8.9917
74915;Waibstadt;Baden-Württemberg;49.2951;8.9177
74918;Angelbachtal;Baden-Württemberg;49.2331;8.7705
74921;Helmstadt-Bargen;Baden-Württemberg;49.3100;9.0000
74924;Neckarbischofsheim;Baden-Württemberg;49.2963;8.9638
74925;Epfenbach;Baden-Württemberg;49.3392;8.9078
74927;Eschelbronn;Baden-Württemberg;49.3194;8.8653
74928;Hüffenhardt;Baden-Württemberg;49.2919;9.0817
74930;Ittlingen;Baden-Württemberg;49.1908;8.9308
74931;Lobbach;Baden-Württemberg;49.3664;8.8917
74933;Neidenstein;Baden-Württemberg;49.3167;8.8847
74934;Reichartshausen;Baden-Württemberg;49.3550;8.9453
74936;Siegelsbach;Baden-Württemberg;49.2697;9.0897
74937;Spechbach;Baden-Württemberg;49.3464;8.8833
74939;Zuzenhausen;Baden-Württemberg;49.2964;8.8225
75015;Bretten;Baden-Württemberg;49.0369;8.7075
75031;Eppingen;Baden-Württemberg;49.1364;8.9123
75038;Oberderdingen;Baden-Württemberg;49.0656;8.8031
75045;Walzbachtal;Baden-Württemberg;49.0257;8.5861
75050;Gemmingen;Baden-Württemberg;49.1564;8.9819
75053;Gondelsheim;Baden-Württemberg;49.0592;8.6583
75056;Sulzfeld;Baden-Württemberg;49.1047;8.8558
75057;Kürnbach;Baden-Württemberg;49.0775;8.8456
75059;Zaisenhausen;Baden-Württemberg;49.1067;8.8128
75172;Pforzheim;Baden-Württemberg;48.8919;8.6985
75173;Pforzheim;Baden-Württemberg;48.8833;8.7000
75175;Pforzheim;Baden-Württemberg;48.8915;8.7156
75177;Pforzheim;Baden-Württemberg;48.8833;8.7000
75179;Pforzheim;Baden-Württemberg;48.9006;8.6697
75180;Pforzheim;Baden-Württemberg;48.8696;8.6704
75181;Pforzheim;Baden-Württemberg;48.8851;8.7307
75196;Remchingen;Baden-Württemberg;48.9513;8.5732
75203;Königsbach-Stein;Baden-Württemberg;48.9659;8.6057
75210;Keltern;Baden-Württemberg;48.9000;8.5833
75217;Birkenfeld;Baden-Württemberg;48.8667;8.6333
75223;Niefern-Öschelbronn;Baden-Württemberg;48.9167;8.7833
75228;Ispringen;Baden-Württemberg;48.9167;8.6667
75233;Tiefenbronn;Baden-Württemberg;48.8240;8.8013
75236;Kämpfelbach;Baden-Württemberg;48.9300;8.6448
75239;Eisingen;Baden-Württemberg;48.9500;8.6667
75242;Neuhausen;Baden-Württemberg;48.7926;8.7765
75245;Neulingen;Baden-Württemberg;48.9667;8.7000
75248;Ölbronn-Dürrn;Baden-Württemberg;48.9667;8.7500
75249;Kieselbronn;Baden-Württemberg;48.9333;8.7500
75305;Neuenbürg;Baden-Württemberg;48.8452;8.5957
75323;Bad Wildbad im Schwarzwald;Baden-Württemberg;48.7500;8.5500
75328;Schömberg;Baden-Württemberg;48.7871;8.6450
75331;Engelsbrand;Baden-Württemberg;48.8333;8.6500
75334;Straubenhardt;Baden-Württemberg;48.8466;8.5431
75335;Dobel;Baden-Württemberg;48.8000;8.5000
75337;Enzklösterle;Baden-Württemberg;48.6664;8.4708
75339;Höfen an der Enz;Baden-Württemberg;48.8000;8.5833
75365;Calw;Baden-Württemberg;48.7142;8.7403
75378;Bad Liebenzell;Baden-Württemberg;48.7743;8.7297
75382;Althengstett;Baden-Württemberg;48.7232;8.7943
75385;Bad Teinach-Zavelstein;Baden-Württemberg;48.6905;8.6928
75387;Neubulach;Baden-Württemberg;48.6609;8.6961
75389;Neuweiler;Baden-Württemberg;48.6667;8.6000
75391;Gechingen;Baden-Württemberg;48.6953;8.8291
75392;Deckenpfronn;Baden-Württemberg;48.6513;8.8242
75394;Oberreichenbach;Baden-Württemberg;48.7333;8.6667
75395;Ostelsheim;Baden-Württemberg;48.7263;8.8482
75397;Simmozheim;Baden-Württemberg;48.7513;8.8114
75399;Unterreichenbach;Baden-Württemberg;48.8250;8.7088
75417;Mühlacker;Baden-Württemberg;48.9475;8.8367
75428;Illingen;Baden-Württemberg;48.9562;8.9246
75433;Maulbronn;Baden-Württemberg;48.9996;8.8034
75438;Knittlingen;Baden-Württemberg;49.0249;8.7561
75443;Ötisheim;Baden-Württemberg;48.9667;8.8000
75446;Wiernsheim;Baden-Württemberg;48.8833;8.8500
75447;Sternenfels;Baden-Württemberg;49.0514;8.8508
75449;Wurmberg;Baden-Württemberg;48.8667;8.8167
76006;Karlsruhe;Baden-Württemberg;49.0080;8.4200
76131;Karlsruhe;Baden-Württemberg;49.0078;8.4199
76133;Karlsruhe;Baden-Württemberg;49.0083;8.3979
76135;Karlsruhe;Baden-Württemberg;48.9907;8.3719
76137;Karlsruhe;Baden-Württemberg;49.0019;8.4287
76139;Karlsruhe;Baden-Württemberg;49.0047;8.3858
76149;Karlsruhe;Baden-Württemberg;49.0401;8.3936
76185;Karlsruhe;Baden-Württemberg;49.0111;8.3601
76187;Karlsruhe;Baden-Württemberg;49.0224;8.3742
76189;Karlsruhe;Baden-Württemberg;49.0148;8.3521
76199;Karlsruhe;Baden-Württemberg;48.9661;8.4043
76227;Karlsruhe;Baden-Württemberg;49.0003;8.4776
76228;Karlsruhe;Baden-Württemberg;49.0047;8.3858
76229;Karlsruhe;Baden-Württemberg;49.0047;8.3858
76275;Ettlingen;Baden-Württemberg;48.9409;8.4076
76287;Rheinstetten;Baden-Württemberg;48.9685;8.3070
76297;Stutensee;Baden-Württemberg;49.0967;8.4896
76307;Karlsbad;Baden-Württemberg;48.9167;8.5000
76316;Malsch;Baden-Württemberg;48.8833;8.3333
76327;Pfinztal;Baden-Württemberg;49.0044;8.5209
76332;Bad Herrenalb;Baden-Württemberg;48.7979;8.4362
76337;Waldbronn;Baden-Württemberg;48.9183;8.4923
76344;Eggenstein-Leopoldshafen;Baden-Württemberg;49.0901;8.3988
76351;Linkenheim-Hochstetten;Baden-Württemberg;49.1320;8.4124
76356;Weingarten;Baden-Württemberg;49.0546;8.5268
76359;Marxzell;Baden-Württemberg;48.8667;8.4500
76437;Rastatt;Baden-Württemberg;48.8585;8.2096
76448;Durmersheim;Baden-Württemberg;48.9333;8.2667
76456;Kuppenheim;Baden-Württemberg;48.8279;8.2542
76461;Muggensturm;Baden-Württemberg;48.8667;8.2833
76467;Bietigheim;Baden-Württemberg;48.9092;8.2520
76470;Ötigheim;Baden-Württemberg;48.8909;8.2344
76473;Iffezheim;Baden-Württemberg;48.8217;8.1431
76474;Au am Rhein;Baden-Württemberg;48.9500;8.2333
76476;Bischweier;Baden-Württemberg;48.8377;8.2841
76477;Elchesheim-Illingen;Baden-Württemberg;48.9333;8.2167
76479;Steinmauern;Baden-Württemberg;48.9010;8.1969
76530;Baden-Baden;Baden-Württemberg;48.7663;8.2031
76532;Baden-Baden;Baden-Württemberg;48.8038;8.1308
76534;Baden-Baden;Baden-Württemberg;48.7150;8.1442
76547;Sinzheim;Baden-Württemberg;48.7667;8.1667
76549;Hügelsheim;Baden-Württemberg;48.8000;8.1167
76571;Gaggenau;Baden-Württemberg;48.8000;8.3333
76593;Gernsbach;Baden-Württemberg;48.7703;8.3431
76596;Forbach;Baden-Württemberg;48.6833;8.3500
76597;Loffenau;Baden-Württemberg;48.7721;8.3846
76599;Weisenbach;Baden-Württemberg;48.7276;8.3538
76646;Bruchsal;Baden-Württemberg;49.1243;8.5980
76661;Philippsburg;Baden-Württemberg;49.2317;8.4607
76669;Bad Schönborn;Baden-Württemberg;49.2069;8.6436
76676;Graben-Neudorf;Baden-Württemberg;49.1669;8.4924
76684;Östringen;Baden-Württemberg;49.2191;8.7119
76689;Karlsdorf-Neuthard;Baden-Württemberg;49.1347;8.5303
76694;Forst;Baden-Württemberg;49.1586;8.5808
76698;Ubstadt-Weiher;Baden-Württemberg;49.1630;8.6316
76703;Kraichtal;Baden-Württemberg;49.1396;8.7715
76706;Dettenheim;Baden-Württemberg;49.1717;8.4242
76707;Hambrücken;Baden-Württemberg;49.1900;8.5406
76709;Kronau;Baden-Württemberg;49.2225;8.6311
76726;Germersheim;Rheinland-Pfalz;49.2231;8.3639
76744;Wörth am Rhein (Vollmersweiler);Rheinland-Pfalz;49.0570;8.1684
76751;Jockgrim;Rheinland-Pfalz;49.0929;8.2747
76756;Bellheim;Rheinland-Pfalz;49.1983;8.2794
76761;Rülzheim;Rheinland-Pfalz;49.1531;8.2929
76764;Rheinzabern;Rheinland-Pfalz;49.1181;8.2781
76767;Hagenbach;Rheinland-Pfalz;49.0173;8.2502
76768;Berg (Pfalz);Rheinland-Pfalz;48.9833;8.2000
76770;Hatzenbühl;Rheinland-Pfalz;49.1111;8.2453
76771;Hördt;Rheinland-Pfalz;49.1658;8.3264
76773;Kuhardt;Rheinland-Pfalz;49.1458;8.3144
76774;Leimersheim;Rheinland-Pfalz;49.1242;8.3453
76776;Neuburg am Rhein;Rheinland-Pfalz;48.9833;8.2500
76777;Neupotz;Rheinland-Pfalz;49.1178;8.3194
76779;Scheibenhardt;Rheinland-Pfalz;48.9812;8.1399
76829;Leinsweiler (Ranschbach, Landau in der Pfalz);Rheinland-Pfalz;49.1925;8.0549
76831;Impflingen (Ilbesheim bei Landau in der Pfalz, Göcklingen …);Rheinland-Pfalz;49.1666;8.0589
76833;Knöringen (Walsheim, Frankweiler …);Rheinland-Pfalz;49.2297;8.0948
76835;Hainfeld (Weyher in der Pfalz, Gleisweiler …);Rheinland-Pfalz;49.2533;8.0936
76846;Hauenstein;Rheinland-Pfalz;49.1921;7.8549
76848;Spirkelbach (Schwanheim, Lug …);Rheinland-Pfalz;49.1793;7.8872
76855;Annweiler am Trifels;Rheinland-Pfalz;49.2061;7.9753
76857;Waldhambach (Eußerthal, Rinnthal …);Rheinland-Pfalz;49.1945;7.9657
76863;Herxheim bei Landau/Pfalz (Herxheimweyher);Rheinland-Pfalz;49.1470;8.2383
76865;Rohrbach (Insheim);Rheinland-Pfalz;49.1474;8.1379
76870;Kandel;Rheinland-Pfalz;49.0828;8.1972
76872;Hergersweiler (Winden, Erlenbach …);Rheinland-Pfalz;49.0938;8.1327
76877;Offenbach an der Queich;Rheinland-Pfalz;49.1955;8.1978
76879;Ottersheim (Knittelsheim, Bornheim …);Rheinland-Pfalz;49.2178;8.2060
76887;Bad Bergzabern (Oberhausen, Böllenborn);Rheinland-Pfalz;49.1001;7.9841
76889;Dörrenbach (Oberschlettenbach, Dierbach …);Rheinland-Pfalz;49.0931;7.9946
76891;Erlenbach (Bruchweiler-Bärenbach, Bobenthal …);Rheinland-Pfalz;49.0961;7.8255
77652;Offenburg;Baden-Württemberg;48.4765;7.9438
77654;Offenburg;Baden-Württemberg;48.4651;7.9559
77656;Offenburg;Baden-Württemberg;48.4639;7.9313
77694;Kehl;Baden-Württemberg;48.5730;7.8152
77704;Oberkirch;Baden-Württemberg;48.5324;8.0786
77709;Wolfach (Oberwolfach);Baden-Württemberg;48.3049;8.2162
77716;Fischerbach (Haslach im Kinzigtal, Hofstetten);Baden-Württemberg;48.2744;8.0883
77723;Gengenbach;Baden-Württemberg;48.4048;8.0143
77728;Oppenau;Baden-Württemberg;48.4733;8.1597
77731;Willstätt;Baden-Württemberg;48.5407;7.8931
77736;Zell am Harmersbach;Baden-Württemberg;48.3465;8.0670
77740;Bad Peterstal-Griesbach;Baden-Württemberg;48.4333;8.2167
77743;Neuried;Baden-Württemberg;48.4500;7.8250
77746;Schutterwald;Baden-Württemberg;48.4500;7.8833
77749;Hohberg;Baden-Württemberg;48.4167;7.9167
77756;Hausach;Baden-Württemberg;48.2843;8.1760
77761;Schiltach;Baden-Württemberg;48.2893;8.3417
77767;Appenweier;Baden-Württemberg;48.5333;7.9833
77770;Durbach;Baden-Württemberg;48.4935;8.0174
77773;Schenkenzell;Baden-Württemberg;48.3120;8.3721
77776;Bad Rippoldsau-Schapbach;Baden-Württemberg;48.4000;8.3333
77781;Biberach;Baden-Württemberg;48.3333;8.0333
77784;Oberharmersbach;Baden-Württemberg;48.3736;8.1254
77787;Nordrach;Baden-Württemberg;48.4000;8.0833
77790;Steinach;Baden-Württemberg;48.3000;8.0500
77791;Berghaupten;Baden-Württemberg;48.4060;7.9867
77793;Gutach (Schwarzwaldbahn);Baden-Württemberg;48.2484;8.2129
77794;Lautenbach;Baden-Württemberg;48.5207;8.1151
77796;Mühlenbach;Baden-Württemberg;48.2500;8.1167
77797;Ohlsbach;Baden-Württemberg;48.4322;7.9938
77799;Ortenberg;Baden-Württemberg;48.4516;7.9718
77815;Bühl;Baden-Württemberg;48.6968;8.1352
77830;Bühlertal;Baden-Württemberg;48.6857;8.1888
77833;Ottersweier;Baden-Württemberg;48.6702;8.1132
77836;Rheinmünster;Baden-Württemberg;48.7583;8.0500
77839;Lichtenau;Baden-Württemberg;48.7261;8.0049
77855;Achern;Baden-Württemberg;48.6312;8.0761
77866;Rheinau;Baden-Württemberg;48.6660;7.9366
77871;Renchen;Baden-Württemberg;48.5885;8.0132
77876;Kappelrodeck;Baden-Württemberg;48.5918;8.1169
77880;Sasbach;Baden-Württemberg;48.6397;8.0937
77883;Ottenhöfen im Schwarzwald;Baden-Württemberg;48.5667;8.1500
77886;Lauf;Baden-Württemberg;48.6500;8.1333
77887;Sasbachwalden;Baden-Württemberg;48.6167;8.1333
77889;Seebach;Baden-Württemberg;48.5762;8.1705
77933;Lahr/Schwarzwald;Baden-Württemberg;48.3372;7.8704
77944;Friesenheim;Baden-Württemberg;48.3670;7.8830
77948;Friesenheim;Baden-Württemberg;48.3667;7.8833
77955;Ettenheim;Baden-Württemberg;48.2570;7.8125
77960;Seelbach;Baden-Württemberg;48.3106;7.9407
77963;Schwanau;Baden-Württemberg;48.3667;7.7624
77966;Kappel-Grafenhausen;Baden-Württemberg;48.2838;7.7660
77971;Kippenheim;Baden-Württemberg;48.2956;7.8251
77972;Mahlberg;Baden-Württemberg;48.2864;7.8141
77974;Meißenheim;Baden-Württemberg;48.4103;7.7727
77975;Ringsheim;Baden-Württemberg;48.2477;7.7782
77977;Rust;Baden-Württemberg;48.2667;7.7333
77978;Schuttertal;Baden-Württemberg;48.2667;7.9500
78048;Villingen-Schwenningen;Baden-Württemberg;48.0667;8.4500
78050;Villingen-Schwenningen;Baden-Württemberg;48.0667;8.4500
78052;Villingen-Schwenningen;Baden-Württemberg;48.0667;8.4500
78054;Villingen-Schwenningen;Baden-Württemberg;48.0667;8.4500
78056;Villingen-Schwenningen;Baden-Württemberg;48.0667;8.4500
78073;Bad Dürrheim;Baden-Württemberg;48.0209;8.5306
78078;Niedereschach;Baden-Württemberg;48.1333;8.5333
78083;Dauchingen;Baden-Württemberg;48.0899;8.5501
78086;Brigachtal;Baden-Württemberg;48.0167;8.4667
78087;Mönchweiler;Baden-Württemberg;48.1004;8.4222
78089;Unterkirnach;Baden-Württemberg;48.0795;8.3657
78098;Triberg;Baden-Württemberg;48.1363;8.2365
78112;Sankt Georgen im Schwarzwald;Baden-Württemberg;48.1272;8.3351
78120;Furtwangen im Schwarzwald;Baden-Württemberg;48.0516;8.2071
78126;Königsfeld im Schwarzwald;Baden-Württemberg;48.1381;8.4197
78132;Hornberg;Baden-Württemberg;48.2107;8.2327
78136;Schonach im Schwarzwald;Baden-Württemberg;48.1423;8.2029
78141;Schönwald im Schwarzwald;Baden-Württemberg;48.1055;8.2039
78144;Tennenbronn;Baden-Württemberg;48.1904;8.3518
78147;Vöhrenbach;Baden-Württemberg;48.0500;8.3000
78148;Gütenbach;Baden-Württemberg;48.0500;8.1500
78166;Donaueschingen;Baden-Württemberg;47.9551;8.4971
78176;Blumberg;Baden-Württemberg;47.8406;8.5333
78183;Hüfingen;Baden-Württemberg;47.9254;8.4883
78187;Geisingen;Baden-Württemberg;47.9250;8.6500
78194;Immendingen;Baden-Württemberg;47.9333;8.7333
78199;Bräunlingen;Baden-Württemberg;47.9296;8.4481
78224;Singen;Baden-Württemberg;47.7593;8.8403
78234;Engen;Baden-Württemberg;47.8553;8.7734
78239;Rielasingen-Worblingen;Baden-Württemberg;47.7346;8.8401
78244;Gottmadingen;Baden-Württemberg;47.7351;8.7769
78247;Hilzingen;Baden-Württemberg;47.7667;8.7833
78250;Tengen;Baden-Württemberg;47.8213;8.6612
78253;Eigeltingen;Baden-Württemberg;47.8580;8.8978
78256;Steißlingen;Baden-Württemberg;47.8000;8.9333
78259;Mühlhausen-Ehingen;Baden-Württemberg;47.8110;8.8122
78262;Gailingen am Hochrhein;Baden-Württemberg;47.7000;8.7500
78266;Büsingen am Hochrhein;Baden-Württemberg;47.7000;8.6833
78267;Aach;Baden-Württemberg;47.8424;8.8538
78269;Volkertshausen;Baden-Württemberg;47.8167;8.8667
78315;Radolfzell am Bodensee;Baden-Württemberg;47.7419;8.9710
78333;Stockach;Baden-Württemberg;47.8511;9.0091
78337;Öhningen;Baden-Württemberg;47.6619;8.8867
78343;Gaienhofen;Baden-Württemberg;47.6833;8.9833
78345;Moos;Baden-Württemberg;47.7244;8.9348
78351;Bodman-Ludwigshafen;Baden-Württemberg;47.8182;9.0554
78354;Sipplingen;Baden-Württemberg;47.7968;9.0974
78355;Hohenfels;Baden-Württemberg;47.8850;9.1082
78357;Mühlingen;Baden-Württemberg;47.9167;9.0167
78359;Orsingen-Nenzingen;Baden-Württemberg;47.8427;8.9591
78462;Konstanz;Baden-Württemberg;47.6613;9.1752
78464;Konstanz;Baden-Württemberg;47.6723;9.1834
78465;Konstanz;Baden-Württemberg;47.6667;9.1833
78467;Konstanz;Baden-Württemberg;47.6744;9.1649
78476;Allensbach;Baden-Württemberg;47.7154;9.0714
78479;Reichenau;Baden-Württemberg;47.6889;9.0635
78532;Tuttlingen;Baden-Württemberg;47.9846;8.8177
78549;Spaichingen;Baden-Württemberg;48.0748;8.7351
78554;Aldingen;Baden-Württemberg;48.1000;8.7000
78559;Gosheim;Baden-Württemberg;48.1343;8.7543
78564;Wehingen (Reichenbach am Heuberg);Baden-Württemberg;48.1393;8.8208
78567;Fridingen an der Donau;Baden-Württemberg;48.0196;8.9232
78570;Mühlheim an der Donau;Baden-Württemberg;48.0312;8.8836
78573;Wurmlingen;Baden-Württemberg;48.0000;8.7833
78576;Emmingen-Liptingen;Baden-Württemberg;47.9333;8.8833
78579;Neuhausen ob Eck;Baden-Württemberg;47.9726;8.9276
78580;Bärenthal;Baden-Württemberg;48.0667;8.9333
78582;Balgheim;Baden-Württemberg;48.0667;8.7667
78583;Böttingen;Baden-Württemberg;48.1000;8.8000
78585;Bubsheim;Baden-Württemberg;48.1167;8.8333
78586;Deilingen;Baden-Württemberg;48.1741;8.7853
78588;Denkingen;Baden-Württemberg;48.1111;8.7382
78589;Dürbheim;Baden-Württemberg;48.0562;8.7934
78591;Durchhausen;Baden-Württemberg;48.0397;8.6749
78592;Egesheim;Baden-Württemberg;48.1172;8.8564
78594;Gunningen;Baden-Württemberg;48.0500;8.7000
78595;Hausen ob Verena;Baden-Württemberg;48.0537;8.7247
78597;Irndorf;Baden-Württemberg;48.0667;8.9667
78598;Königsheim;Baden-Württemberg;48.1000;8.8667
78600;Kolbingen;Baden-Württemberg;48.0523;8.8896
78601;Mahlstetten;Baden-Württemberg;48.0748;8.8351
78603;Renquishausen;Baden-Württemberg;48.0833;8.9000
78604;Rietheim-Weilheim;Baden-Württemberg;48.0167;8.7667
78606;Seitingen-Oberflacht;Baden-Württemberg;48.0167;8.7167
78607;Talheim;Baden-Württemberg;48.0167;8.6667
78609;Tuningen;Baden-Württemberg;48.0333;8.6000
78628;Rottweil;Baden-Württemberg;48.1678;8.6272
78647;Trossingen;Baden-Württemberg;48.0767;8.6441
78652;Deißlingen;Baden-Württemberg;48.1123;8.6074
78655;Dunningen;Baden-Württemberg;48.2124;8.5062
78658;Zimmern ob Rottweil;Baden-Württemberg;48.1666;8.5944
78661;Dietingen;Baden-Württemberg;48.2048;8.6486
78662;Bösingen;Baden-Württemberg;48.2333;8.5500
78664;Eschbronn;Baden-Württemberg;48.2500;8.4667
78665;Frittlingen;Baden-Württemberg;48.1271;8.7077
78667;Villingendorf;Baden-Württemberg;48.2000;8.5833
78669;Wellendingen;Baden-Württemberg;48.1474;8.7037
78713;Schramberg;Baden-Württemberg;48.2240;8.3858
78727;Oberndorf am Neckar;Baden-Württemberg;48.3005;8.5738
78730;Lauterbach;Baden-Württemberg;48.2333;8.3500
78733;Aichhalden;Baden-Württemberg;48.2672;8.4023
78736;Epfendorf;Baden-Württemberg;48.2500;8.6000
78737;Fluorn-Winzeln;Baden-Württemberg;48.2917;8.4917
78739;Hardt;Baden-Württemberg;48.1833;8.4167
79098;Freiburg im Breisgau;Baden-Württemberg;47.9942;7.8470
79100;Freiburg im Breisgau;Baden-Württemberg;47.9809;7.8327
79102;Freiburg im Breisgau;Baden-Württemberg;48.0000;7.8500
79104;Freiburg im Breisgau;Baden-Württemberg;48.0098;7.8545
79106;Freiburg im Breisgau;Baden-Württemberg;48.0000;7.8500
79108;Freiburg im Breisgau;Baden-Württemberg;48.0339;7.8418
79110;Freiburg im Breisgau;Baden-Württemberg;48.0207;7.8167
79111;Freiburg im Breisgau;Baden-Württemberg;47.9809;7.7957
79112;Freiburg im Breisgau;Baden-Württemberg;48.0000;7.8500
79114;Freiburg im Breisgau;Baden-Württemberg;48.0018;7.8180
79115;Freiburg im Breisgau;Baden-Württemberg;47.9793;7.8220
79117;Freiburg im Breisgau;Baden-Württemberg;47.9874;7.8945
79183;Waldkirch;Baden-Württemberg;48.0959;7.9637
79189;Bad Krozingen;Baden-Württemberg;47.9167;7.7000
79194;Gundelfingen (Heuweiler);Baden-Württemberg;48.0463;7.8829
79199;Kirchzarten;Baden-Württemberg;47.9667;7.9500
79206;Breisach am Rhein;Baden-Württemberg;48.0328;7.5829
79211;Denzlingen;Baden-Württemberg;48.0667;7.8833
79215;Biederbach (Elzach);Baden-Württemberg;48.1863;8.0516
79219;Staufen im Breisgau;Baden-Württemberg;47.8823;7.7282
79224;Umkirch;Baden-Württemberg;48.0333;7.7667
79227;Schallstadt;Baden-Württemberg;47.9585;7.7575
79232;March;Baden-Württemberg;48.0681;7.7788
79235;Vogtsburg im Kaiserstuhl;Baden-Württemberg;48.0833;7.6333
79238;Ehrenkirchen;Baden-Württemberg;47.9156;7.7519
79241;Ihringen;Baden-Württemberg;48.0430;7.6476
79244;Münstertal;Baden-Württemberg;47.8500;7.7833
79249;Merzhausen;Baden-Württemberg;47.9667;7.8333
79252;Stegen;Baden-Württemberg;47.9833;7.9667
79254;Oberried;Baden-Württemberg;47.9333;7.9500
79256;Buchenbach;Baden-Württemberg;47.9614;8.0091
79258;Hartheim;Baden-Württemberg;47.9333;7.6333
79261;Gutach im Breisgau;Baden-Württemberg;48.1167;7.9833
79263;Simonswald;Baden-Württemberg;48.1004;8.0525
79268;Bötzingen;Baden-Württemberg;48.0764;7.7248
79271;Sankt Peter;Baden-Württemberg;48.0147;8.0329
79274;Sankt Märgen;Baden-Württemberg;48.0080;8.0928
79276;Reute;Baden-Württemberg;48.0833;7.8167
79279;Vörstetten;Baden-Württemberg;48.0667;7.8500
79280;Au;Baden-Württemberg;47.9500;7.8333
79282;Ballrechten-Dottingen;Baden-Württemberg;47.8583;7.6917
79283;Bollschweil;Baden-Württemberg;47.9214;7.7899
79285;Ebringen;Baden-Württemberg;47.9578;7.7765
79286;Glottertal;Baden-Württemberg;48.0508;7.9634
79288;Gottenheim;Baden-Württemberg;48.0500;7.7333
79289;Horben;Baden-Württemberg;47.9333;7.8667
79291;Merdingen;Baden-Württemberg;48.0167;7.6833
79292;Pfaffenweiler;Baden-Württemberg;47.9333;7.7500
79294;Sölden;Baden-Württemberg;47.9333;7.8167
79295;Sulzburg;Baden-Württemberg;47.8412;7.7078
79297;Winden im Elztal;Baden-Württemberg;48.1440;8.0469
79299;Wittnau;Baden-Württemberg;47.9500;7.8167
79312;Emmendingen;Baden-Württemberg;48.1210;7.8536
79331;Teningen;Baden-Württemberg;48.1295;7.8121
79336;Herbolzheim;Baden-Württemberg;48.2188;7.7775
79341;Kenzingen;Baden-Württemberg;48.1963;7.7697
79346;Endingen am Kaiserstuhl;Baden-Württemberg;48.1333;7.7000
79348;Freiamt;Baden-Württemberg;48.1667;7.9167
79350;Sexau;Baden-Württemberg;48.1021;7.9076
79353;Bahlingen am Kaiserstuhl;Baden-Württemberg;48.1228;7.7389
79356;Eichstetten am Kaiserstuhl;Baden-Württemberg;48.0833;7.7333
79359;Riegel am Kaiserstuhl;Baden-Württemberg;48.1500;7.7500
79361;Sasbach am Kaiserstuhl;Baden-Württemberg;48.1333;7.6167
79362;Forchheim;Baden-Württemberg;48.1667;7.7000
79364;Malterdingen;Baden-Württemberg;48.1572;7.7861
79365;Rheinhausen;Baden-Württemberg;48.2266;7.7109
79367;Weisweil;Baden-Württemberg;48.1994;7.6771
79369;Wyhl am Kaiserstuhl;Baden-Württemberg;48.1667;7.6500
79379;Müllheim;Baden-Württemberg;47.8082;7.6303
79395;Neuenburg am Rhein;Baden-Württemberg;47.8143;7.5601
79400;Kandern;Baden-Württemberg;47.7139;7.6624
79410;Badenweiler;Baden-Württemberg;47.8022;7.6724
79415;Bad Bellingen;Baden-Württemberg;47.7315;7.5576
79418;Schliengen;Baden-Württemberg;47.7570;7.5764
79423;Heitersheim;Baden-Württemberg;47.8747;7.6572
79424;Auggen;Baden-Württemberg;47.7833;7.6000
79426;Buggingen;Baden-Württemberg;47.8475;7.6380
79427;Eschbach;Baden-Württemberg;47.8910;7.6554
79429;Malsburg-Marzell;Baden-Württemberg;47.7333;7.7083
79513;Röttlerweiler;Baden-Württemberg;47.6324;7.6594
79539;Lörrach;Baden-Württemberg;47.6181;7.6589
79540;Lörrach;Baden-Württemberg;47.6167;7.6667
79541;Lörrach;Baden-Württemberg;47.6335;7.6922
79576;Weil am Rhein;Baden-Württemberg;47.5933;7.6208
79578;Steinen;Baden-Württemberg;47.6500;7.7330
79585;Steinen;Baden-Württemberg;47.6500;7.7333
79588;Efringen-Kirchen;Baden-Württemberg;47.6500;7.5667
79589;Binzen;Baden-Württemberg;47.6333;7.6167
79591;Eimeldingen;Baden-Württemberg;47.6333;7.6000
79592;Fischingen;Baden-Württemberg;47.6500;7.6000
79594;Inzlingen;Baden-Württemberg;47.5885;7.6909
79595;Rümmingen;Baden-Württemberg;47.6412;7.6420
79597;Schallbach;Baden-Württemberg;47.6500;7.6333
79599;Wittlingen;Baden-Württemberg;47.6553;7.6511
79618;Rheinfelden;Baden-Württemberg;47.5723;7.7842
79639;Grenzach-Wyhlen;Baden-Württemberg;47.5500;7.6833
79650;Schopfheim;Baden-Württemberg;47.6511;7.8209
79664;Wehr;Baden-Württemberg;47.6298;7.9042
79669;Zell im Wiesental;Baden-Württemberg;47.7055;7.8525
79674;Todtnau;Baden-Württemberg;47.8294;7.9438
79677;Fröhnd (Aitern, Tunau …);Baden-Württemberg;47.7854;7.8879
79682;Todtmoos;Baden-Württemberg;47.7401;8.0018
79683;Bürchau;Baden-Württemberg;47.7739;7.8272
79685;Häg-Ehrsberg;Baden-Württemberg;47.7417;7.9083
79686;Hasel;Baden-Württemberg;47.6534;7.8972
79688;Hausen im Wiesental;Baden-Württemberg;47.6833;7.8500
79689;Maulburg;Baden-Württemberg;47.6463;7.7821
79691;Neuenweg;Baden-Württemberg;47.7956;7.8274
79692;Tegernau (Elbenschwand, Sallneck …);Baden-Württemberg;47.7361;7.7981
79694;Utzenfeld;Baden-Württemberg;47.8000;7.9167
79695;Wieden;Baden-Württemberg;47.8414;7.8820
79697;Wies;Baden-Württemberg;47.7479;7.7675
79699;Wieslet;Baden-Württemberg;47.6880;7.7980
79713;Bad Säckingen;Baden-Württemberg;47.5537;7.9461
79725;Laufenburg;Baden-Württemberg;47.5651;8.0604
79730;Murg;Baden-Württemberg;47.5549;8.0218
79733;Görwihl;Baden-Württemberg;47.6427;8.0748
79736;Rickenbach;Baden-Württemberg;47.6190;7.9787
79737;Herrischried;Baden-Württemberg;47.6667;8.0000
79739;Schwörstadt;Baden-Württemberg;47.5931;7.8784
79761;Waldshut-Tiengen;Baden-Württemberg;47.6232;8.2172
79771;Klettgau;Baden-Württemberg;47.6500;8.4000
79774;Albbruck;Baden-Württemberg;47.5908;8.1295
79777;Ühlingen-Birkendorf;Baden-Württemberg;47.7167;8.3167
79780;Stühlingen;Baden-Württemberg;47.7458;8.4481
79787;Lauchringen;Baden-Württemberg;47.6270;8.3144
79790;Küssaberg;Baden-Württemberg;47.6000;8.3200
79793;Wutöschingen;Baden-Württemberg;47.6602;8.3675
79798;Jestetten;Baden-Württemberg;47.6500;8.5667
79801;Hohentengen am Hochrhein;Baden-Württemberg;47.5700;8.4325
79802;Dettighofen;Baden-Württemberg;47.6233;8.4851
79804;Dogern;Baden-Württemberg;47.6095;8.1671
79805;Eggingen;Baden-Württemberg;47.7000;8.4000
79807;Lottstetten;Baden-Württemberg;47.6333;8.5667
79809;Weilheim;Baden-Württemberg;47.6667;8.2333
79822;Titisee-Neustadt;Baden-Württemberg;47.9210;8.1906
79837;Häusern (Ibach, Sankt Blasien);Baden-Württemberg;47.7486;8.1202
79843;Löffingen;Baden-Württemberg;47.8841;8.3438
79848;Bonndorf im Schwarzwald;Baden-Württemberg;47.8186;8.3414
79853;Lenzkirch;Baden-Württemberg;47.8683;8.2021
79856;Hinterzarten;Baden-Württemberg;47.9028;8.1070
79859;Schluchsee;Baden-Württemberg;47.8167;8.1833
79862;Höchenschwand;Baden-Württemberg;47.7333;8.1667
79865;Grafenhausen;Baden-Württemberg;47.7750;8.2573
79868;Feldberg;Baden-Württemberg;47.8650;8.0704
79871;Eisenbach (Hochschwarzwald);Baden-Württemberg;47.9667;8.2667
79872;Bernau;Baden-Württemberg;47.8002;8.0383
79874;Breitnau;Baden-Württemberg;47.9333;8.0833
79875;Dachsberg;Baden-Württemberg;47.7295;8.1000
79877;Friedenweiler;Baden-Württemberg;47.9178;8.2563
79879;Wutach;Baden-Württemberg;47.8333;8.4333
80331;München;Bayern;48.1345;11.5710
80333;München;Bayern;48.1452;11.5668
80335;München;Bayern;48.1427;11.5552
80336;München;Bayern;48.1345;11.5590
80337;München;Bayern;48.1224;11.5449
80339;München;Bayern;48.1388;11.5341
80469;München;Bayern;48.1299;11.5732
80538;München;Bayern;48.1401;11.5885
80539;München;Bayern;48.1500;11.5833
80634;München;Bayern;48.1492;11.5328
80636;München;Bayern;48.1558;11.5409
80637;München;Bayern;48.1725;11.5284
80638;München;Bayern;48.1595;11.4932
80639;München;Bayern;48.1526;11.5154
80686;München;Bayern;48.1380;11.5070
80687;München;Bayern;48.1414;11.5020
80689;München;Bayern;48.1291;11.4895
80796;München;Bayern;48.1500;11.5833
80797;München;Bayern;48.1611;11.5586
80798;München;Bayern;48.1500;11.5833
80799;München;Bayern;48.1500;11.5833
80801;München;Bayern;48.1500;11.5833
80802;München;Bayern;48.1665;11.5903
80803;München;Bayern;48.1500;11.5833
80804;München;Bayern;48.1738;11.5858
80805;München;Bayern;48.1725;11.5964
80807;München;Bayern;48.1827;11.5759
80809;München;Bayern;48.1787;11.5617
80933;München;Bayern;48.2225;11.5480
80935;München;Bayern;48.2043;11.5585
80937;München;Bayern;48.1974;11.5721
80939;München;Bayern;48.2054;11.6238
80992;München;Bayern;48.1776;11.5169
80993;München;Bayern;48.1823;11.5331
80995;München;Bayern;48.1976;11.5181
80997;München;Bayern;48.1834;11.4784
80999;München;Bayern;48.1853;11.4643
81241;München;Bayern;48.1475;11.4635
81243;München;Bayern;48.1465;11.4506
81245;München;Bayern;48.1616;11.4141
81247;München;Bayern;48.1662;11.4673
81249;München;Bayern;48.1500;11.5833
81369;München;Bayern;48.1125;11.5306
81371;München;Bayern;48.1167;11.5478
81373;München;Bayern;48.1171;11.5393
81375;München;Bayern;48.1188;11.4917
81377;München;Bayern;48.1204;11.5001
81379;München;Bayern;48.0988;11.5204
81475;München;Bayern;48.1500;11.5833
81476;München;Bayern;48.0844;11.4923
81477;München;Bayern;48.0834;11.5036
81479;München;Bayern;48.0915;11.5392
81539;München;Bayern;48.1102;11.5899
81541;München;Bayern;48.1159;11.5795
81543;München;Bayern;48.1203;11.5733
81545;München;Bayern;48.0827;11.5619
81547;München;Bayern;48.0982;11.5821
81549;München;Bayern;48.1089;11.6074
81667;München;Bayern;48.1285;11.5975
81669;München;Bayern;48.1226;11.6035
81671;München;Bayern;48.1223;11.6205
81673;München;Bayern;48.1265;11.6317
81675;München;Bayern;48.1352;11.6039
81677;München;Bayern;48.1381;11.6147
81679;München;Bayern;48.1512;11.6103
81735;München;Bayern;48.1134;11.6466
81737;München;Bayern;48.1098;11.6183
81739;München;Bayern;48.1500;11.5833
81825;München;Bayern;48.1180;11.6612
81827;München;Bayern;48.1147;11.6972
81829;München;Bayern;48.1404;11.6802
81925;München;Bayern;48.1642;11.6218
81927;München;Bayern;48.1611;11.6394
81929;München;Bayern;48.1408;11.6366
82008;Unterhaching;Bayern;48.0660;11.6156
82024;Taufkirchen;Bayern;48.0486;11.6170
82031;Grünwald;Bayern;48.0395;11.5232
82032;Deisenhofen bei München;Bayern;48.0182;11.5888
82041;Oberhaching;Bayern;48.0245;11.5974
82049;Pullach im Isartal;Bayern;48.0612;11.5215
82054;Sauerlach;Bayern;47.9586;11.5674
82057;Icking;Bayern;47.9500;11.4333
82061;Neuried;Bayern;48.0932;11.4656
82064;Straßlach-Dingharting;Bayern;48.0049;11.5141
82065;Baierbrunn;Bayern;48.0203;11.4869
82067;Kloster Schäftlarn;Bayern;47.9889;11.4434
82069;Schäftlarn;Bayern;47.9903;11.4559
82110;Germering;Bayern;48.1339;11.3765
82131;Gauting;Bayern;48.0692;11.3770
82140;Olching;Bayern;48.2000;11.3333
82152;Krailling (Planegg);Bayern;48.1033;11.4124
82166;Gräfelfing;Bayern;48.1188;11.4294
82178;Puchheim;Bayern;48.1500;11.3500
82194;Gröbenzell;Bayern;48.2000;11.3667
82205;Gilching;Bayern;48.1075;11.2936
82211;Herrsching am Ammersee;Bayern;47.9989;11.1768
82216;Maisach;Bayern;48.2167;11.2667
82223;Eichenau;Bayern;48.1667;11.3167
82229;Seefeld;Bayern;48.0351;11.2140
82234;Weßling;Bayern;48.0745;11.2482
82237;Wörthsee;Bayern;48.0725;11.2017
82239;Alling;Bayern;48.1403;11.3014
82256;Fürstenfeldbruck;Bayern;48.1790;11.2547
82266;Inning am Ammersee;Bayern;48.0764;11.1523
82269;Geltendorf;Bayern;48.1174;11.0322
82272;Moorenweis;Bayern;48.1556;11.0785
82275;Emmering;Bayern;48.1833;11.2833
82276;Adelshofen;Bayern;48.1833;11.1167
82278;Althegnenberg;Bayern;48.2333;11.0667
82279;Eching am Ammersee;Bayern;48.0833;11.1167
82281;Egenhofen;Bayern;48.2833;11.1667
82282;Pischertshofen;Bayern;48.2833;11.1667
82284;Grafrath;Bayern;48.1167;11.1667
82285;Hattenhofen;Bayern;48.2223;11.1155
82287;Jesenwang;Bayern;48.1667;11.1333
82288;Kottgeisering;Bayern;48.1167;11.1333
82290;Landsberied;Bayern;48.1667;11.1667
82291;Mammendorf;Bayern;48.2084;11.1633
82293;Mittelstetten;Bayern;48.2500;11.1000
82294;Oberschweinbach;Bayern;48.2382;11.1557
82296;Schöngeising;Bayern;48.1413;11.2040
82297;Steindorf;Bayern;48.2167;11.0000
82299;Türkenfeld;Bayern;48.1053;11.0830
82319;Starnberg;Bayern;48.0019;11.3442
82327;Tutzing;Bayern;47.9094;11.2803
82335;Berg;Bayern;47.9674;11.3545
82340;Feldafing;Bayern;47.9460;11.2933
82343;Pöcking;Bayern;47.9667;11.3000
82346;Andechs;Bayern;47.9746;11.1828
82347;Bernried;Bayern;47.8660;11.2939
82349;Pentenried;Bayern;48.1000;11.4000
82362;Weilheim in Oberbayern;Bayern;47.8376;11.1489
82377;Penzberg;Bayern;47.7529;11.3770
82380;Peißenberg;Bayern;47.8047;11.0699
82383;Hohenpeißenberg;Bayern;47.8000;11.0000
82386;Huglfing (Oberhausen);Bayern;47.7750;11.1500
82387;Antdorf;Bayern;47.7513;11.3085
82389;Böbing;Bayern;47.7556;10.9888
82390;Eberfing;Bayern;47.7917;11.2000
82392;Habach;Bayern;47.7333;11.2833
82393;Iffeldorf;Bayern;47.7667;11.3167
82395;Obersöchering;Bayern;47.7333;11.2167
82396;Pähl;Bayern;47.9000;11.1833
82398;Polling;Bayern;47.8110;11.1324
82399;Raisting;Bayern;47.9167;11.1000
82401;Rottenbuch;Bayern;47.7333;10.9667
82402;Seeshaupt;Bayern;47.8247;11.3022
82404;Sindelsdorf;Bayern;47.7246;11.3329
82405;Wessobrunn;Bayern;47.8741;11.0246
82407;Wielenbach;Bayern;47.8740;11.1592
82409;Wildsteig;Bayern;47.7015;10.9375
82418;Riegsee (Seehausen am Staffelsee, Murnau am Staffelsee);Bayern;47.6896;11.2067
82431;Kochel am See;Bayern;47.6586;11.3682
82432;Urfeld, Oberbayern;Bayern;47.6167;11.3500
82433;Bad Kohlgrub;Bayern;47.6667;11.0500
82435;Bad Bayersoien;Bayern;47.6833;11.0000
82436;Eglfing;Bayern;47.7333;11.1833
82438;Eschenlohe;Bayern;47.6000;11.1833
82439;Großweil;Bayern;47.6760;11.3011
82441;Ohlstadt;Bayern;47.6333;11.2333
82442;Saulgrub;Bayern;47.6664;11.0247
82444;Schlehdorf;Bayern;47.6580;11.3149
82445;Schwaigen;Bayern;47.6167;11.1500
82447;Spatzenhausen;Bayern;47.7167;11.2000
82449;Uffing am Staffelsee;Bayern;47.7167;11.1500
82467;Garmisch-Partenkirchen;Bayern;47.4921;11.0958
82481;Mittenwald;Bayern;47.4422;11.2619
82487;Oberammergau;Bayern;47.5981;11.0669
82488;Ettal;Bayern;47.5667;11.1000
82490;Farchant;Bayern;47.5304;11.1115
82491;Grainau;Bayern;47.4761;11.0241
82493;Klais;Bayern;47.5000;11.2833
82494;Krün;Bayern;47.5052;11.2792
82496;Oberau;Bayern;47.5598;11.1392
82497;Unterammergau;Bayern;47.6166;11.0272
82499;Wallgau;Bayern;47.5167;11.2833
82515;Wolfratshausen;Bayern;47.9129;11.4217
82538;Geretsried;Bayern;47.8577;11.4805
82541;Münsing;Bayern;47.9000;11.3667
82544;Egling;Bayern;47.9232;11.5052
82547;Eurasburg;Bayern;47.8539;11.4059
82549;Königsdorf;Bayern;47.8155;11.4806
83022;Rosenheim;Bayern;47.8550;12.1232
83024;Rosenheim;Bayern;47.8748;12.1110
83026;Rosenheim;Bayern;47.8391;12.1026
83043;Bad Aibling;Bayern;47.8638;12.0105
83052;Bruckmühl;Bayern;47.8786;11.9110
83059;Kolbermoor;Bayern;47.8496;12.0670
83064;Raubling;Bayern;47.7905;12.1109
83071;Stephanskirchen;Bayern;47.8539;12.1856
83075;Bad Feilnbach;Bayern;47.7733;12.0097
83080;Oberaudorf;Bayern;47.6482;12.1724
83083;Riedering;Bayern;47.8387;12.2078
83088;Kiefersfelden;Bayern;47.6141;12.1910
83093;Bad Endorf;Bayern;47.9090;12.2979
83098;Brannenburg;Bayern;47.7400;12.0917
83101;Rohrdorf;Bayern;47.7971;12.1701
83104;Tuntenhausen;Bayern;47.9351;12.0152
83109;Großkarolinenfeld;Bayern;47.8910;12.0810
83112;Frasdorf;Bayern;47.8038;12.2851
83115;Neubeuern;Bayern;47.7737;12.1400
83119;Obing;Bayern;48.0005;12.4053
83122;Samerberg;Bayern;47.7765;12.1914
83123;Amerang;Bayern;47.9914;12.3079
83125;Eggstätt;Bayern;47.9270;12.3792
83126;Flintsbach;Bayern;47.7258;12.1242
83128;Halfing;Bayern;47.9520;12.2752
83129;Höslwang;Bayern;47.9538;12.3291
83131;Nußdorf am Inn;Bayern;47.7423;12.1561
83132;Pittenhart;Bayern;47.9772;12.3900
83134;Prutting;Bayern;47.8932;12.2024
83135;Schechen;Bayern;47.9291;12.1239
83137;Schonstett;Bayern;47.9833;12.2500
83139;Söchtenau;Bayern;47.9312;12.2296
83209;Prien am Chiemsee;Bayern;47.8560;12.3462
83224;Grassau (Staudach-Egerndach);Bayern;47.7822;12.4685
83229;Aschau im Chiemgau;Bayern;47.7769;12.3230
83233;Bernau am Chiemsee;Bayern;47.8117;12.3757
83236;Übersee;Bayern;47.8167;12.4833
83242;Reit im Winkl;Bayern;47.6587;12.5281
83246;Unterwössen;Bayern;47.7333;12.4667
83250;Marquartstein;Bayern;47.7586;12.4622
83253;Rimsting;Bayern;47.8808;12.3371
83254;Breitbrunn am Chiemsee;Bayern;47.8895;12.4004
83256;Chiemsee;Bayern;47.8667;12.4167
83257;Gstadt am Chiemsee;Bayern;47.8845;12.4181
83259;Schleching;Bayern;47.7210;12.3948
83278;Traunstein;Bayern;47.8682;12.6433
83301;Traunreut;Bayern;47.9627;12.5923
83308;Trostberg;Bayern;48.0175;12.5346
83313;Siegsdorf;Bayern;47.8228;12.6428
83317;Teisendorf;Bayern;47.8492;12.8192
83324;Ruhpolding;Bayern;47.7667;12.6500
83329;Waging am See (Wonneberg);Bayern;47.9254;12.7253
83334;Inzell;Bayern;47.7630;12.7515
83339;Chieming;Bayern;47.8926;12.5401
83342;Tacherting;Bayern;48.0783;12.5701
83344;Bergen;Bayern;47.8040;12.5830
83346;Bergen;Bayern;47.8036;12.5828
83349;Palling;Bayern;48.0020;12.6370
83352;Altenmarkt an der Alz;Bayern;48.0026;12.5367
83355;Grabenstätt;Bayern;47.8453;12.5433
83358;Seeon-Seebruck;Bayern;47.9667;12.4667
83359;Hallabruck;Bayern;47.8667;12.7000
83361;Kienberg;Bayern;48.0348;12.4633
83362;Surberg;Bayern;47.8667;12.7000
83364;Graben bei Neukirchen am Teisenberg;Bayern;47.8440;12.7342
83365;Nußdorf;Bayern;47.9056;12.5961
83367;Petting;Bayern;47.9123;12.8151
83368;Anning bei Sankt Georgen, Chiemgau;Bayern;47.9833;12.5667
83370;Seeon-Seebruck;Bayern;47.9667;12.4667
83371;Roitham bei Stein an der Traun;Bayern;48.0000;12.5500
83373;Taching am See;Bayern;47.9594;12.7293
83374;Niedling;Bayern;47.9427;12.6306
83376;Castrum;Bayern;47.9425;12.5049
83377;Vachendorf;Bayern;47.8426;12.6061
83379;Wonneberg;Bayern;47.9167;12.7167
83395;Freilassing;Bayern;47.8409;12.9811
83404;Ainring;Bayern;47.8131;12.9405
83410;Laufen;Bayern;47.9357;12.9286
83413;Fridolfing;Bayern;47.9977;12.8263
83416;Saaldorf-Surheim;Bayern;47.8750;12.9417
83417;Kirchanschöring;Bayern;47.9530;12.8343
83435;Bad Reichenhall;Bayern;47.7295;12.8782
83451;Piding;Bayern;47.7667;12.9167
83454;Anger;Bayern;47.8019;12.8581
83457;Bayerisch Gmain;Bayern;47.7167;12.9000
83458;Schneizlreuth;Bayern;47.6833;12.8000
83471;Berchtesgaden (Schönau am Königssee);Bayern;47.6165;12.9945
83483;Bischofswiesen;Bayern;47.6312;12.9830
83486;Ramsau;Bayern;47.6167;12.9000
83487;Marktschellenberg;Bayern;47.6966;13.0434
83489;Strub;Bayern;47.6254;12.9741
83512;Wasserburg am Inn;Bayern;48.0525;12.2234
83527;Kirchdorf (Haag in Oberbayern);Bayern;48.1687;12.1880
83530;Schnaitsee;Bayern;48.0667;12.3667
83533;Edling;Bayern;48.0561;12.1647
83536;Gars am Inn;Bayern;48.1500;12.2833
83539;Albaching (Pfaffing);Bayern;48.0857;12.1129
83543;Rott am Inn;Bayern;47.9819;12.1281
83544;Albaching;Bayern;48.1070;12.1119
83546;Biburg, Gemeinde Gars am Inn;Bayern;48.1792;12.3041
83547;Babensham;Bayern;48.0833;12.2667
83549;Eiselfing;Bayern;48.0411;12.2427
83550;Emmering;Bayern;47.9976;12.0564
83552;Durrhausen;Bayern;48.0284;12.3103
83553;Frauenneuharting;Bayern;48.0316;12.0560
83555;Haiden bei Gars Bahnhof;Bayern;48.1500;12.2833
83556;Griesstätt;Bayern;47.9940;12.1773
83558;Maitenbeth;Bayern;48.1505;12.0934
83559;Reiser, Gemeinde Gars am Inn;Bayern;48.1532;12.3173
83561;Ramerberg;Bayern;48.0181;12.1451
83562;Rechtmehring;Bayern;48.1167;12.1667
83564;Soyen;Bayern;48.1081;12.2101
83565;Ast, Gemeinde Frauenneuharting;Bayern;48.0163;12.0163
83567;Unterreit;Bayern;48.1167;12.3333
83569;Vogtareuth;Bayern;47.9469;12.1813
83607;Holzkirchen;Bayern;47.8766;11.7018
83620;Feldkirchen-Westerham;Bayern;47.9075;11.8427
83623;Dietramszell;Bayern;47.8487;11.5953
83624;Otterfing;Bayern;47.9090;11.6755
83626;Valley;Bayern;47.8931;11.7791
83627;Warngau;Bayern;47.8322;11.7217
83629;Weyarn;Bayern;47.8584;11.7992
83646;Bad Tölz (Wackersberg);Bayern;47.7472;11.5544
83661;Lenggries;Bayern;47.6833;11.5667
83666;Waakirchen;Bayern;47.7725;11.6731
83670;Bad Heilbrunn;Bayern;47.7467;11.4593
83671;Benediktbeuern;Bayern;47.7062;11.4152
83673;Bichl;Bayern;47.7201;11.4123
83674;Gaißach;Bayern;47.7500;11.5833
83676;Jachenau;Bayern;47.6057;11.4338
83677;Greiling (Reichersbeuern);Bayern;47.7667;11.6250
83679;Sachsenkam;Bayern;47.8054;11.6440
83684;Tegernsee;Bayern;47.7123;11.7582
83700;Rottach-Egern;Bayern;47.6897;11.7706
83703;Gmund am Tegernsee;Bayern;47.7512;11.7381
83707;Bad Wiessee;Bayern;47.7167;11.7167
83708;Kreuth;Bayern;47.6408;11.7449
83714;Miesbach;Bayern;47.7890;11.8338
83727;Schliersee;Bayern;47.7362;11.8594
83730;Fischbachau;Bayern;47.7195;11.9508
83734;Hausham;Bayern;47.7466;11.8407
83735;Bayrischzell;Bayern;47.6744;12.0145
83737;Irschenberg;Bayern;47.8333;11.9167
83739;Hofreuth bei Wörnsmühl;Bayern;47.8333;11.9167
84028;Landshut;Bayern;48.5359;12.1523
84030;Ergolding (Landshut);Bayern;48.5684;12.1538
84032;Landshut (Altdorf);Bayern;48.5446;12.1300
84034;Landshut;Bayern;48.5359;12.1325
84036;Landshut (Kumhausen);Bayern;48.5179;12.1570
84048;Mainburg;Bayern;48.6418;11.7809
84051;Essenbach;Bayern;48.6133;12.2183
84056;Rottenburg an der Laaber;Bayern;48.7023;12.0272
84061;Ergoldsbach;Bayern;48.6926;12.2044
84066;Mallersdorf-Pfaffenberg;Bayern;48.7664;12.2310
84069;Schierling;Bayern;48.8342;12.1395
84072;Au in der Hallertau;Bayern;48.5584;11.7414
84076;Pfeffenhausen;Bayern;48.6647;11.9659
84079;Bruckberg;Bayern;48.5224;11.9945
84082;Laberweinting;Bayern;48.8000;12.3167
84085;Langquaid;Bayern;48.8232;12.0513
84088;Neufahrn in Niederbayern;Bayern;48.7352;12.1929
84089;Aiglsbach;Bayern;48.6921;11.7083
84091;Attenhofen;Bayern;48.6507;11.8485
84092;Bayerbach;Bayern;48.7045;12.2975
84094;Elsendorf;Bayern;48.7076;11.8098
84095;Furth;Bayern;48.5910;12.0206
84097;Herrngiersdorf;Bayern;48.7886;12.0720
84098;Hohenthann;Bayern;48.6576;12.0307
84100;Niederaichbach;Bayern;48.6000;12.3167
84101;Obersüßbach;Bayern;48.6167;11.9500
84103;Postau;Bayern;48.6500;12.3333
84104;Rudelzhausen;Bayern;48.6000;11.7667
84106;Volkenschwand;Bayern;48.6000;11.8833
84107;Weihmichl;Bayern;48.6000;12.0500
84109;Wörth an der Isar;Bayern;48.6230;12.3394
84130;Dingolfing;Bayern;48.6424;12.4928
84137;Vilsbiburg;Bayern;48.4530;12.3560
84140;Gangkofen;Bayern;48.4370;12.5642
84144;Geisenhausen;Bayern;48.4761;12.2582
84149;Velden;Bayern;48.3663;12.2560
84152;Mengkofen;Bayern;48.7189;12.4405
84155;Bodenkirchen;Bayern;48.3833;12.3833
84160;Frontenhausen;Bayern;48.5463;12.5312
84163;Marklkofen;Bayern;48.5500;12.5667
84164;Moosthenning;Bayern;48.6766;12.4974
84166;Adlkofen;Bayern;48.5500;12.2667
84168;Aham;Bayern;48.5265;12.4606
84169;Altfraunhofen;Bayern;48.4500;12.1667
84171;Baierbach;Bayern;48.4167;12.2000
84172;Buch am Erlbach;Bayern;48.4478;12.0357
84174;Eching;Bayern;48.5000;12.0667
84175;Schalkham (Gerzen);Bayern;48.4859;12.3963
84177;Gottfrieding;Bayern;48.6374;12.5356
84178;Kröning;Bayern;48.5333;12.3667
84180;Loiching;Bayern;48.6167;12.4333
84181;Neufraunhofen;Bayern;48.4000;12.2167
84183;Niederviehbach;Bayern;48.6167;12.3833
84184;Tiefenbach;Bayern;48.5000;12.1000
84186;Vilsheim;Bayern;48.4488;12.1069
84187;Weng;Bayern;48.6587;12.3693
84189;Wurmsham;Bayern;48.3500;12.3333
84307;Eggenfelden;Bayern;48.4051;12.7575
84323;Massing;Bayern;48.3912;12.6095
84326;Falkenberg (Rimbach);Bayern;48.4641;12.6902
84329;Wurmannsquick;Bayern;48.3533;12.7860
84332;Hebertsfelden;Bayern;48.4060;12.8226
84333;Malgersdorf;Bayern;48.5333;12.7500
84335;Mitterskirchen;Bayern;48.3500;12.7333
84337;Schönau;Bayern;48.4833;12.8500
84339;Unterdietfurt;Bayern;48.3833;12.6667
84347;Pfarrkirchen;Bayern;48.4320;12.9381
84359;Simbach am Inn;Bayern;48.2655;13.0231
84364;Bad Birnbach;Bayern;48.4449;13.0910
84367;Reut (Tann, Zeilarn);Bayern;48.3154;12.9075
84371;Triftern;Bayern;48.3947;13.0063
84375;Kirchdorf am Inn;Bayern;48.2475;12.9845
84378;Dietersburg;Bayern;48.4925;12.9250
84381;Johanniskirchen;Bayern;48.5333;12.9500
84384;Wittibreut;Bayern;48.3292;12.9870
84385;Egglham;Bayern;48.5290;13.0540
84387;Julbach;Bayern;48.2543;12.9579
84389;Postmünster;Bayern;48.4167;12.9000
84405;Dorfen;Bayern;48.2704;12.1606
84416;Taufkirchen (Vils) (Inning am Holz);Bayern;48.3422;12.1363
84419;Obertaufkirchen (Schwindegg);Bayern;48.2660;12.2694
84424;Isen;Bayern;48.2120;12.0567
84427;Sankt Wolfgang;Bayern;48.2167;12.1333
84428;Buchbach;Bayern;48.3123;12.2734
84431;Heldenstein (Rattenkirchen);Bayern;48.2460;12.3409
84432;Hohenpolding;Bayern;48.3833;12.1333
84434;Kirchberg;Bayern;48.4000;12.0500
84435;Lengdorf;Bayern;48.2574;12.0497
84437;Reichertsheim;Bayern;48.2000;12.2833
84439;Steinkirchen;Bayern;48.3833;12.0833
84453;Mühldorf am Inn;Bayern;48.2503;12.5215
84478;Waldkraiburg;Bayern;48.2085;12.3989
84489;Burghausen;Bayern;48.1693;12.8314
84494;Niedertaufkirchen (Lohkirchen, Niederbergkirchen …);Bayern;48.3318;12.5018
84503;Altötting;Bayern;48.2253;12.6766
84508;Burgkirchen an der Alz;Bayern;48.1675;12.7325
84513;Erharting (Töging am Inn);Bayern;48.2717;12.5839
84518;Garching an der Alz;Bayern;48.1345;12.5815
84524;Neuötting;Bayern;48.2410;12.6900
84529;Tittmoning;Bayern;48.0616;12.7676
84533;Haiming (Stammham, Marktl);Bayern;48.2406;12.8760
84539;Ampfing (Zangberg);Bayern;48.2644;12.4192
84543;Winhöring;Bayern;48.2667;12.6500
84544;Aschau am Inn;Bayern;48.1985;12.3500
84546;Egglkofen;Bayern;48.4000;12.4500
84547;Emmerting;Bayern;48.2000;12.7667
84549;Engelsberg;Bayern;48.1163;12.5427
84550;Feichten an der Alz;Bayern;48.0833;12.6000
84552;Geratskirchen;Bayern;48.3386;12.6623
84553;Halsbach, Kreis Altötting;Bayern;48.1333;12.6833
84555;Jettenbach;Bayern;48.1667;12.3833
84556;Kastl;Bayern;48.2000;12.7000
84558;Tyrlaching (Halsbach, Kirchweidach);Bayern;48.0953;12.6651
84559;Kraiburg am Inn;Bayern;48.1819;12.4307
84561;Mehring;Bayern;48.1833;12.7833
84562;Mettenheim;Bayern;48.2667;12.4667
84564;Oberbergkirchen;Bayern;48.3000;12.3833
84565;Oberneukirchen;Bayern;48.1833;12.5167
84567;Perach (Erlbach);Bayern;48.2833;12.7750
84568;Pleiskirchen;Bayern;48.3071;12.5983
84570;Polling;Bayern;48.2167;12.5667
84571;Reischach;Bayern;48.2907;12.7262
84573;Schönberg;Bayern;48.3333;12.4333
84574;Taufkirchen;Bayern;48.1500;12.4500
84576;Teising;Bayern;48.2272;12.6114
84577;Tüßling;Bayern;48.2122;12.5995
84579;Unterneukirchen;Bayern;48.1667;12.6167
85049;Ingolstadt;Bayern;48.7667;11.4147
85051;Ingolstadt;Bayern;48.7212;11.4096
85053;Ingolstadt;Bayern;48.7515;11.4588
85055;Ingolstadt;Bayern;48.7760;11.4459
85057;Ingolstadt;Bayern;48.7750;11.3914
85072;Eichstätt;Bayern;48.8885;11.1968
85077;Manching;Bayern;48.7166;11.4939
85080;Gaimersheim;Bayern;48.8071;11.3680
85084;Reichertshofen;Bayern;48.6577;11.4661
85088;Vohburg an der Donau;Bayern;48.7698;11.6185
85092;Kösching;Bayern;48.8140;11.5049
85095;Denkendorf;Bayern;48.9284;11.4570
85098;Großmehring;Bayern;48.7667;11.5333
85101;Lenting;Bayern;48.8103;11.4587
85104;Pförring;Bayern;48.8082;11.6901
85107;Baar-Ebenhausen;Bayern;48.6707;11.4698
85110;Kipfenberg;Bayern;48.9526;11.3975
85111;Adelschlag;Bayern;48.8403;11.2191
85113;Böhmfeld;Bayern;48.8608;11.3679
85114;Buxheim;Bayern;48.8069;11.2921
85116;Egweil;Bayern;48.7833;11.2333
85117;Eitensheim;Bayern;48.8167;11.3167
85119;Ernsgaden;Bayern;48.7333;11.5833
85120;Hepberg;Bayern;48.8225;11.4617
85122;Hitzhofen;Bayern;48.8500;11.3167
85123;Karlskron;Bayern;48.6833;11.4167
85125;Kinding;Bayern;49.0016;11.3831
85126;Münchsmünster;Bayern;48.7667;11.6833
85128;Nassenfels;Bayern;48.7995;11.2259
85129;Oberdolling;Bayern;48.8294;11.5933
85131;Pollenfeld;Bayern;48.9500;11.2000
85132;Schernfeld;Bayern;48.9000;11.1000
85134;Stammham;Bayern;48.8558;11.4554
85135;Titting;Bayern;48.9968;11.2115
85137;Walting;Bayern;48.9167;11.3000
85139;Wettstetten;Bayern;48.8225;11.4143
85221;Dachau;Bayern;48.2600;11.4340
85229;Markt Indersdorf;Bayern;48.3606;11.3779
85232;Bergkirchen;Bayern;48.2567;11.3649
85235;Pfaffenhofen an der Glonn (Odelzhausen);Bayern;48.3023;11.1811
85238;Petershausen;Bayern;48.4097;11.4706
85241;Hebertshausen;Bayern;48.2896;11.4653
85244;Röhrmoos;Bayern;48.3297;11.4467
85247;Schwabhausen;Bayern;48.3032;11.3557
85250;Altomünster;Bayern;48.3877;11.2569
85253;Erdweg;Bayern;48.3318;11.3034
85254;Sulzemoos;Bayern;48.2911;11.2636
85256;Vierkirchen;Bayern;48.3667;11.4667
85258;Weichs;Bayern;48.3833;11.4167
85259;Wiedenzhausen;Bayern;48.2998;11.2391
85276;Pfaffenhofen an der Ilm (Hettenshausen);Bayern;48.5153;11.5025
85283;Wolnzach;Bayern;48.6038;11.6257
85290;Geisenfeld;Bayern;48.6843;11.6123
85293;Reichertshausen;Bayern;48.4667;11.5167
85296;Rohrbach;Bayern;48.6167;11.5667
85298;Scheyern;Bayern;48.5000;11.4667
85301;Schweitenkirchen;Bayern;48.5033;11.6045
85302;Gerolsbach;Bayern;48.4928;11.3615
85304;Ilmmünster;Bayern;48.4833;11.5000
85305;Jetzendorf;Bayern;48.4333;11.4167
85307;Paunzhausen;Bayern;48.4749;11.5646
85309;Pörnbach;Bayern;48.6167;11.4667
85354;Freising;Bayern;48.3938;11.7331
85356;Freising;Bayern;48.3924;11.7569
85368;Moosburg (Wang);Bayern;48.4832;11.9373
85375;Neufahrn bei Freising;Bayern;48.3159;11.6632
85376;Hetzenhausen;Bayern;48.3167;11.6667
85386;Eching;Bayern;48.3000;11.6167
85391;Allershausen;Bayern;48.4333;11.6000
85395;Attenkirchen (Wolfersdorf);Bayern;48.4924;11.7348
85399;Hallbergmoos;Bayern;48.3275;11.7514
85402;Kranzberg;Bayern;48.4061;11.6125
85405;Nandlstadt;Bayern;48.5364;11.8073
85406;Zolling;Bayern;48.4500;11.7667
85408;Gammelsdorf;Bayern;48.5500;11.9500
85410;Haag an der Amper;Bayern;48.4584;11.8280
85411;Hohenkammer;Bayern;48.4241;11.5252
85413;Hörgertshausen;Bayern;48.5500;11.8667
85414;Kirchdorf an der Amper;Bayern;48.4667;11.6500
85416;Langenbach;Bayern;48.4333;11.8500
85417;Marzling;Bayern;48.4090;11.7938
85419;Mauern;Bayern;48.5167;11.9000
85435;Erding;Bayern;48.3060;11.9069
85445;Oberding;Bayern;48.3167;11.8500
85447;Fraunberg;Bayern;48.3667;12.0000
85452;Moosinning;Bayern;48.2771;11.8445
85456;Wartenberg;Bayern;48.4060;11.9886
85457;Wörth;Bayern;48.2453;11.9021
85459;Berglern;Bayern;48.3841;11.9301
85461;Bockhorn;Bayern;48.3147;11.9869
85462;Eitting;Bayern;48.3596;11.8911
85464;Finsing;Bayern;48.2162;11.8241
85465;Langenpreising;Bayern;48.4257;11.9722
85467;Neuching;Bayern;48.2333;11.8500
85469;Walpertskirchen;Bayern;48.2584;11.9753
85521;Ottobrunn;Bayern;48.0649;11.6633
85540;Haar;Bayern;48.1088;11.7265
85551;Kirchheim bei München;Bayern;48.1766;11.7556
85560;Ebersberg;Bayern;48.0771;11.9706
85567;Grafing bei München (Bruck);Bayern;48.0336;11.9379
85570;Ottenhofen (Markt Schwaben);Bayern;48.2031;11.8762
85579;Neubiberg;Bayern;48.0771;11.6581
85586;Poing;Bayern;48.1700;11.8186
85591;Vaterstetten;Bayern;48.1054;11.7682
85598;Baldham;Bayern;48.1148;11.7959
85599;Parsdorf;Bayern;48.1422;11.7880
85604;Zorneding;Bayern;48.0843;11.8245
85609;Aschheim;Bayern;48.1711;11.7167
85614;Kirchseeon;Bayern;48.0714;11.8888
85617;Aßling;Bayern;47.9930;12.0064
85622;Feldkirchen;Bayern;48.1481;11.7310
85625;Baiern (Glonn);Bayern;47.9688;11.8836
85630;Grasbrunn;Bayern;48.0791;11.7436
85635;Höhenkirchen-Siegertsbrunn;Bayern;48.0193;11.7191
85640;Putzbrunn;Bayern;48.0758;11.7157
85643;Steinhöring;Bayern;48.0868;12.0314
85646;Anzing;Bayern;48.1517;11.8533
85649;Brunnthal;Bayern;48.0065;11.6840
85652;Pliening;Bayern;48.1956;11.8007
85653;Aying;Bayern;47.9701;11.7775
85655;Loibersdorf bei Großhelfendorf;Bayern;47.9602;11.8366
85656;Buch am Buchrain;Bayern;48.2151;11.9951
85658;Egmating;Bayern;48.0041;11.7953
85659;Forstern;Bayern;48.1834;11.9772
85661;Forstinning;Bayern;48.1687;11.9124
85662;Hohenbrunn;Bayern;48.0478;11.7022
85664;Hohenlinden;Bayern;48.1561;11.9946
85665;Moosach;Bayern;48.0321;11.8751
85667;Oberpframmern;Bayern;48.0220;11.8133
85669;Pastetten;Bayern;48.1991;11.9437
85716;Unterschleißheim;Bayern;48.2804;11.5768
85737;Ismaning;Bayern;48.2333;11.6833
85748;Garching bei München;Bayern;48.2490;11.6510
85757;Karlsfeld;Bayern;48.2167;11.4667
85764;Oberschleißheim;Bayern;48.2500;11.5667
85774;Unterföhring;Bayern;48.1925;11.6429
85777;Fahrenzhausen;Bayern;48.3532;11.5552
85778;Haimhausen;Bayern;48.3155;11.5545
86150;Augsburg;Bayern;48.3673;10.8921
86152;Augsburg;Bayern;48.3718;10.8925
86153;Augsburg;Bayern;48.3664;10.9034
86154;Augsburg;Bayern;48.3932;10.8814
86156;Augsburg;Bayern;48.3815;10.8548
86157;Augsburg;Bayern;48.3643;10.8761
86159;Augsburg;Bayern;48.3509;10.8950
86161;Augsburg;Bayern;48.3505;10.9133
86163;Augsburg;Bayern;48.3553;10.9431
86165;Augsburg;Bayern;48.3822;10.9337
86167;Augsburg;Bayern;48.3877;10.9161
86169;Augsburg;Bayern;48.4050;10.9061
86179;Augsburg;Bayern;48.3109;10.9001
86199;Augsburg;Bayern;48.3291;10.8578
86316;Friedberg;Bayern;48.3569;10.9846
86343;Königsbrunn;Bayern;48.2751;10.8918
86356;Neusäß;Bayern;48.3925;10.8333
86368;Gersthofen;Bayern;48.4243;10.8727
86381;Krumbach;Bayern;48.2418;10.3632
86391;Stadtbergen;Bayern;48.3664;10.8464
86399;Bobingen;Bayern;48.2709;10.8339
86405;Meitingen;Bayern;48.5459;10.8518
86415;Mering;Bayern;48.2656;10.9846
86420;Diedorf;Bayern;48.3532;10.7821
86424;Dinkelscherben;Bayern;48.3483;10.5889
86438;Kissing;Bayern;48.3038;10.9709
86441;Zusmarshausen;Bayern;48.4001;10.5992
86444;Affing;Bayern;48.4667;10.9833
86447;Todtenweis (Aindling);Bayern;48.5153;10.9408
86450;Altenmünster;Bayern;48.4650;10.5906
86453;Dasing;Bayern;48.3848;11.0467
86456;Gablingen;Bayern;48.4500;10.8167
86459;Gessertshausen;Bayern;48.3290;10.7328
86462;Langweid am Lech;Bayern;48.4833;10.8500
86465;Welden (Heretsried);Bayern;48.4574;10.6985
86470;Thannhausen;Bayern;48.2833;10.4692
86473;Ziemetshausen;Bayern;48.2924;10.5350
86476;Neuburg an der Kammel;Bayern;48.3028;10.3613
86477;Adelsried;Bayern;48.4246;10.7183
86479;Aichen;Bayern;48.2290;10.5395
86480;Waltenhausen (Aletshausen);Bayern;48.1945;10.3767
86482;Aystetten;Bayern;48.4056;10.7774
86483;Balzhausen;Bayern;48.2423;10.4937
86485;Biberbach;Bayern;48.5178;10.8114
86486;Bonstetten;Bayern;48.4400;10.7053
86488;Breitenthal;Bayern;48.2378;10.2995
86489;Deisenhausen;Bayern;48.2555;10.3270
86491;Ebershausen;Bayern;48.2055;10.3156
86492;Egling an der Paar;Bayern;48.1833;10.9833
86494;Emersacker;Bayern;48.4897;10.6738
86495;Eurasburg;Bayern;48.3333;11.0833
86497;Horgau;Bayern;48.3951;10.6828
86498;Kettershausen;Bayern;48.1833;10.2667
86500;Kutzenhausen;Bayern;48.3420;10.6946
86502;Laugna;Bayern;48.5333;10.7000
86504;Merching;Bayern;48.2459;10.9853
86505;Münsterhausen;Bayern;48.3097;10.4550
86507;Oberottmarshausen (Kleinaitingen);Bayern;48.2279;10.8634
86508;Rehling;Bayern;48.4833;10.9333
86510;Ried;Bayern;48.2901;11.0438
86511;Schmiechen;Bayern;48.2167;10.9667
86513;Ursberg;Bayern;48.2643;10.4459
86514;Ustersbach;Bayern;48.3167;10.6500
86517;Wehringen;Bayern;48.2500;10.8000
86519;Wiesenbach;Bayern;48.2667;10.3333
86529;Schrobenhausen;Bayern;48.5607;11.2607
86551;Aichach;Bayern;48.4576;11.1341
86554;Pöttmes;Bayern;48.5838;11.0876
86556;Kühbach;Bayern;48.4910;11.1869
86558;Hohenwart;Bayern;48.5935;11.3827
86559;Adelzhausen;Bayern;48.3567;11.1385
86561;Aresing;Bayern;48.5333;11.3000
86562;Berg im Gau;Bayern;48.6333;11.2500
86564;Brunnen;Bayern;48.6290;11.3092
86565;Gachenbach;Bayern;48.5000;11.2333
86567;Hilgertshausen-Tandern;Bayern;48.4296;11.3543
86568;Hollenbach;Bayern;48.4833;11.0667
86570;Inchenhofen;Bayern;48.5129;11.1146
86571;Langenmosen;Bayern;48.6066;11.2138
86573;Obergriesbach;Bayern;48.4230;11.0685
86574;Petersdorf;Bayern;48.5167;11.0333
86576;Schiltberg;Bayern;48.4629;11.2488
86577;Sielenbach;Bayern;48.4000;11.1667
86579;Waidhofen;Bayern;48.5768;11.3354
86609;Donauwörth;Bayern;48.7180;10.7793
86633;Neuburg an der Donau;Bayern;48.7322;11.1871
86637;Wertingen;Bayern;48.5631;10.6815
86641;Rain;Bayern;48.6903;10.9161
86643;Rennertshofen;Bayern;48.7594;11.0454
86647;Buttenwiesen;Bayern;48.6000;10.7167
86650;Wemding;Bayern;48.8746;10.7245
86653;Monheim (Daiting);Bayern;48.8178;10.8815
86655;Harburg;Bayern;48.7867;10.6893
86657;Bissingen;Bayern;48.7169;10.6177
86660;Tapfheim;Bayern;48.6732;10.6838
86663;Asbach-Bäumenheim;Bayern;48.6833;10.8167
86666;Burgheim;Bayern;48.7004;11.0160
86668;Karlshuld;Bayern;48.6819;11.2850
86669;Königsmoos;Bayern;48.6667;11.2167
86672;Thierhaupten;Bayern;48.5653;10.9086
86673;Bergheim;Bayern;48.7606;11.2574
86674;Baar;Bayern;48.5833;10.9667
86675;Buchdorf;Bayern;48.7833;10.8333
86676;Ehekirchen;Bayern;48.6333;11.1000
86678;Ehingen;Bayern;48.6000;10.8000
86679;Ellgau;Bayern;48.6000;10.8667
86681;Fünfstetten;Bayern;48.8321;10.7654
86682;Genderkingen;Bayern;48.7000;10.8833
86684;Holzheim;Bayern;48.6112;10.9484
86685;Huisheim;Bayern;48.8251;10.7033
86687;Kaisheim;Bayern;48.7675;10.7964
86688;Marxheim;Bayern;48.7415;10.9450
86690;Mertingen;Bayern;48.6570;10.8056
86692;Münster;Bayern;48.6225;10.9017
86694;Niederschönenfeld;Bayern;48.7167;10.9333
86695;Nordendorf (Allmannshofen);Bayern;48.6037;10.8206
86697;Oberhausen;Bayern;48.7220;11.1115
86698;Oberndorf am Lech;Bayern;48.6667;10.8667
86700;Otting;Bayern;48.8725;10.8002
86701;Rohrenfels;Bayern;48.6865;11.1562
86703;Rögling;Bayern;48.8500;10.9500
86704;Tagmersheim;Bayern;48.8167;10.9667
86706;Weichering;Bayern;48.7171;11.3214
86707;Kühlenthal (Westendorf);Bayern;48.5694;10.8286
86709;Wolferstadt;Bayern;48.9035;10.7813
86720;Nördlingen;Bayern;48.8512;10.4887
86732;Oettingen in Bayern;Bayern;48.9527;10.6046
86733;Alerheim;Bayern;48.8500;10.6167
86735;Forheim (Amerdingen);Bayern;48.7462;10.4678
86736;Auhausen;Bayern;49.0079;10.6224
86738;Deiningen;Bayern;48.8667;10.5667
86739;Ederheim;Bayern;48.8083;10.4661
86741;Ehingen am Ries;Bayern;48.9642;10.5543
86742;Fremdingen;Bayern;48.9724;10.4575
86744;Hainsfarth;Bayern;48.9584;10.6249
86745;Hohenaltheim;Bayern;48.7840;10.5349
86747;Maihingen;Bayern;48.9275;10.4987
86748;Marktoffingen;Bayern;48.9257;10.4708
86750;Megesheim;Bayern;48.9333;10.6500
86751;Mönchsdeggingen;Bayern;48.7760;10.5804
86753;Möttingen;Bayern;48.8092;10.5902
86754;Munningen;Bayern;48.9167;10.6000
86756;Reimlingen;Bayern;48.8167;10.5167
86757;Wallerstein;Bayern;48.8874;10.4759
86759;Wechingen;Bayern;48.8923;10.6133
86807;Buchloe;Bayern;48.0372;10.7255
86825;Bad Wörishofen;Bayern;48.0067;10.5967
86830;Schwabmünchen;Bayern;48.1793;10.7568
86833;Ettringen;Bayern;48.1000;10.6500
86836;Obermeitingen (Graben, Klosterlechfeld …);Bayern;48.1627;10.8163
86842;Türkheim;Bayern;48.0640;10.6416
86845;Großaitingen;Bayern;48.2275;10.7795
86850;Fischach;Bayern;48.2905;10.6559
86853;Langerringen;Bayern;48.1459;10.7589
86854;Amberg;Bayern;48.0667;10.6833
86856;Hiltenfingen;Bayern;48.1609;10.7175
86857;Hurlach;Bayern;48.1184;10.8111
86859;Igling;Bayern;48.0667;10.8000
86860;Jengen;Bayern;47.9993;10.7257
86862;Lamerdingen;Bayern;48.0920;10.7398
86863;Langenneufnach;Bayern;48.2667;10.6000
86865;Markt Wald;Bayern;48.1368;10.5820
86866;Mickhausen;Bayern;48.2417;10.6403
86868;Mittelneufnach;Bayern;48.1764;10.5975
86869;Oberostendorf;Bayern;47.9436;10.7427
86871;Rammingen;Bayern;48.0667;10.5833
86872;Scherstetten;Bayern;48.1803;10.6401
86874;Tussenhausen;Bayern;48.1022;10.5607
86875;Waal;Bayern;47.9968;10.7779
86877;Walkertshofen;Bayern;48.2261;10.5884
86879;Wiedergeltingen;Bayern;48.0395;10.6741
86899;Landsberg am Lech;Bayern;48.0482;10.8828
86911;Dießen am Ammersee;Bayern;47.9508;11.1031
86916;Kaufering;Bayern;48.0912;10.8791
86919;Utting am Ammersee;Bayern;48.0261;11.0861
86920;Denklingen;Bayern;47.9167;10.8500
86922;Eresing;Bayern;48.0870;11.0239
86923;Finning;Bayern;48.0222;11.0110
86925;Fuchstal;Bayern;47.9333;10.8167
86926;Greifenberg;Bayern;48.0706;11.0835
86928;Hofstetten;Bayern;48.0085;10.9711
86929;Penzing;Bayern;48.0748;10.9274
86931;Prittriching;Bayern;48.2007;10.9280
86932;Pürgen;Bayern;48.0247;10.9221
86934;Reichling;Bayern;47.9228;10.9285
86935;Rott;Bayern;47.9047;10.9729
86937;Scheuring;Bayern;48.1677;10.8957
86938;Schondorf am Ammersee;Bayern;48.0530;11.0914
86940;Schwifting;Bayern;48.0456;10.9276
86941;Sankt Ottilien;Bayern;48.0957;11.0452
86943;Thaining;Bayern;47.9730;10.9577
86944;Unterdießen;Bayern;47.9833;10.8333
86946;Vilgertshofen;Bayern;47.9500;10.9167
86947;Weil;Bayern;48.1172;10.9216
86949;Windach;Bayern;48.0667;11.0333
86956;Schongau;Bayern;47.8124;10.8966
86971;Peiting;Bayern;47.7955;10.9295
86972;Altenstadt;Bayern;47.8236;10.8747
86974;Apfeldorf;Bayern;47.9000;10.9333
86975;Bernbeuren;Bayern;47.7370;10.7771
86977;Burggen;Bayern;47.7769;10.8172
86978;Hohenfurch;Bayern;47.8500;10.9000
86980;Ingenried;Bayern;47.8167;10.7833
86981;Kinsau;Bayern;47.8833;10.9167
86983;Lechbruck;Bayern;47.7016;10.7949
86984;Prem;Bayern;47.6833;10.8000
86986;Schwabbruck;Bayern;47.8250;10.8362
86987;Schwabsoien;Bayern;47.8333;10.8333
86989;Steingaden;Bayern;47.7000;10.8667
87435;Kempten;Bayern;47.7184;10.3132
87437;Kempten;Bayern;47.7229;10.3288
87439;Kempten;Bayern;47.7177;10.2989
87448;Waltenhofen;Bayern;47.6732;10.3070
87452;Altusried;Bayern;47.8041;10.2143
87459;Pfronten;Bayern;47.5822;10.5496
87463;Dietmannsried;Bayern;47.8079;10.2895
87466;Oy-Mittelberg;Bayern;47.6333;10.4333
87471;Durach;Bayern;47.6944;10.3445
87474;Buchenberg;Bayern;47.6959;10.2393
87477;Sulzberg;Bayern;47.6603;10.3499
87480;Weitnau;Bayern;47.6417;10.1273
87484;Nesselwang;Bayern;47.6234;10.5024
87487;Wiggensbach;Bayern;47.7478;10.2299
87488;Betzigau;Bayern;47.7333;10.3833
87490;Haldenwang;Bayern;47.8000;10.3500
87491;Jungholz;;47.5741;10.4472
87493;Lauben;Bayern;47.7833;10.3000
87494;Rückholz;Bayern;47.6667;10.5500
87496;Untrasried;Bayern;47.8333;10.3833
87497;Wertach;Bayern;47.6030;10.4097
87499;Wildpoldsried;Bayern;47.7667;10.4000
87509;Immenstadt im Allgäu;Bayern;47.5600;10.2139
87527;Sonthofen (Ofterschwang);Bayern;47.5091;10.2580
87534;Oberstaufen;Bayern;47.5557;10.0224
87538;Obermaiselstein (Bolsterlang, Balderschwang …);Bayern;47.4611;10.2096
87541;Bad Hindelang;Bayern;47.5062;10.3723
87544;Blaichach;Bayern;47.5421;10.2585
87545;Burgberg im Allgäu;Bayern;47.5355;10.2849
87547;Missen-Wilhams;Bayern;47.6000;10.1167
87549;Rettenberg;Bayern;47.5743;10.2917
87561;Oberstdorf;Bayern;47.4072;10.2794
87600;Kaufbeuren;Bayern;47.8824;10.6219
87616;Marktoberdorf (Wald);Bayern;47.7512;10.5877
87629;Füssen;Bayern;47.5714;10.7017
87634;Günzach (Obergünzburg);Bayern;47.8352;10.4268
87637;Eisenberg (Seeg);Bayern;47.6319;10.6036
87640;Biessenhofen;Bayern;47.8306;10.6402
87642;Halblech;Bayern;47.6316;10.8202
87645;Schwangau;Bayern;47.5604;10.7721
87647;Unterthingau (Kraftisried);Bayern;47.7754;10.4877
87648;Aitrang;Bayern;47.8167;10.5333
87650;Baisweil;Bayern;47.9444;10.5401
87651;Bidingen;Bayern;47.8297;10.7262
87653;Eggenthal;Bayern;47.9167;10.5167
87654;Friesenried;Bayern;47.8748;10.5346
87656;Germaringen;Bayern;47.9232;10.6721
87657;Görisried;Bayern;47.7067;10.5101
87659;Hopferau;Bayern;47.6167;10.6333
87660;Irsee;Bayern;47.9082;10.5718
87662;Osterzell (Kaltental);Bayern;47.8916;10.7500
87663;Lengenwang;Bayern;47.7000;10.6000
87665;Mauerstetten;Bayern;47.8936;10.6713
87666;Pforzen;Bayern;47.9300;10.6136
87668;Rieden;Bayern;47.9500;10.6500
87669;Rieden am Forggensee;Bayern;47.6167;10.7167
87671;Ronsberg;Bayern;47.8958;10.4157
87672;Roßhaupten;Bayern;47.6500;10.7167
87674;Ruderatshofen;Bayern;47.8167;10.5833
87675;Rettenbach am Auerberg (Stötten am Auerberg);Bayern;47.7563;10.7194
87677;Stöttwang;Bayern;47.8833;10.7167
87679;Westendorf;Bayern;47.9333;10.7167
87700;Memmingen;Bayern;47.9837;10.1853
87719;Mindelheim;Bayern;48.0458;10.4922
87724;Ottobeuren;Bayern;47.9413;10.2997
87727;Babenhausen;Bayern;48.1450;10.2533
87730;Bad Grönenbach;Bayern;47.8771;10.2221
87733;Markt Rettenbach;Bayern;47.9473;10.3961
87734;Benningen;Bayern;47.9667;10.2167
87736;Böhen;Bayern;47.8833;10.3000
87737;Boos;Bayern;48.0752;10.1952
87739;Breitenbrunn;Bayern;48.1333;10.4000
87740;Buxheim;Bayern;48.0000;10.1333
87742;Dirlewang (Apfeltrach);Bayern;48.0093;10.5015
87743;Egg an der Günz;Bayern;48.0871;10.2849
87745;Eppishausen;Bayern;48.1667;10.5167
87746;Erkheim;Bayern;48.0373;10.3357
87748;Fellheim;Bayern;48.0728;10.1522
87749;Hawangen;Bayern;47.9667;10.2667
87751;Heimertingen;Bayern;48.0333;10.1500
87752;Holzgünz;Bayern;48.0250;10.2590
87754;Kammlach;Bayern;48.0500;10.4167
87755;Kirchhaslach;Bayern;48.1504;10.3102
87757;Kirchheim in Schwaben;Bayern;48.1870;10.4661
87758;Kronburg;Bayern;47.9043;10.1572
87760;Lachen;Bayern;47.9459;10.2394
87761;Lauben;Bayern;48.0593;10.2901
87763;Lautrach;Bayern;47.8982;10.1178
87764;Legau;Bayern;47.8563;10.1298
87766;Memmingerberg;Bayern;47.9880;10.2229
87767;Niederrieden;Bayern;48.0576;10.1832
87769;Oberrieden;Bayern;48.0889;10.4261
87770;Oberschönegg;Bayern;48.1085;10.2985
87772;Pfaffenhausen;Bayern;48.1188;10.4550
87773;Pleß;Bayern;48.1000;10.1500
87775;Salgen;Bayern;48.1307;10.4789
87776;Sontheim;Bayern;48.0070;10.3546
87778;Stetten;Bayern;48.0238;10.4447
87779;Trunkelsberg;Bayern;48.0000;10.2167
87781;Ungerhausen;Bayern;48.0057;10.2667
87782;Unteregg;Bayern;47.9667;10.4667
87784;Westerheim;Bayern;48.0167;10.3000
87785;Winterrieden;Bayern;48.1212;10.2258
87787;Wolfertschwenden;Bayern;47.8935;10.2672
87789;Woringen;Bayern;47.9167;10.2000
88045;Friedrichshafen;Baden-Württemberg;47.6544;9.4726
88046;Friedrichshafen;Baden-Württemberg;47.6578;9.4852
88048;Friedrichshafen;Baden-Württemberg;47.6727;9.4299
88069;Tettnang;Baden-Württemberg;47.6686;9.5913
88074;Meckenbeuren;Baden-Württemberg;47.7000;9.5667
88079;Kressbronn am Bodensee;Baden-Württemberg;47.5976;9.5971
88085;Langenargen;Baden-Württemberg;47.5986;9.5416
88086;Immenstaad am Bodensee;Baden-Württemberg;47.6650;9.3590
88090;Immenstaad am Bodensee;Baden-Württemberg;47.6653;9.3590
88094;Oberteuringen;Baden-Württemberg;47.7241;9.4698
88097;Eriskirch;Baden-Württemberg;47.6248;9.5420
88099;Neukirch;Baden-Württemberg;47.6574;9.7033
88131;Lindau (Bodensee) (Bodolz);Bayern;47.5584;9.6876
88138;Hergensweiler (Sigmarszell, Weißensberg);Bayern;47.5938;9.7586
88142;Wasserburg (Bodensee);Bayern;47.5667;9.6333
88145;Hergatz (Opfenbach);Bayern;47.6416;9.8333
88147;Achberg;Baden-Württemberg;47.6333;9.7167
88149;Nonnenhorn;Bayern;47.5739;9.6104
88161;Lindenberg im Allgäu;Bayern;47.6028;9.8855
88167;Maierhöfen (Röthenbach (Allgäu), Grünenbach …);Bayern;47.6277;10.0057
88171;Weiler-Simmerberg;Bayern;47.5826;9.9135
88175;Scheidegg;Bayern;47.5814;9.8483
88178;Heimenkirch;Bayern;47.6296;9.9030
88179;Oberreute;Bayern;47.5630;9.9445
88212;Ravensburg;Baden-Württemberg;47.7815;9.6183
88213;Ravensburg;Baden-Württemberg;47.7715;9.5575
88214;Ravensburg;Baden-Württemberg;47.7814;9.6118
88239;Wangen im Allgäu;Baden-Württemberg;47.6895;9.8325
88250;Weingarten;Baden-Württemberg;47.8101;9.6386
88255;Baindt (Baienfurt);Baden-Württemberg;47.8393;9.6592
88260;Argenbühl;Baden-Württemberg;47.6667;9.9333
88263;Horgenzell;Baden-Württemberg;47.8000;9.5000
88267;Vogt;Baden-Württemberg;47.7667;9.7667
88271;Wilhelmsdorf;Baden-Württemberg;47.8661;9.4262
88273;Fronreute;Baden-Württemberg;47.8667;9.5833
88276;Berg;Baden-Württemberg;47.8167;9.6000
88279;Amtzell;Baden-Württemberg;47.7000;9.7500
88281;Schlier;Baden-Württemberg;47.7700;9.6735
88284;Wolpertswende;Baden-Württemberg;47.8947;9.6120
88285;Bodnegg;Baden-Württemberg;47.7101;9.6884
88287;Grünkraut;Baden-Württemberg;47.7442;9.6559
88289;Waldburg;Baden-Württemberg;47.7571;9.7134
88299;Leutkirch im Allgäu;Baden-Württemberg;47.8267;10.0205
88316;Isny im Allgäu;Baden-Württemberg;47.6926;10.0386
88317;Aichstetten;Baden-Württemberg;47.8930;10.0784
88319;Aitrach;Baden-Württemberg;47.9333;10.0833
88326;Aulendorf;Baden-Württemberg;47.9508;9.6374
88339;Bad Waldsee;Baden-Württemberg;47.9203;9.7549
88348;Bad Saulgau (Allmannsweiler);Baden-Württemberg;48.0204;9.5486
88353;Kißlegg;Baden-Württemberg;47.7889;9.8838
88356;Ostrach;Baden-Württemberg;47.9500;9.3833
88361;Boms (Altshausen, Eichstegen);Baden-Württemberg;47.9476;9.5166
88364;Wolfegg;Baden-Württemberg;47.8203;9.7949
88367;Hohentengen;Baden-Württemberg;48.0295;9.3774
88368;Bergatreute;Baden-Württemberg;47.8500;9.7500
88370;Ebenweiler;Baden-Württemberg;47.9000;9.5167
88371;Ebersbach-Musbach;Baden-Württemberg;47.9667;9.5833
88373;Fleischwangen;Baden-Württemberg;47.8833;9.4833
88374;Hoßkirch;Baden-Württemberg;47.9500;9.4500
88376;Königseggwald;Baden-Württemberg;47.9333;9.4167
88377;Riedhausen;Baden-Württemberg;47.9093;9.4285
88379;Guggenhausen (Unterwaldhausen);Baden-Württemberg;47.9000;9.4583
88400;Biberach an der Riß;Baden-Württemberg;48.0971;9.8016
88410;Bad Wurzach;Baden-Württemberg;47.9080;9.8969
88416;Ochsenhausen (Steinhausen an der Rottum, Erlenmoos);Baden-Württemberg;48.0508;9.9642
88422;Bad Buchau (Dürnau, Moosburg …);Baden-Württemberg;48.0838;9.6072
88427;Bad Schussenried;Baden-Württemberg;48.0117;9.6704
88430;Rot an der Rot;Baden-Württemberg;48.0130;10.0303
88433;Schemmerhofen;Baden-Württemberg;48.1702;9.7943
88436;Eberhardzell;Baden-Württemberg;47.9993;9.8720
88437;Maselheim;Baden-Württemberg;48.1333;9.8833
88441;Mittelbiberach;Baden-Württemberg;48.0833;9.7500
88444;Ummendorf;Baden-Württemberg;48.0667;9.8333
88447;Warthausen;Baden-Württemberg;48.1286;9.7975
88448;Attenweiler;Baden-Württemberg;48.1333;9.7000
88450;Berkheim;Baden-Württemberg;48.0426;10.0823
88451;Dettingen an der Iller;Baden-Württemberg;48.1000;10.1167
88453;Erolzheim;Baden-Württemberg;48.0900;10.0730
88454;Hochdorf;Baden-Württemberg;48.0256;9.7878
88456;Ingoldingen;Baden-Württemberg;48.0255;9.7420
88457;Kirchdorf an der Iller;Baden-Württemberg;48.0833;10.1333
88459;Tannheim;Baden-Württemberg;48.0000;10.0833
88471;Laupheim;Baden-Württemberg;48.2279;9.8787
88477;Schwendi;Baden-Württemberg;48.1742;9.9754
88480;Achstetten;Baden-Württemberg;48.2589;9.8975
88481;Balzheim;Baden-Württemberg;48.1833;10.0833
88483;Burgrieden;Baden-Württemberg;48.2333;9.9333
88484;Gutenzell-Hürbel;Baden-Württemberg;48.1167;9.9833
88486;Kirchberg an der Iller;Baden-Württemberg;48.1333;10.0833
88487;Mietingen;Baden-Württemberg;48.1833;9.9000
88489;Wain;Baden-Württemberg;48.1890;10.0209
88499;Emeringen (Altheim, Riedlingen);Baden-Württemberg;48.1779;9.4803
88512;Mengen;Baden-Württemberg;48.0495;9.3301
88515;Langenenslingen;Baden-Württemberg;48.1485;9.3776
88518;Herbertingen;Baden-Württemberg;48.0667;9.4333
88521;Ertingen;Baden-Württemberg;48.1000;9.4667
88524;Uttenweiler;Baden-Württemberg;48.1500;9.6167
88525;Dürmentingen;Baden-Württemberg;48.1167;9.5333
88527;Unlingen;Baden-Württemberg;48.1673;9.5222
88529;Zwiefalten;Baden-Württemberg;48.2340;9.4623
88605;Sauldorf (Meßkirch);Baden-Württemberg;47.9691;9.1116
88630;Pfullendorf;Baden-Württemberg;47.9261;9.2578
88631;Beuron;Baden-Württemberg;48.0500;8.9667
88633;Heiligenberg;Baden-Württemberg;47.8209;9.3128
88634;Herdwangen-Schönach;Baden-Württemberg;47.8500;9.2000
88636;Illmensee;Baden-Württemberg;47.8623;9.3724
88637;Buchheim (Leibertingen);Baden-Württemberg;48.0265;8.9995
88639;Wald;Baden-Württemberg;47.9333;9.1667
88662;Überlingen;Baden-Württemberg;47.7698;9.1714
88677;Markdorf;Baden-Württemberg;47.7192;9.3903
88682;Salem;Baden-Württemberg;47.7626;9.2903
88690;Uhldingen-Mühlhofen;Baden-Württemberg;47.7333;9.2500
88693;Deggenhausertal;Baden-Württemberg;47.8000;9.4000
88696;Owingen;Baden-Württemberg;47.8097;9.1717
88697;Bermatingen;Baden-Württemberg;47.7333;9.3500
88699;Frickingen;Baden-Württemberg;47.8144;9.2735
88709;Hagnau am Bodensee (Meersburg);Baden-Württemberg;47.6805;9.2939
88718;Daisendorf;Baden-Württemberg;47.7126;9.2678
88719;Stetten;Baden-Württemberg;47.6901;9.2986
89040;Ulm;Baden-Württemberg;48.4170;9.9640
89073;Ulm;Baden-Württemberg;48.4015;9.9927
89075;Ulm;Baden-Württemberg;48.4171;9.9635
89077;Ulm;Baden-Württemberg;48.3981;9.9700
89079;Ulm;Baden-Württemberg;48.3568;9.9601
89081;Ulm;Baden-Württemberg;48.4425;9.9856
89129;Öllingen (Nerenstetten, Langenau …);Baden-Württemberg;48.5230;10.1239
89134;Blaustein;Baden-Württemberg;48.4181;9.9106
89143;Blaubeuren;Baden-Württemberg;48.4203;9.7843
89150;Laichingen;Baden-Württemberg;48.4800;9.6926
89155;Erbach;Baden-Württemberg;48.3284;9.8875
89160;Dornstadt;Baden-Württemberg;48.4910;9.8983
89165;Dietenheim;Baden-Württemberg;48.2107;10.0716
89168;Niederstotzingen;Baden-Württemberg;48.5413;10.2351
89171;Illerkirchberg;Baden-Württemberg;48.3167;10.0167
89173;Lonsee;Baden-Württemberg;48.5434;9.9200
89174;Altheim (Alb);Baden-Württemberg;48.5833;10.0333
89176;Asselfingen;Baden-Württemberg;48.5296;10.1917
89177;Börslingen (Ballendorf);Baden-Württemberg;48.5465;10.0701
89179;Beimerstetten;Baden-Württemberg;48.4833;9.9833
89180;Berghülen;Baden-Württemberg;48.4681;9.7786
89182;Bernstadt;Baden-Württemberg;48.4996;10.0258
89183;Holzkirch (Breitingen);Baden-Württemberg;48.5242;9.9938
89185;Hüttisheim;Baden-Württemberg;48.2797;9.9425
89186;Illerrieden;Baden-Württemberg;48.2702;10.0515
89188;Merklingen;Baden-Württemberg;48.5214;9.7342
89189;Neenstetten;Baden-Württemberg;48.5468;10.0197
89191;Nellingen;Baden-Württemberg;48.5376;9.8096
89192;Rammingen;Baden-Württemberg;48.5181;10.1720
89194;Schnürpflingen;Baden-Württemberg;48.2728;9.9929
89195;Staig;Baden-Württemberg;48.3000;9.9914
89197;Weidenstetten;Baden-Württemberg;48.5525;9.9961
89198;Westerstetten;Baden-Württemberg;48.5192;9.9549
89231;Neu-Ulm;Bayern;48.4000;10.0167
89233;Neu-Ulm;Bayern;48.4000;10.0167
89250;Senden;Bayern;48.3244;10.0444
89257;Illertissen;Bayern;48.2234;10.1035
89264;Weißenhorn;Bayern;48.3050;10.1605
89269;Vöhringen;Bayern;48.2784;10.0824
89275;Elchingen;Bayern;48.4500;10.1000
89278;Nersingen;Bayern;48.4283;10.1236
89281;Altenstadt;Bayern;48.1603;10.1144
89284;Pfaffenhofen an der Roth;Bayern;48.3545;10.1618
89287;Bellenberg;Bayern;48.2573;10.0909
89290;Buch;Bayern;48.2248;10.1805
89291;Holzheim;Bayern;48.3833;10.1000
89293;Kellmünz;Bayern;48.1216;10.1281
89294;Oberroth;Bayern;48.1758;10.1891
89296;Osterberg;Bayern;48.1500;10.1667
89297;Roggenburg;Bayern;48.2759;10.2314
89299;Unterroth;Bayern;48.1956;10.1711
89312;Günzburg;Bayern;48.4560;10.2770
89331;Burgau;Bayern;48.4316;10.4099
89335;Ichenhausen;Bayern;48.3712;10.3071
89340;Leipheim;Bayern;48.4500;10.2228
89343;Jettingen-Scheppach;Bayern;48.3896;10.4381
89344;Aislingen;Bayern;48.5065;10.4578
89346;Bibertal;Bayern;48.4000;10.2000
89347;Bubesheim;Bayern;48.4333;10.2500
89349;Burtenbach;Bayern;48.3405;10.4528
89350;Dürrlauingen;Bayern;48.4667;10.4286
89352;Ellzee;Bayern;48.3397;10.3189
89353;Glött;Bayern;48.5000;10.4833
89355;Gundremmingen;Bayern;48.5000;10.4000
89356;Haldenwang;Bayern;48.4376;10.4482
89358;Kammeltal;Bayern;48.3833;10.3667
89359;Kötz;Bayern;48.4167;10.2833
89361;Landensberg;Bayern;48.4344;10.5242
89362;Offingen;Bayern;48.4826;10.3625
89364;Rettenbach;Bayern;48.4588;10.3524
89365;Röfingen;Bayern;48.4244;10.4427
89367;Waldstetten;Bayern;48.3481;10.2938
89368;Winterbach;Bayern;48.4667;10.4833
89407;Dillingen an der Donau;Bayern;48.5815;10.4953
89415;Lauingen (Donau);Bayern;48.5654;10.4297
89420;Höchstädt an der Donau;Bayern;48.6112;10.5682
89423;Gundelfingen an der Donau;Bayern;48.5510;10.3689
89426;Wittislingen (Mödingen);Bayern;48.6313;10.4245
89428;Syrgenstein;Bayern;48.6612;10.3100
89429;Bachhagel;Bayern;48.6322;10.3205
89431;Bächingen an der Brenz;Bayern;48.5463;10.3128
89432;Binswangen;Bayern;48.5580;10.6425
89434;Blindheim;Bayern;48.6314;10.6199
89435;Finningen;Bayern;48.6545;10.4986
89437;Haunsheim;Bayern;48.5998;10.3740
89438;Holzheim;Bayern;48.5142;10.5306
89440;Lutzingen;Bayern;48.6500;10.5500
89441;Medlingen;Bayern;48.5703;10.3161
89443;Schwenningen;Bayern;48.6500;10.6500
89444;Villenbach;Bayern;48.5089;10.6147
89446;Ziertheim;Bayern;48.6524;10.3988
89447;Zöschingen;Bayern;48.6736;10.3252
89449;Zusamaltheim;Bayern;48.5310;10.6356
89518;Heidenheim an der Brenz;Baden-Württemberg;48.6785;10.1413
89520;Heidenheim an der Brenz;Baden-Württemberg;48.6873;10.1601
89522;Heidenheim an der Brenz;Baden-Württemberg;48.6833;10.1500
89537;Giengen an der Brenz;Baden-Württemberg;48.5887;10.2058
89542;Herbrechtingen;Baden-Württemberg;48.6217;10.1760
89547;Gerstetten;Baden-Württemberg;48.6225;10.0198
89551;Königsbronn;Baden-Württemberg;48.7432;10.1119
89555;Steinheim am Albuch;Baden-Württemberg;48.6909;10.0638
89558;Böhmenkirch;Baden-Württemberg;48.6833;9.9333
89561;Dischingen;Baden-Württemberg;48.7000;10.3667
89564;Nattheim;Baden-Württemberg;48.6996;10.2421
89567;Sontheim an der Brenz;Baden-Württemberg;48.5524;10.2910
89568;Hermaringen;Baden-Württemberg;48.5954;10.2607
89584;Ehingen an der Donau (Lauterach);Baden-Württemberg;48.2713;9.6339
89597;Munderkingen (Unterwachingen, Hausen am Bussen);Baden-Württemberg;48.2168;9.6375
89601;Schelklingen;Baden-Württemberg;48.3758;9.7327
89604;Allmendingen;Baden-Württemberg;48.3305;9.7242
89605;Altheim;Baden-Württemberg;48.3280;9.7704
89607;Emerkingen;Baden-Württemberg;48.2119;9.6565
89608;Griesingen;Baden-Württemberg;48.2667;9.7833
89610;Oberdischingen;Baden-Württemberg;48.3000;9.8333
89611;Rechtenstein (Obermarchtal);Baden-Württemberg;48.2368;9.5591
89613;Grundsheim (Oberstadion);Baden-Württemberg;48.1763;9.6795
89614;Öpfingen;Baden-Württemberg;48.2864;9.8026
89616;Rottenacker;Baden-Württemberg;48.2348;9.6896
89617;Untermarchtal;Baden-Württemberg;48.2392;9.6098
89619;Unterstadion;Baden-Württemberg;48.2031;9.6884
90402;Nürnberg;Bayern;49.4504;11.0778
90403;Nürnberg;Bayern;49.4541;11.0768
90408;Nürnberg;Bayern;49.4678;11.0693
90409;Nürnberg;Bayern;49.4478;11.0683
90411;Nürnberg;Bayern;49.4897;11.1064
90419;Nürnberg;Bayern;49.4639;11.0671
90425;Nürnberg;Bayern;49.4732;11.0567
90427;Nürnberg;Bayern;49.5178;11.0058
90429;Nürnberg;Bayern;49.4599;11.0275
90431;Nürnberg;Bayern;49.4453;11.0222
90439;Nürnberg;Bayern;49.4358;11.0384
90441;Nürnberg;Bayern;49.4324;11.0497
90443;Nürnberg;Bayern;49.4460;11.0782
90449;Nürnberg;Bayern;49.4177;11.0297
90451;Nürnberg;Bayern;49.4072;11.0352
90453;Nürnberg;Bayern;49.3834;11.0416
90455;Nürnberg;Bayern;49.4478;11.0683
90457;Moorenbrunn;Bayern;49.3984;11.1740
90459;Nürnberg;Bayern;49.4403;11.0809
90461;Nürnberg;Bayern;49.4361;11.0925
90469;Nürnberg;Bayern;49.4092;11.0920
90471;Nürnberg;Bayern;49.4170;11.1251
90473;Nürnberg;Bayern;49.4044;11.1341
90475;Nürnberg;Bayern;49.4075;11.1649
90478;Nürnberg;Bayern;49.4430;11.0948
90480;Nürnberg;Bayern;49.4371;11.1194
90482;Nürnberg;Bayern;49.4640;11.1491
90489;Nürnberg;Bayern;49.4586;11.0974
90491;Nürnberg;Bayern;49.4741;11.1296
90513;Zirndorf;Bayern;49.4424;10.9541
90518;Altdorf;Bayern;49.3856;11.3573
90522;Oberasbach;Bayern;49.4228;10.9577
90530;Wendelstein;Bayern;49.3523;11.1507
90537;Feucht;Bayern;49.3760;11.2143
90542;Eckental;Bayern;49.5833;11.2500
90547;Stein bei Nürnberg;Bayern;49.4060;10.9991
90552;Röthenbach an der Pegnitz;Bayern;49.4830;11.2412
90556;Cadolzburg (Seukendorf);Bayern;49.4728;10.8666
90559;Burgthann;Bayern;49.3520;11.3115
90562;Heroldsberg (Kalchreuth);Bayern;49.5452;11.1445
90571;Schwaig;Bayern;49.4695;11.2006
90574;Roßtal;Bayern;49.3957;10.8885
90579;Langenzenn;Bayern;49.4946;10.7923
90584;Allersberg;Bayern;49.2513;11.2366
90587;Veitsbronn (Obermichelbach, Tuchenbach);Bayern;49.5238;10.8855
90592;Schwarzenbruck;Bayern;49.3578;11.2433
90596;Schwanstetten;Bayern;49.3249;11.1227
90599;Dietenhofen;Bayern;49.4000;10.6898
90602;Pyrbaum;Bayern;49.2962;11.2866
90607;Rückersdorf;Bayern;49.4976;11.2475
90610;Winkelhaid;Bayern;49.3896;11.2989
90613;Großhabersdorf;Bayern;49.4000;10.7833
90614;Ammerndorf;Bayern;49.4233;10.8501
90616;Neuhof an der Zenn;Bayern;49.4569;10.6455
90617;Puschendorf;Bayern;49.5240;10.8319
90619;Trautskirchen;Bayern;49.4581;10.5936
90762;Fürth;Bayern;49.4706;10.9971
90763;Fürth;Bayern;49.5069;10.9565
90765;Fürth;Bayern;49.4830;11.0040
90766;Fürth;Bayern;49.4865;10.9608
90768;Fürth;Bayern;49.4954;10.9444
91052;Erlangen;Bayern;49.5888;11.0098
91054;Buckenhof (Erlangen);Bayern;49.5960;11.0296
91056;Erlangen;Bayern;49.5986;10.9675
91058;Erlangen;Bayern;49.5500;11.0036
91074;Herzogenaurach;Bayern;49.5680;10.8856
91077;Kleinsendelbach (Hetzles, Neunkirchen am Brand …);Bayern;49.6097;11.1346
91080;Spardorf (Marloffstein, Uttenreuth);Bayern;49.6077;11.0638
91083;Baiersdorf;Bayern;49.6581;11.0359
91085;Weisendorf;Bayern;49.6228;10.8253
91086;Aurachtal;Bayern;49.5833;10.8333
91088;Bubenreuth;Bayern;49.6274;11.0172
91090;Effeltrich;Bayern;49.6593;11.0932
91091;Großenseebach;Bayern;49.6325;10.8748
91093;Heßdorf;Bayern;49.6273;10.9100
91094;Langensendelbach;Bayern;49.6405;11.0710
91096;Möhrendorf;Bayern;49.6333;11.0000
91097;Oberreichenbach;Bayern;49.5895;10.7689
91099;Poxdorf;Bayern;49.6634;11.0708
91126;Schwabach (Rednitzhembach, Kammerstein);Bayern;49.3082;11.0254
91154;Roth;Bayern;49.2597;11.1457
91161;Hilpoltstein;Bayern;49.1905;11.1906
91166;Georgensgmünd;Bayern;49.1897;11.0167
91171;Greding;Bayern;49.0470;11.3570
91174;Spalt;Bayern;49.1755;10.9245
91177;Thalmässing;Bayern;49.0883;11.2215
91180;Heideck;Bayern;49.1337;11.1273
91183;Abenberg;Bayern;49.2428;10.9640
91186;Büchenbach;Bayern;49.2678;11.0589
91187;Röttenbach;Bayern;49.1500;11.0333
91189;Rohr;Bayern;49.3411;10.8898
91207;Lauf an der Pegnitz;Bayern;49.5139;11.2825
91217;Hersbruck;Bayern;49.5108;11.4315
91220;Schnaittach;Bayern;49.5596;11.3433
91224;Pommelsbrunn;Bayern;49.5044;11.5110
91227;Leinburg;Bayern;49.4517;11.3100
91230;Happurg;Bayern;49.4937;11.4712
91233;Neunkirchen am Sand;Bayern;49.5246;11.3196
91235;Velden (Hartenstein);Bayern;49.6069;11.5134
91236;Alfeld;Bayern;49.4333;11.5500
91238;Offenhausen (Engelthal);Bayern;49.4608;11.4063
91239;Henfenfeld;Bayern;49.4985;11.3906
91241;Kirchensittenbach;Bayern;49.5560;11.4223
91242;Ottensoos;Bayern;49.5095;11.3416
91244;Reichenschwand;Bayern;49.5138;11.3727
91245;Simmelsdorf;Bayern;49.5977;11.3390
91247;Vorra;Bayern;49.5572;11.4942
91249;Weigendorf;Bayern;49.4977;11.5687
91257;Pegnitz;Bayern;49.7522;11.5419
91275;Auerbach in der Oberpfalz;Bayern;49.6938;11.6210
91278;Pottenstein;Bayern;49.7713;11.4078
91281;Kirchenthumbach;Bayern;49.7487;11.7254
91282;Betzenstein;Bayern;49.6817;11.4177
91284;Neuhaus an der Pegnitz;Bayern;49.6280;11.5507
91286;Obertrubach;Bayern;49.7000;11.3500
91287;Plech;Bayern;49.6524;11.4693
91289;Schnabelwaid;Bayern;49.8122;11.5827
91301;Forchheim;Bayern;49.7175;11.0588
91315;Höchstadt an der Aisch;Bayern;49.7062;10.8133
91320;Ebermannstadt;Bayern;49.7815;11.1817
91322;Gräfenberg;Bayern;49.6443;11.2497
91325;Adelsdorf;Bayern;49.7122;10.8950
91327;Gößweinstein;Bayern;49.7690;11.3384
91330;Eggolsheim;Bayern;49.7696;11.0570
91332;Heiligenstadt;Bayern;49.8630;11.1719
91334;Hemhofen;Bayern;49.6833;10.9333
91336;Heroldsbach;Bayern;49.6934;10.9988
91338;Igensdorf;Bayern;49.6232;11.2314
91341;Röttenbach;Bayern;49.6643;10.9261
91344;Waischenfeld;Bayern;49.8465;11.3481
91346;Wiesenttal;Bayern;49.8000;11.2667
91347;Aufseß;Bayern;49.8837;11.2269
91349;Egloffstein;Bayern;49.7018;11.2575
91350;Gremsdorf;Bayern;49.6951;10.8322
91352;Hallerndorf;Bayern;49.7591;10.9795
91353;Hausen;Bayern;49.6895;11.0322
91355;Hiltpoltstein;Bayern;49.6607;11.3227
91356;Kirchehrenbach;Bayern;49.7333;11.1500
91358;Kunreuth;Bayern;49.6824;11.1433
91359;Leutenbach;Bayern;49.7095;11.1722
91361;Pinzberg;Bayern;49.6897;11.1021
91362;Pretzfeld;Bayern;49.7545;11.1743
91364;Unterleinleiter;Bayern;49.8230;11.1891
91365;Weilersbach;Bayern;49.7500;11.1167
91367;Weißenohe;Bayern;49.6309;11.2537
91369;Wiesenthau;Bayern;49.7133;11.1356
91413;Neustadt an der Aisch;Bayern;49.5795;10.6113
91438;Bad Windsheim;Bayern;49.5027;10.4154
91443;Scheinfeld;Bayern;49.6693;10.4655
91448;Emskirchen;Bayern;49.5528;10.7128
91452;Wilhermsdorf;Bayern;49.4831;10.7156
91456;Diespeck;Bayern;49.6000;10.6333
91459;Markt Erlbach;Bayern;49.4937;10.6527
91460;Baudenbach;Bayern;49.6251;10.5360
91462;Dachsbach;Bayern;49.6405;10.7065
91463;Dietersheim;Bayern;49.5563;10.5407
91465;Ergersheim;Bayern;49.5167;10.3333
91466;Gerhardshofen;Bayern;49.6312;10.6913
91468;Gutenstetten;Bayern;49.6167;10.6333
91469;Hagenbüchach;Bayern;49.5333;10.7667
91471;Illesheim;Bayern;49.4802;10.3817
91472;Ipsheim;Bayern;49.5275;10.4818
91474;Langenfeld;Bayern;49.6167;10.5167
91475;Lonnerstadt;Bayern;49.6988;10.7671
91477;Markt Bibart;Bayern;49.6479;10.4249
91478;Markt Nordheim;Bayern;49.5909;10.3556
91480;Markt Taschendorf;Bayern;49.7011;10.5556
91481;Münchsteinach;Bayern;49.6394;10.5950
91483;Oberscheinfeld;Bayern;49.7083;10.4342
91484;Sugenheim;Bayern;49.6028;10.4356
91486;Uehlfeld;Bayern;49.6708;10.7202
91487;Vestenbergsgreuth;Bayern;49.6876;10.6516
91489;Wilhelmsdorf;Bayern;49.5642;10.7372
91522;Ansbach;Bayern;49.3048;10.5931
91541;Rothenburg ob der Tauber;Bayern;49.3789;10.1871
91550;Dinkelsbühl;Bayern;49.0694;10.3199
91555;Feuchtwangen;Bayern;49.1629;10.3385
91560;Heilsbronn;Bayern;49.3357;10.7874
91564;Neuendettelsau;Bayern;49.2833;10.7833
91567;Herrieden;Bayern;49.2378;10.5035
91572;Bechhofen;Bayern;49.1631;10.5557
91575;Windsbach;Bayern;49.2479;10.8265
91578;Leutershausen;Bayern;49.2987;10.4119
91580;Petersaurach;Bayern;49.3000;10.7500
91583;Diebach (Schillingsfürst);Bayern;49.2985;10.2274
91586;Lichtenau;Bayern;49.2775;10.6867
91587;Adelshofen;Bayern;49.4333;10.1667
91589;Aurach;Bayern;49.2500;10.4167
91590;Bruckberg;Bayern;49.3599;10.6992
91592;Buch am Wald;Bayern;49.3302;10.3348
91593;Burgbernheim;Bayern;49.4510;10.3239
91595;Burgoberbach;Bayern;49.2333;10.5833
91596;Burk;Bayern;49.1332;10.4789
91598;Colmberg;Bayern;49.3548;10.4116
91599;Dentlein am Forst;Bayern;49.1477;10.4231
91601;Dombühl;Bayern;49.2535;10.2854
91602;Dürrwangen;Bayern;49.1078;10.3850
91604;Flachslanden;Bayern;49.4407;10.5224
91605;Gallmersgarten;Bayern;49.4500;10.2667
91607;Gebsattel;Bayern;49.3500;10.2000
91608;Geslau;Bayern;49.3664;10.3153
91610;Insingen;Bayern;49.3000;10.1667
91611;Lehrberg;Bayern;49.3457;10.5110
91613;Marktbergel;Bayern;49.4416;10.3636
91614;Mönchsroth;Bayern;49.0185;10.3586
91616;Neusitz;Bayern;49.3719;10.2256
91617;Oberdachstetten;Bayern;49.4167;10.4333
91619;Obernzenn;Bayern;49.4519;10.4667
91620;Ohrenbach;Bayern;49.4706;10.2101
91622;Rügland;Bayern;49.4000;10.5833
91623;Sachsen;Bayern;49.2900;10.6597
91625;Schnelldorf;Bayern;49.1705;10.2321
91626;Schopfloch;Bayern;49.1192;10.3077
91628;Steinsfeld;Bayern;49.4167;10.2167
91629;Weihenzell;Bayern;49.3500;10.6167
91631;Wettringen;Bayern;49.2579;10.1569
91632;Wieseth;Bayern;49.1667;10.4833
91634;Wilburgstetten;Bayern;49.0243;10.3950
91635;Windelsbach;Bayern;49.4000;10.3000
91637;Wörnitz;Bayern;49.2581;10.2418
91639;Wolframs-Eschenbach;Bayern;49.2267;10.7277
91710;Gunzenhausen;Bayern;49.1166;10.7597
91717;Wassertrüdingen;Bayern;49.0433;10.5991
91719;Heidenheim;Bayern;49.0172;10.7435
91720;Absberg;Bayern;49.1444;10.8810
91722;Arberg;Bayern;49.1443;10.6172
91723;Dittenheim;Bayern;49.0554;10.7920
91725;Ehingen;Bayern;49.0868;10.5407
91726;Gerolfingen;Bayern;49.0534;10.5115
91728;Gnotzheim;Bayern;49.0598;10.7127
91729;Haundorf;Bayern;49.1760;10.7712
91731;Langfurth;Bayern;49.1011;10.4536
91732;Merkendorf;Bayern;49.2036;10.7042
91734;Mitteleschenbach;Bayern;49.2119;10.7978
91735;Muhr am See;Bayern;49.1545;10.7184
91737;Ornbau;Bayern;49.1762;10.6580
91738;Pfofeld;Bayern;49.1059;10.8366
91740;Röckingen;Bayern;49.0554;10.5595
91741;Theilenhofen;Bayern;49.0822;10.8528
91743;Unterschwaningen;Bayern;49.0798;10.6218
91744;Weiltingen;Bayern;49.0388;10.4505
91746;Weidenbach;Bayern;49.1982;10.6449
91747;Westheim;Bayern;49.0000;10.6667
91749;Wittelshofen;Bayern;49.0612;10.4812
91757;Treuchtlingen;Bayern;48.9547;10.9083
91781;Weißenburg in Bayern;Bayern;49.0309;10.9722
91785;Pleinfeld;Bayern;49.1047;10.9819
91788;Pappenheim;Bayern;48.9338;10.9743
91790;Nennslingen (Raitenbuch, Bergen …);Bayern;49.0421;11.1168
91792;Ellingen;Bayern;49.0608;10.9678
91793;Alesheim;Bayern;49.0465;10.8650
91795;Dollnstein;Bayern;48.8683;11.0734
91796;Ettenstatt;Bayern;49.0775;11.0554
91798;Höttingen;Bayern;49.0626;11.0053
91799;Langenaltheim;Bayern;48.8932;10.9311
91801;Markt Berolzheim;Bayern;49.0096;10.8447
91802;Meinheim;Bayern;49.0333;10.8167
91804;Mörnsheim;Bayern;48.8701;11.0076
91805;Polsingen;Bayern;48.9207;10.7115
91807;Solnhofen;Bayern;48.8958;10.9956
91809;Wellheim;Bayern;48.8197;11.0888
92224;Amberg;Bayern;49.4429;11.8627
92237;Sulzbach-Rosenberg;Bayern;49.5013;11.7460
92242;Hirschau;Bayern;49.5440;11.9462
92245;Kümmersbruck;Bayern;49.4192;11.8883
92249;Vilseck;Bayern;49.6148;11.8026
92253;Schnaittenbach;Bayern;49.5469;12.0018
92256;Hahnbach;Bayern;49.5339;11.8030
92259;Neukirchen bei Sulzbach-Rosenberg;Bayern;49.5297;11.6259
92260;Ammerthal;Bayern;49.4412;11.7618
92262;Birgland;Bayern;49.4167;11.6333
92263;Ebermannsdorf;Bayern;49.3938;11.9358
92265;Edelsfeld;Bayern;49.5764;11.6959
92266;Ensdorf;Bayern;49.3406;11.9359
92268;Etzelwang;Bayern;49.5276;11.5860
92269;Fensterbach;Bayern;49.4000;12.0500
92271;Freihung;Bayern;49.6213;11.9082
92272;Freudenberg;Bayern;49.4833;11.9833
92274;Gebenbach;Bayern;49.5376;11.8720
92275;Hirschbach;Bayern;49.5500;11.5333
92277;Hohenburg;Bayern;49.2951;11.7991
92278;Illschwang;Bayern;49.4500;11.6833
92280;Kastl;Bayern;49.3696;11.6826
92281;Königstein;Bayern;49.6085;11.6314
92283;Lauterhofen;Bayern;49.3684;11.6029
92284;Poppenricht;Bayern;49.4756;11.7978
92286;Rieden;Bayern;49.3236;11.9421
92287;Schmidmühlen;Bayern;49.2690;11.9243
92289;Ursensollen;Bayern;49.4020;11.7550
92318;Neumarkt in der Oberpfalz;Bayern;49.2803;11.4628
92331;Parsberg (Lupburg);Bayern;49.1579;11.7373
92334;Berching;Bayern;49.1069;11.4414
92339;Beilngries;Bayern;49.0341;11.4739
92342;Freystadt;Bayern;49.2001;11.3303
92345;Dietfurt an der Altmühl;Bayern;49.0375;11.5839
92348;Berg bei Neumarkt in der Oberpfalz;Bayern;49.3317;11.4403
92353;Postbauer-Heng;Bayern;49.3053;11.3572
92355;Velburg;Bayern;49.2515;11.6345
92358;Seubersdorf in der Oberpfalz;Bayern;49.1571;11.6329
92360;Mühlhausen;Bayern;49.1695;11.4466
92361;Berngau;Bayern;49.2500;11.4000
92363;Breitenbrunn;Bayern;49.0837;11.6198
92364;Deining;Bayern;49.2256;11.5397
92366;Hohenfels;Bayern;49.2040;11.8484
92367;Pilsach;Bayern;49.3214;11.5031
92369;Sengenthal;Bayern;49.2333;11.4667
92421;Schwandorf;Bayern;49.3236;12.0993
92431;Neunburg vorm Wald;Bayern;49.3478;12.3862
92436;Bruck in der Oberpfalz;Bayern;49.2493;12.3071
92439;Bodenwöhr;Bayern;49.2708;12.3015
92442;Wackersdorf;Bayern;49.3167;12.1833
92444;Rötz;Bayern;49.3432;12.5296
92445;Neukirchen-Balbini;Bayern;49.2910;12.4364
92447;Schwarzhofen;Bayern;49.3775;12.3449
92449;Steinberg;Bayern;49.2833;12.1833
92507;Nabburg;Bayern;49.4535;12.1800
92521;Schwarzenfeld;Bayern;49.3877;12.1348
92526;Oberviechtach;Bayern;49.4581;12.4167
92533;Wernberg-Köblitz;Bayern;49.5393;12.1613
92536;Pfreimd (Iffelsdorf);Bayern;49.4984;12.2064
92539;Schönsee;Bayern;49.5103;12.5476
92540;Altendorf;Bayern;49.4055;12.2815
92542;Dieterskirchen;Bayern;49.4167;12.4167
92543;Guteneck;Bayern;49.4500;12.2833
92545;Niedermurach;Bayern;49.4500;12.3761
92546;Schmidgaden;Bayern;49.4234;12.0925
92548;Schwarzach bei Nabburg;Bayern;49.4105;12.2274
92549;Stadlern;Bayern;49.5066;12.6124
92551;Stulln;Bayern;49.4167;12.1333
92552;Teunz;Bayern;49.4833;12.3833
92554;Thanstein;Bayern;49.3833;12.4667
92555;Trausnitz;Bayern;49.5211;12.2625
92557;Weiding;Bayern;49.4833;12.5667
92559;Winklarn;Bayern;49.4269;12.4799
92637;Weiden (Theisseil);Bayern;49.6835;12.1917
92648;Vohenstrauß;Bayern;49.6238;12.3381
92655;Grafenwöhr;Bayern;49.6989;11.8675
92660;Neustadt an der Waldnaab;Bayern;49.7329;12.1777
92665;Kirchendemenreuth (Altenstadt an der Waldnaab);Bayern;49.7496;12.1299
92670;Windischeschenbach;Bayern;49.8011;12.1571
92676;Eschenbach in der Oberpfalz (Speinshart);Bayern;49.7727;11.8263
92681;Erbendorf;Bayern;49.8398;12.0459
92685;Floß;Bayern;49.7240;12.2759
92690;Pressath;Bayern;49.7686;11.9397
92693;Eslarn;Bayern;49.5835;12.5216
92694;Etzenricht;Bayern;49.6333;12.1000
92696;Flossenbürg;Bayern;49.7333;12.3500
92697;Georgenberg;Bayern;49.7030;12.4208
92699;Bechtsrieth (Irchenrieth);Bayern;49.6339;12.2175
92700;Kaltenbrunn, Oberpfalz;Bayern;49.6500;11.9500
92702;Kohlberg;Bayern;49.5912;12.0195
92703;Krummennaab;Bayern;49.8333;12.1000
92705;Leuchtenberg;Bayern;49.5974;12.2584
92706;Luhe-Wildenau;Bayern;49.5837;12.1492
92708;Mantel;Bayern;49.6541;12.0407
92709;Moosbach;Bayern;49.5891;12.4104
92711;Parkstein;Bayern;49.7292;12.0675
92712;Pirk;Bayern;49.6333;12.1667
92714;Pleystein;Bayern;49.6491;12.4063
92715;Püchersreuth;Bayern;49.7500;12.2333
92717;Reuth bei Erbendorf;Bayern;49.8438;12.1214
92718;Schirmitz;Bayern;49.6500;12.1667
92720;Schwarzenbach;Bayern;49.7246;11.9976
92721;Störnstein;Bayern;49.7323;12.2055
92723;Gleiritsch (Tännesberg);Bayern;49.5145;12.3214
92724;Trabitz;Bayern;49.8000;11.9000
92726;Waidhaus;Bayern;49.6422;12.4952
92727;Waldthurn;Bayern;49.6722;12.3292
92729;Weiherhammer;Bayern;49.6333;12.0667
93047;Regensburg;Bayern;49.0168;12.0954
93049;Regensburg;Bayern;49.0153;12.0577
93051;Regensburg;Bayern;49.0007;12.0734
93053;Regensburg;Bayern;48.9965;12.1202
93055;Regensburg;Bayern;49.0143;12.1427
93057;Regensburg;Bayern;49.0499;12.1006
93059;Regensburg;Bayern;49.0312;12.1022
93073;Neutraubling;Bayern;48.9874;12.2010
93077;Bad Abbach;Bayern;48.9375;12.0449
93080;Pentling;Bayern;48.9834;12.0587
93083;Obertraubling;Bayern;48.9667;12.1667
93086;Wörth an der Donau;Bayern;49.0009;12.4054
93087;Alteglofsheim;Bayern;48.9167;12.2000
93089;Aufhausen;Bayern;48.8720;12.2821
93090;Bach an der Donau;Bayern;49.0217;12.3037
93092;Barbing;Bayern;49.0000;12.2000
93093;Donaustauf;Bayern;49.0326;12.2046
93095;Hagelstadt;Bayern;48.9000;12.2167
93096;Köfering;Bayern;48.9333;12.2000
93098;Mintraching;Bayern;48.9536;12.2421
93099;Mötzing;Bayern;48.8935;12.3736
93101;Pfakofen;Bayern;48.8582;12.2274
93102;Pfatter;Bayern;48.9631;12.3825
93104;Riekofen (Sünching);Bayern;48.8976;12.3506
93105;Tegernheim;Bayern;49.0239;12.1730
93107;Thalmassing;Bayern;48.9117;12.1550
93109;Wiesent;Bayern;49.0167;12.3833
93128;Regenstauf;Bayern;49.1201;12.1303
93133;Burglengenfeld;Bayern;49.2038;12.0445
93138;Lappersdorf;Bayern;49.0469;12.0913
93142;Maxhütte-Haidhof;Bayern;49.1996;12.0923
93149;Nittenau;Bayern;49.1942;12.2674
93152;Nittendorf;Bayern;49.0246;11.9613
93155;Hemau;Bayern;49.0383;11.8522
93158;Teublitz;Bayern;49.2229;12.0873
93161;Sinzing;Bayern;49.0000;12.0333
93164;Laaber (Brunn);Bayern;49.0836;11.8927
93167;Falkenstein;Bayern;49.0975;12.4880
93170;Bernhardswald;Bayern;49.0912;12.2474
93173;Wenzenbach;Bayern;49.0756;12.1995
93176;Beratzhausen;Bayern;49.0952;11.8097
93177;Altenthann;Bayern;49.1000;12.3000
93179;Brennberg;Bayern;49.0667;12.4000
93180;Deuerling;Bayern;49.0372;11.9104
93182;Duggendorf;Bayern;49.1167;11.9167
93183;Kallmünz (Holzheim am Forst);Bayern;49.1547;11.9791
93185;Michelsneukirchen;Bayern;49.1229;12.5528
93186;Pettendorf;Bayern;49.0607;12.0078
93188;Pielenhofen;Bayern;49.0723;11.9570
93189;Reichenbach;Bayern;49.1833;12.3500
93191;Rettenbach;Bayern;49.0667;12.4500
93192;Wald;Bayern;49.1500;12.3500
93194;Walderbach;Bayern;49.1833;12.3833
93195;Wolfsegg;Bayern;49.1073;11.9781
93197;Zeitlarn;Bayern;49.0785;12.1117
93199;Zell;Bayern;49.1444;12.4141
93309;Kelheim;Bayern;48.9173;11.8862
93326;Abensberg;Bayern;48.8168;11.8498
93333;Neustadt an der Donau;Bayern;48.8071;11.7695
93336;Altmannstein;Bayern;48.8992;11.6520
93339;Riedenburg;Bayern;48.9638;11.6888
93342;Saal an der Donau;Bayern;48.9000;11.9333
93343;Essing;Bayern;48.9347;11.7897
93345;Hausen;Bayern;48.8595;12.0063
93346;Ihrlerstein;Bayern;48.9333;11.8667
93348;Kirchdorf;Bayern;48.7710;11.9037
93349;Mindelstetten;Bayern;48.8500;11.6500
93351;Painten;Bayern;48.9973;11.8195
93352;Rohr in Niederbayern;Bayern;48.7667;11.9667
93354;Biburg (Siegenburg);Bayern;48.7724;11.8528
93356;Teugn;Bayern;48.8930;12.0117
93358;Train;Bayern;48.7333;11.8333
93359;Wildenberg;Bayern;48.7298;11.8985
93413;Cham;Bayern;49.2257;12.6550
93426;Roding;Bayern;49.1943;12.5196
93437;Furth im Wald;Bayern;49.3095;12.8416
93444;Kötzting;Bayern;49.1765;12.8552
93449;Waldmünchen;Bayern;49.3780;12.7091
93453;Neukirchen beim Heiligen Blut;Bayern;49.2587;12.9687
93455;Traitsching;Bayern;49.1500;12.6500
93458;Eschlkam;Bayern;49.2988;12.9157
93462;Lam;Bayern;49.1967;13.0505
93464;Tiefenbach;Bayern;49.4333;12.5833
93466;Chamerau;Bayern;49.2000;12.7500
93468;Miltach;Bayern;49.1620;12.7684
93470;Lohberg;Bayern;49.1760;13.1055
93471;Arnbruck;Bayern;49.1301;12.9982
93473;Arnschwang;Bayern;49.2766;12.8159
93474;Arrach;Bayern;49.1915;12.9939
93476;Blaibach;Bayern;49.1667;12.8167
93477;Gleißenberg;Bayern;49.3167;12.7333
93479;Grafenwiesen;Bayern;49.2000;12.8833
93480;Hohenwarth;Bayern;49.2000;12.9333
93482;Pemfling;Bayern;49.2667;12.6167
93483;Pösing;Bayern;49.2333;12.5500
93485;Rimbach;Bayern;49.2333;12.8833
93486;Runding;Bayern;49.2151;12.7621
93488;Schönthal;Bayern;49.3500;12.6000
93489;Schorndorf;Bayern;49.1604;12.5932
93491;Stamsried;Bayern;49.2676;12.5305
93492;Treffelstein;Bayern;49.4225;12.6157
93494;Waffenbrunn;Bayern;49.2667;12.6667
93495;Weiding;Bayern;49.2628;12.7631
93497;Willmering;Bayern;49.2500;12.6667
93499;Zandt;Bayern;49.1500;12.7333
94032;Passau;Bayern;48.5732;13.4506
94034;Passau;Bayern;48.5890;13.3971
94036;Passau;Bayern;48.5693;13.4122
94051;Hauzenberg;Bayern;48.6496;13.6265
94060;Pocking;Bayern;48.4015;13.3132
94065;Waldkirchen;Bayern;48.7327;13.6008
94072;Bad Füssing;Bayern;48.3510;13.3120
94078;Freyung;Bayern;48.8095;13.5477
94081;Fürstenzell;Bayern;48.5216;13.3175
94086;Bad Griesbach im Rottal;Bayern;48.4557;13.1939
94089;Neureichenau;Bayern;48.7486;13.7470
94094;Rotthalmünster (Malching);Bayern;48.3595;13.1970
94099;Ruhstorf an der Rott;Bayern;48.4333;13.3333
94104;Witzmannsberg (Tittling);Bayern;48.7215;13.3994
94107;Untergriesbach;Bayern;48.5743;13.6672
94110;Wegscheid;Bayern;48.6014;13.7873
94113;Tiefenbach;Bayern;48.6242;13.4003
94116;Hutthurm;Bayern;48.6728;13.4715
94118;Jandelsbrunn;Bayern;48.7333;13.7000
94121;Salzweg;Bayern;48.6167;13.4833
94124;Büchlberg;Bayern;48.6711;13.5210
94127;Neuburg am Inn;Bayern;48.5000;13.4500
94130;Obernzell;Bayern;48.5549;13.6373
94133;Röhrnbach;Bayern;48.7386;13.5227
94136;Thyrnau;Bayern;48.6167;13.5333
94137;Bayerbach;Bayern;48.4102;13.1441
94139;Breitenberg;Bayern;48.7044;13.7933
94140;Ering;Bayern;48.2992;13.1503
94142;Fürsteneck;Bayern;48.7167;13.4667
94143;Grainet;Bayern;48.8000;13.6500
94145;Haidmühle;Bayern;48.8257;13.7765
94146;Hinterschmiding;Bayern;48.8234;13.6037
94148;Kirchham;Bayern;48.3464;13.2672
94149;Kößlarn;Bayern;48.3667;13.1167
94151;Mauth;Bayern;48.8897;13.5846
94152;Neuhaus am Inn;Bayern;48.4609;13.4208
94154;Neukirchen vorm Wald;Bayern;48.6833;13.3833
94155;Otterskirchen;Bayern;48.6167;13.2167
94157;Perlesreut;Bayern;48.7818;13.4384
94158;Philippsreut;Bayern;48.8667;13.6833
94160;Ringelai;Bayern;48.8134;13.4713
94161;Ruderting;Bayern;48.6500;13.4167
94163;Saldenburg;Bayern;48.7731;13.3559
94164;Sonnen;Bayern;48.6833;13.7167
94166;Stubenberg;Bayern;48.3167;13.0833
94167;Tettenweis;Bayern;48.4428;13.2696
94169;Thurmansbang;Bayern;48.7663;13.3155
94209;Regen;Bayern;48.9719;13.1282
94227;Lindberg (Zwiesel);Bayern;49.0268;13.2460
94234;Viechtach;Bayern;49.0800;12.8857
94239;Gotteszell (Ruhmannsfelden, Zachenberg);Bayern;48.9722;12.9834
94244;Teisnach (Geiersthal);Bayern;49.0434;12.9848
94249;Bodenmais;Bayern;49.0667;13.1000
94250;Achslach;Bayern;48.9717;12.9351
94252;Bayerisch Eisenstein;Bayern;49.1167;13.2000
94253;Bischofsmais;Bayern;48.9180;13.0818
94255;Böbrach;Bayern;49.0562;13.0347
94256;Drachselsried;Bayern;49.1076;13.0118
94258;Frauenau;Bayern;48.9889;13.3007
94259;Kirchberg im Wald;Bayern;48.9000;13.1833
94261;Kirchdorf im Wald;Bayern;48.9105;13.2661
94262;Kollnburg;Bayern;49.0466;12.8612
94264;Langdorf;Bayern;49.0150;13.1465
94265;Patersdorf;Bayern;49.0167;12.9833
94267;Prackenbach;Bayern;49.0954;12.8261
94269;Rinchnach;Bayern;48.9496;13.2010
94315;Straubing;Bayern;48.8813;12.5739
94327;Bogen;Bayern;48.9112;12.6896
94330;Salching (Aiterhofen);Bayern;48.8276;12.5974
94333;Geiselhöring;Bayern;48.8250;12.3965
94336;Hunderdorf (Windberg);Bayern;48.9464;12.7398
94339;Leiblfing;Bayern;48.7757;12.5179
94342;Irlbach (Straßkirchen);Bayern;48.8360;12.7363
94344;Wiesenfelden;Bayern;49.0407;12.5401
94345;Aholfing;Bayern;48.9428;12.4686
94347;Ascha;Bayern;49.0000;12.6333
94348;Atting;Bayern;48.8941;12.4878
94350;Falkenfels;Bayern;49.0042;12.5948
94351;Feldkirchen;Bayern;48.8383;12.5278
94353;Haibach;Bayern;49.0241;12.7155
94354;Haselbach;Bayern;49.0035;12.6918
94356;Kirchroth;Bayern;48.9500;12.5500
94357;Konzell;Bayern;49.0724;12.7111
94359;Loitzendorf;Bayern;49.0846;12.6559
94360;Mitterfels;Bayern;48.9763;12.6785
94362;Neukirchen;Bayern;48.9751;12.7555
94363;Oberschneiding;Bayern;48.7957;12.6420
94365;Parkstetten;Bayern;48.9167;12.6000
94366;Perasdorf;Bayern;48.9500;12.8000
94368;Perkam;Bayern;48.8553;12.4398
94369;Rain;Bayern;48.9050;12.4687
94371;Rattenberg;Bayern;49.0861;12.7491
94372;Rattiszell;Bayern;49.0257;12.6592
94374;Schwarzach;Bayern;48.9157;12.8114
94375;Stallwang;Bayern;49.0510;12.6550
94377;Steinach;Bayern;48.9542;12.6071
94379;Sankt Englmar;Bayern;49.0030;12.8266
94405;Landau an der Isar;Bayern;48.6725;12.6932
94419;Reisbach;Bayern;48.5701;12.6280
94424;Arnstorf;Bayern;48.5584;12.8167
94428;Eichendorf;Bayern;48.6327;12.8559
94431;Pilsting;Bayern;48.7012;12.6510
94436;Simbach;Bayern;48.5661;12.7389
94437;Mamming;Bayern;48.6517;12.6078
94439;Roßbach;Bayern;48.6000;12.9333
94447;Plattling;Bayern;48.7787;12.8751
94469;Deggendorf;Bayern;48.8409;12.9607
94474;Vilshofen;Bayern;48.6269;13.1922
94481;Grafenau;Bayern;48.8577;13.3974
94486;Osterhofen;Bayern;48.7000;13.0222
94491;Hengersberg;Bayern;48.7725;13.0549
94496;Ortenburg;Bayern;48.5460;13.2225
94501;Beutelsbach (Aidenbach, Aldersbach);Bayern;48.5700;13.0988
94505;Bernried;Bayern;48.9167;12.8833
94508;Schöllnach;Bayern;48.7541;13.1778
94513;Schönberg;Bayern;48.8397;13.3371
94518;Spiegelau;Bayern;48.9152;13.3623
94522;Wallersdorf;Bayern;48.7377;12.7474
94526;Metten;Bayern;48.8551;12.9155
94527;Aholming;Bayern;48.7354;12.9100
94529;Aicha vorm Wald;Bayern;48.6760;13.2954
94530;Auerbach;Bayern;48.8035;13.0995
94532;Außernzell;Bayern;48.7241;13.2029
94533;Buchhofen;Bayern;48.6970;12.9246
94535;Eging am See;Bayern;48.7139;13.2713
94536;Eppenschlag;Bayern;48.8894;13.2999
94538;Fürstenstein;Bayern;48.7167;13.3333
94539;Grafling;Bayern;48.8949;12.9751
94541;Grattersdorf;Bayern;48.8036;13.1537
94542;Haarbach;Bayern;48.5000;13.1500
94544;Hofkirchen;Bayern;48.6781;13.1192
94545;Hohenau;Bayern;48.8498;13.4882
94547;Iggensbach;Bayern;48.7301;13.1423
94548;Innernzell;Bayern;48.8515;13.2754
94550;Künzing;Bayern;48.6667;13.0833
94551;Lalling (Hunding);Bayern;48.8438;13.1585
94553;Mariaposching;Bayern;48.8333;12.8000
94554;Moos;Bayern;48.7515;12.9611
94556;Neuschönau;Bayern;48.8842;13.4758
94557;Niederalteich;Bayern;48.7656;13.0241
94559;Niederwinkling;Bayern;48.8833;12.8000
94560;Offenberg;Bayern;48.8619;12.8629
94562;Oberpöring;Bayern;48.7018;12.8248
94563;Otzing;Bayern;48.7613;12.8088
94565;Erlhof bei Rathsmannsdorf;Bayern;48.6771;13.2258
94566;Sankt Oswald-Riedlhütte;Bayern;48.9000;13.4167
94568;Sankt Oswald-Riedlhütte;Bayern;48.9000;13.4167
94569;Stephansposching;Bayern;48.8167;12.8000
94571;Schaufling;Bayern;48.8500;13.0667
94572;Schöfweg;Bayern;48.8388;13.2286
94574;Wallerfing;Bayern;48.6842;12.8804
94575;Windorf;Bayern;48.6244;13.2219
94577;Winzer;Bayern;48.7228;13.0775
94579;Zenting;Bayern;48.7913;13.2597
95028;Hof;Bayern;50.3209;11.9172
95030;Hof;Bayern;50.3173;11.8961
95032;Hof;Bayern;50.2953;11.9103
95100;Selb;Bayern;50.1706;12.1305
95111;Rehau;Bayern;50.2492;12.0342
95119;Naila;Bayern;50.3303;11.7046
95126;Schwarzenbach an der Saale;Bayern;50.2228;11.9350
95131;Schwarzenbach am Wald;Bayern;50.2846;11.6249
95138;Bad Steben;Bayern;50.3665;11.6444
95145;Oberkotzau;Bayern;50.2624;11.9348
95152;Selbitz;Bayern;50.3170;11.7502
95158;Kirchenlamitz;Bayern;50.1519;11.9483
95163;Weißenstadt;Bayern;50.1022;11.8885
95168;Marktleuthen;Bayern;50.1301;12.0023
95173;Schönwald;Bayern;50.1997;12.0850
95176;Konradsreuth;Bayern;50.2667;11.8500
95179;Geroldsgrün;Bayern;50.3333;11.6000
95180;Berg;Bayern;50.3747;11.7785
95182;Döhlau;Bayern;50.2833;11.9500
95183;Trogen (Töpen, Feilitzsch);Bayern;50.3747;11.9189
95185;Gattendorf;Bayern;50.3221;11.9978
95186;Höchstädt im Fichtelgebirge;Bayern;50.1000;12.0833
95188;Issigau;Bayern;50.3752;11.7207
95189;Köditz;Bayern;50.3333;11.8500
95191;Leupoldsgrün;Bayern;50.3000;11.8000
95192;Lichtenberg;Bayern;50.3833;11.6762
95194;Regnitzlosau;Bayern;50.3000;12.0500
95195;Röslau;Bayern;50.0833;11.9833
95197;Schauenstein;Bayern;50.2783;11.7417
95199;Thierstein;Bayern;50.1064;12.1020
95213;Münchberg;Bayern;50.1895;11.7882
95233;Helmbrechts;Bayern;50.2356;11.7159
95234;Sparneck;Bayern;50.1621;11.8435
95236;Stammbach;Bayern;50.1455;11.6913
95237;Weißdorf;Bayern;50.1833;11.8500
95239;Zell;Bayern;50.1333;11.8000
95326;Kulmbach;Bayern;50.1007;11.4503
95336;Mainleus;Bayern;50.0999;11.3766
95339;Neuenmarkt (Wirsberg);Bayern;50.0988;11.5927
95346;Stadtsteinach;Bayern;50.1643;11.5035
95349;Thurnau;Bayern;50.0254;11.3935
95352;Marktleugast;Bayern;50.1731;11.6339
95355;Presseck;Bayern;50.2280;11.5551
95356;Grafengehaig;Bayern;50.2031;11.5936
95358;Guttenberg;Bayern;50.1552;11.5648
95359;Kasendorf;Bayern;50.0367;11.3520
95361;Ködnitz;Bayern;50.1000;11.5333
95362;Kupferberg;Bayern;50.1396;11.5776
95364;Ludwigschorgast;Bayern;50.1264;11.5597
95365;Rugendorf;Bayern;50.2000;11.4667
95367;Trebgast;Bayern;50.0667;11.5500
95369;Untersteinach;Bayern;50.1333;11.5167
95444;Bayreuth;Bayern;49.9461;11.5762
95445;Bayreuth;Bayern;49.9431;11.5592
95447;Bayreuth;Bayern;49.9481;11.5783
95448;Bayreuth;Bayern;49.9474;11.5993
95460;Bad Berneck im Fichtelgebirge;Bayern;50.0456;11.6724
95463;Bindlach;Bayern;49.9817;11.6139
95466;Weidenberg (Kirchenpingarten);Bayern;49.9374;11.7527
95469;Speichersdorf;Bayern;49.8713;11.7812
95473;Haag (Creußen, Prebitz);Bayern;49.8494;11.6236
95478;Kemnath;Bayern;49.8701;11.8908
95482;Gefrees;Bayern;50.0954;11.7377
95485;Warmensteinach;Bayern;49.9935;11.7787
95488;Eckersdorf;Bayern;49.9348;11.4962
95490;Mistelgau;Bayern;49.9126;11.4659
95491;Ahorntal;Bayern;49.8500;11.4333
95493;Bischofsgrün;Bayern;50.0512;11.8000
95494;Gesees;Bayern;49.9000;11.5333
95496;Glashütten;Bayern;49.8874;11.4487
95497;Goldkronach;Bayern;50.0109;11.6875
95499;Harsdorf;Bayern;50.0333;11.5667
95500;Heinersreuth;Bayern;49.9667;11.5333
95502;Himmelkron;Bayern;50.0667;11.6000
95503;Hummeltal;Bayern;49.9000;11.5167
95505;Immenreuth;Bayern;49.9000;11.8667
95506;Kastl;Bayern;49.8333;11.9000
95508;Kulmain;Bayern;49.9000;11.9000
95509;Marktschorgast;Bayern;50.0947;11.6547
95511;Mistelbach;Bayern;49.9126;11.5126
95512;Neudrossenfeld;Bayern;50.0167;11.5000
95514;Neustadt am Kulm;Bayern;49.8167;11.8333
95515;Plankenfels;Bayern;49.8833;11.3333
95517;Emtmannsberg (Seybothenreuth);Bayern;49.8930;11.6750
95519;Schlammersdorf (Vorbach);Bayern;49.8107;11.7348
95615;Marktredwitz;Bayern;50.0044;12.0859
95632;Wunsiedel;Bayern;50.0392;12.0034
95643;Tirschenreuth;Bayern;49.8826;12.3311
95652;Waldsassen;Bayern;50.0017;12.3043
95659;Arzberg;Bayern;50.0577;12.1868
95666;Leonberg (Mitterteich);Bayern;49.9492;12.2637
95671;Bärnau;Bayern;49.8108;12.4332
95676;Wiesau;Bayern;49.9082;12.1889
95679;Waldershof;Bayern;49.9814;12.0629
95680;Bad Alexandersbad;Bayern;50.0167;12.0167
95682;Brand;Bayern;49.9597;11.9107
95683;Ebnath;Bayern;49.9500;11.9333
95685;Falkenberg;Bayern;49.8584;12.2268
95686;Fichtelberg;Bayern;50.0029;11.8542
95688;Friedenfels;Bayern;49.8826;12.1012
95689;Fuchsmühl;Bayern;49.9226;12.1458
95691;Hohenberg an der Eger;Bayern;50.0950;12.2201
95692;Konnersreuth;Bayern;50.0109;12.2271
95694;Mehlmeisel;Bayern;49.9742;11.8620
95695;Mähring;Bayern;49.9109;12.5245
95697;Nagel;Bayern;49.9833;11.9167
95698;Neualbenreuth;Bayern;49.9804;12.4437
95700;Neusorg;Bayern;49.9333;11.9667
95701;Pechbrunn;Bayern;49.9667;12.1667
95703;Plößberg;Bayern;49.7840;12.3100
95704;Pullenreuth;Bayern;49.9333;12.0000
95706;Schirnding;Bayern;50.0821;12.2274
95707;Thiersheim;Bayern;50.0761;12.1265
95709;Tröstau;Bayern;50.0167;11.9500
96047;Bamberg;Bayern;49.8934;10.8911
96049;Bamberg;Bayern;49.8800;10.8834
96050;Bamberg;Bayern;49.8883;10.9185
96052;Bamberg;Bayern;49.9083;10.8951
96103;Hallstadt;Bayern;49.9290;10.8754
96106;Ebern;Bayern;50.0955;10.7983
96110;Scheßlitz;Bayern;49.9757;11.0330
96114;Hirschaid;Bayern;49.8179;10.9892
96117;Memmelsdorf;Bayern;49.9301;10.9592
96120;Bischberg;Bayern;49.9109;10.8321
96123;Litzendorf;Bayern;49.9144;11.0103
96126;Maroldsweisach (Ermershausen);Bayern;50.2022;10.6429
96129;Strullendorf;Bayern;49.8443;10.9721
96132;Schlüsselfeld;Bayern;49.7562;10.6187
96135;Stegaurach;Bayern;49.8654;10.8438
96138;Burgebrach;Bayern;49.8283;10.7434
96142;Hollfeld;Bayern;49.9379;11.2915
96145;Seßlach;Bayern;50.1897;10.8420
96146;Altendorf;Bayern;49.8000;11.0167
96148;Baunach;Bayern;49.9859;10.8518
96149;Breitengüßbach;Bayern;49.9721;10.8859
96151;Breitbrunn;Bayern;50.0167;10.7000
96152;Burghaslach;Bayern;49.7331;10.6007
96154;Burgwindheim;Bayern;49.8273;10.5963
96155;Buttenheim;Bayern;49.8036;11.0300
96157;Ebrach;Bayern;49.8481;10.4967
96158;Frensdorf;Bayern;49.8167;10.8667
96160;Geiselwind;Bayern;49.7736;10.4706
96161;Gerach;Bayern;50.0333;10.8000
96163;Gundelsheim;Bayern;49.9371;10.9199
96164;Kemmern;Bayern;49.9549;10.8778
96166;Kirchlauter;Bayern;50.0443;10.7178
96167;Königsfeld;Bayern;49.9460;11.1652
96169;Lauter;Bayern;49.9732;10.7884
96170;Priesendorf (Lisberg);Bayern;49.8948;10.7209
96172;Mühlhausen;Bayern;49.7544;10.7756
96173;Oberhaid;Bayern;49.9325;10.8147
96175;Pettstadt;Bayern;49.8300;10.9284
96176;Pfarrweisach;Bayern;50.1500;10.7333
96178;Pommersfelden;Bayern;49.7667;10.8167
96179;Rattelsdorf;Bayern;50.0150;10.8886
96181;Rauhenebrach;Bayern;49.8833;10.6167
96182;Reckendorf;Bayern;50.0167;10.8333
96184;Rentweinsdorf;Bayern;50.0634;10.7992
96185;Schönbrunn;Bayern;49.8570;10.6902
96187;Stadelhofen;Bayern;50.0032;11.1976
96188;Stettfeld;Bayern;49.9719;10.7239
96190;Untermerzbach;Bayern;50.1275;10.8563
96191;Viereth-Trunstadt;Bayern;49.9222;10.7772
96193;Wachenroth;Bayern;49.7519;10.7134
96194;Walsdorf;Bayern;49.8667;10.7833
96196;Wattendorf;Bayern;50.0326;11.1262
96197;Wonsees;Bayern;49.9761;11.3005
96199;Zapfendorf;Bayern;50.0178;10.9324
96215;Lichtenfels;Bayern;50.1457;11.0593
96224;Burgkunstadt;Bayern;50.1409;11.2520
96231;Bad Staffelstein;Bayern;50.1020;11.0013
96237;Ebersdorf;Bayern;50.3290;11.1527
96242;Sonnefeld;Bayern;50.2167;11.1333
96247;Michelau in Oberfranken;Bayern;50.1680;11.1139
96250;Ebensfeld;Bayern;50.0664;10.9583
96253;Untersiemau;Bayern;50.1942;10.9745
96257;Marktgraitz (Redwitz an der Rodach);Bayern;50.1784;11.2013
96260;Weismain;Bayern;50.0851;11.2402
96264;Altenkunstadt;Bayern;50.1250;11.2503
96268;Mitwitz;Bayern;50.2511;11.2082
96269;Großheirath;Bayern;50.1760;10.9505
96271;Grub am Forst;Bayern;50.2299;11.0198
96272;Hochstadt am Main;Bayern;50.1501;11.1712
96274;Itzgrund;Bayern;50.1500;10.9000
96275;Marktzeuln;Bayern;50.1667;11.1669
96277;Schneckenlohe;Bayern;50.2118;11.1940
96279;Weidhausen bei Coburg;Bayern;50.2035;11.1401
96317;Kronach;Bayern;50.2396;11.3331
96328;Küps;Bayern;50.1912;11.2668
96332;Pressig;Bayern;50.3524;11.3097
96337;Ludwigsstadt;Bayern;50.4860;11.3873
96342;Stockheim;Bayern;50.3064;11.2817
96346;Wallenfels;Bayern;50.2685;11.4706
96349;Steinwiesen;Bayern;50.2944;11.4629
96352;Wilhelmsthal;Bayern;50.3111;11.3728
96355;Tettau;Bayern;50.4698;11.2589
96358;Reichenbach (Teuschnitz);Bayern;50.4113;11.3977
96361;Steinbach am Wald;Bayern;50.4390;11.3692
96364;Marktrodach;Bayern;50.2500;11.3833
96365;Nordhalben;Bayern;50.3741;11.5099
96367;Tschirn;Bayern;50.4000;11.4500
96369;Weißenbrunn;Bayern;50.2000;11.3500
96450;Coburg;Bayern;50.2594;10.9638
96465;Neustadt bei Coburg;Bayern;50.3298;11.1206
96472;Rödental;Bayern;50.2952;11.0412
96476;Bad Rodach;Bayern;50.3333;10.7833
96479;Weitramsdorf;Bayern;50.2560;10.8799
96482;Ahorn;Bayern;50.2376;10.9542
96484;Meeder;Bayern;50.3212;10.9070
96486;Lautertal;Bayern;50.3333;10.9667
96487;Dörfles-Esbach;Bayern;50.2833;11.0000
96489;Niederfüllbach;Bayern;50.2200;10.9909
96515;Sonneberg;Thüringen;50.3592;11.1746
96523;Oberland am Rennsteig (Steinach);Thüringen;50.4407;11.1921
96524;Judenbach (Föritz, Neuhaus-Schierschnitz);Thüringen;50.3500;11.2310
96528;Bachfeld (Schalkau, Frankenblick);Thüringen;50.3999;11.0177
97070;Würzburg;Bayern;49.7971;9.9337
97072;Würzburg;Bayern;49.7829;9.9366
97074;Würzburg;Bayern;49.7802;9.9416
97076;Würzburg;Bayern;49.8044;9.9770
97078;Würzburg;Bayern;49.8118;9.9635
97080;Würzburg;Bayern;49.8017;9.9058
97082;Würzburg;Bayern;49.7899;9.9206
97084;Würzburg;Bayern;49.7685;9.9382
97199;Ochsenfurt;Bayern;49.6643;10.0623
97204;Höchberg;Bayern;49.7845;9.8822
97209;Veitshöchheim;Bayern;49.8328;9.8817
97215;Weigenheim (Uffenheim, Simmershofen);Bayern;49.5511;10.2102
97218;Gerbrunn;Bayern;49.7753;9.9936
97222;Rimpar;Bayern;49.8569;9.9571
97225;Zellingen;Bayern;49.8974;9.8175
97228;Rottendorf;Bayern;49.7923;10.0259
97230;Estenfeld;Bayern;49.8290;10.0059
97232;Giebelstadt;Bayern;49.6531;9.9444
97234;Reichenberg;Bayern;49.7319;9.9148
97236;Randersacker;Bayern;49.7602;9.9828
97237;Altertheim;Bayern;49.7167;9.7500
97239;Aub;Bayern;49.5527;10.0653
97241;Oberpleichfeld (Bergtheim);Bayern;49.8884;10.0768
97243;Bieberehren;Bayern;49.5173;10.0091
97244;Bütthard;Bayern;49.5991;9.8799
97246;Eibelstadt;Bayern;49.7239;9.9996
97247;Eisenheim;Bayern;49.8833;10.1667
97249;Eisingen;Bayern;49.7597;9.8311
97250;Erlabrunn;Bayern;49.8597;9.8442
97252;Frickenhausen am Main;Bayern;49.6667;10.0833
97253;Gaukönigshofen;Bayern;49.6333;10.0000
97255;Gelchsheim (Sonderhofen);Bayern;49.5828;10.0114
97256;Geroldshausen;Bayern;49.6836;9.9022
97258;Ippesheim (Gollhofen, Hemmersheim …);Bayern;49.5866;10.1451
97259;Greußenheim;Bayern;49.8167;9.7667
97261;Güntersleben;Bayern;49.8697;9.9050
97262;Hausen bei Würzburg;Bayern;49.9333;10.0167
97264;Helmstadt;Bayern;49.7618;9.7080
97265;Hettstadt;Bayern;49.7994;9.8150
97267;Himmelstadt;Bayern;49.9239;9.8017
97268;Kirchheim;Bayern;49.6561;9.8578
97270;Kist;Bayern;49.7428;9.8439
97271;Kleinrinderfeld;Bayern;49.7003;9.8447
97273;Kürnach;Bayern;49.8500;10.0333
97274;Leinach;Bayern;49.8619;9.8049
97276;Margetshöchheim;Bayern;49.8375;9.8639
97277;Neubrunn;Bayern;49.7309;9.6716
97279;Prosselsheim;Bayern;49.8631;10.1267
97280;Remlingen;Bayern;49.8048;9.6948
97282;Retzstadt;Bayern;49.9125;9.8819
97283;Riedenheim;Bayern;49.5572;9.9781
97285;Röttingen (Tauberrettersheim);Bayern;49.5020;9.9537
97286;Sommerhausen (Winterhausen);Bayern;49.7052;10.0213
97288;Theilheim;Bayern;49.7540;10.0306
97289;Thüngen;Bayern;49.9414;9.8586
97291;Thüngersheim;Bayern;49.8783;9.8492
97292;Uettingen (Holzkirchen);Bayern;49.7880;9.7055
97294;Unterpleichfeld;Bayern;49.8689;10.0440
97295;Waldbrunn;Bayern;49.7586;9.8036
97297;Waldbüttelbrunn;Bayern;49.7883;9.8467
97299;Zell am Main;Bayern;49.8121;9.8696
97318;Kitzingen (Biebelried);Bayern;49.7532;10.1170
97320;Buchbrunn (Großlangheim, Albertshofen …);Bayern;49.7522;10.1650
97332;Volkach;Bayern;49.8635;10.2281
97334;Nordheim am Main (Sommerach);Bayern;49.8396;10.1956
97337;Dettelbach;Bayern;49.8029;10.1652
97340;Martinsheim (Marktbreit, Segnitz);Bayern;49.6538;10.1470
97342;Seinsheim (Marktsteft, Obernbreit);Bayern;49.6651;10.1736
97346;Iphofen;Bayern;49.7024;10.2604
97348;Rödelsee (Willanzheim, Markt Einersheim);Bayern;49.7000;10.2580
97350;Mainbernheim;Bayern;49.7079;10.2190
97353;Wiesentheid;Bayern;49.7945;10.3451
97355;Wiesenbronn (Rüdenhausen, Abtswind …);Bayern;49.7595;10.3295
97357;Prichsenstadt;Bayern;49.8193;10.3477
97359;Schwarzach am Main;Bayern;49.7996;10.2298
97412;Schweinfurt;Bayern;50.0500;10.2333
97421;Schweinfurt;Bayern;50.0442;10.2267
97422;Schweinfurt;Bayern;50.0545;10.2441
97424;Schweinfurt;Bayern;50.0348;10.2064
97437;Haßfurt;Bayern;50.0352;10.5156
97440;Werneck;Bayern;49.9820;10.0988
97447;Frankenwinheim (Gerolzhofen);Bayern;49.8937;10.3313
97450;Arnstein;Bayern;49.9777;9.9698
97453;Schonungen;Bayern;50.0501;10.3081
97456;Dittelbrunn;Bayern;50.0721;10.2197
97461;Hofheim in Unterfranken;Bayern;50.1368;10.5232
97464;Niederwerrn;Bayern;50.0615;10.1827
97469;Gochsheim;Bayern;50.0167;10.2833
97475;Zeil am Main;Bayern;50.0024;10.6098
97478;Knetzgau;Bayern;49.9833;10.5500
97483;Eltmann;Bayern;49.9715;10.6671
97486;Königsberg in Bayern;Bayern;50.0808;10.5676
97488;Stadtlauringen;Bayern;50.1871;10.3616
97490;Poppenhausen;Bayern;50.1000;10.1424
97491;Aidhausen;Bayern;50.1500;10.4333
97493;Bergrheinfeld;Bayern;50.0103;10.1809
97494;Bundorf;Bayern;50.2167;10.5167
97496;Burgpreppach;Bayern;50.1415;10.6498
97497;Dingolshausen;Bayern;49.9071;10.3903
97499;Donnersdorf;Bayern;49.9667;10.4167
97500;Ebelsbach;Bayern;49.9857;10.6744
97502;Euerbach;Bayern;50.0620;10.1369
97503;Gädheim;Bayern;50.0333;10.3500
97505;Geldersheim;Bayern;50.0429;10.1561
97506;Grafenrheinfeld;Bayern;50.0000;10.2000
97508;Grettstadt;Bayern;49.9833;10.3167
97509;Kolitzheim;Bayern;49.9167;10.2333
97511;Lülsfeld;Bayern;49.8681;10.3213
97513;Michelau im Steigerwald;Bayern;49.9000;10.4333
97514;Oberaurach;Bayern;49.9271;10.6333
97516;Oberschwarzach;Bayern;49.8605;10.4100
97517;Rannungen;Bayern;50.1654;10.2048
97519;Riedbach;Bayern;50.1000;10.4667
97520;Röthlein;Bayern;49.9833;10.2167
97522;Sand am Main;Bayern;49.9833;10.6000
97523;Schwanfeld;Bayern;49.9217;10.1387
97525;Schwebheim;Bayern;49.9904;10.2478
97526;Sennfeld;Bayern;50.0390;10.2599
97528;Sulzdorf an der Lederhecke;Bayern;50.2408;10.5628
97529;Sulzheim;Bayern;49.9500;10.3333
97531;Theres;Bayern;50.0111;10.4278
97532;Üchtelhausen;Bayern;50.0918;10.2686
97534;Waigolshausen;Bayern;49.9643;10.1200
97535;Wasserlosen;Bayern;50.0948;10.0302
97537;Wipfeld;Bayern;49.9167;10.1667
97539;Wonfurt;Bayern;50.0167;10.4667
97616;Salz (Bad Neustadt an der Saale);Bayern;50.3150;10.2094
97618;Wülfershausen an der Saale (Heustreu, Unsleben …);Bayern;50.3331;10.2512
97631;Bad Königshofen im Grabfeld;Bayern;50.3008;10.4689
97633;Trappstadt (Höchheim, Saal an der Saale …);Bayern;50.3120;10.4366
97638;Mellrichstadt;Bayern;50.4285;10.3033
97640;Hendungen (Oberstreu, Stockheim);Bayern;50.4192;10.3043
97645;Ostheim vor der Rhön;Bayern;50.4600;10.2306
97647;Willmars (Nordheim vor der Rhön, Sondheim vor der Rhön …);Bayern;50.4874;10.1794
97650;Fladungen;Bayern;50.5205;10.1458
97653;Bischofsheim an der Rhön;Bayern;50.4024;10.0075
97654;Bastheim;Bayern;50.4008;10.2037
97656;Oberelsbach;Bayern;50.4412;10.1169
97657;Sandberg;Bayern;50.3482;10.0081
97659;Schönau an der Brend;Bayern;50.3810;10.1044
97688;Bad Kissingen;Bayern;50.2023;10.0778
97702;Münnerstadt;Bayern;50.2464;10.2019
97705;Burkardroth;Bayern;50.2713;9.9916
97708;Bad Bocklet;Bayern;50.2665;10.0790
97711;Maßbach (Thundorf in Unterfranken);Bayern;50.1921;10.2972
97714;Oerlenbach;Bayern;50.1500;10.1333
97717;Aura an der Saale (Sulzthal, Euerdorf);Bayern;50.1483;10.0217
97720;Nüdlingen;Bayern;50.2206;10.1230
97723;Oberthulba;Bayern;50.1990;9.9588
97724;Burglauer;Bayern;50.2764;10.1794
97725;Elfershausen;Bayern;50.1474;9.9615
97727;Fuchsstadt;Bayern;50.1082;9.9337
97729;Ramsthal;Bayern;50.1404;10.0678
97737;Gemünden am Main;Bayern;50.0495;9.7059
97753;Karlstadt;Bayern;49.9603;9.7724
97762;Hammelburg;Bayern;50.1163;9.8914
97769;Bad Brückenau;Bayern;50.3085;9.7898
97772;Wildflecken;Bayern;50.3776;9.9109
97773;Aura im Sinngrund;Bayern;50.1782;9.5755
97775;Burgsinn;Bayern;50.1497;9.6512
97776;Eußenheim;Bayern;49.9859;9.8090
97778;Fellen;Bayern;50.1500;9.5833
97779;Geroda;Bayern;50.2806;9.8955
97780;Gössenheim;Bayern;50.0167;9.7833
97782;Gräfendorf;Bayern;50.1227;9.7405
97783;Karsbach;Bayern;50.0409;9.7853
97785;Mittelsinn;Bayern;50.1922;9.6170
97786;Motten;Bayern;50.3956;9.7725
97788;Neuendorf;Bayern;50.0333;9.6500
97789;Oberleichtersbach;Bayern;50.2833;9.8000
97791;Obersinn;Bayern;50.2088;9.6155
97792;Riedenberg;Bayern;50.3199;9.8610
97794;Rieneck;Bayern;50.0935;9.6480
97795;Schondra;Bayern;50.2681;9.8628
97797;Wartmannsroth;Bayern;50.1667;9.7833
97799;Zeitlofs;Bayern;50.2619;9.6724
97816;Lohr am Main;Bayern;49.9892;9.5722
97828;Marktheidenfeld;Bayern;49.8454;9.6036
97833;Frammersbach;Bayern;50.0647;9.4689
97834;Birkenfeld;Bayern;49.8586;9.6956
97836;Bischbrunn;Bayern;49.8703;9.4892
97837;Erlenbach bei Marktheidenfeld;Bayern;49.8193;9.6273
97839;Esselbach;Bayern;49.8553;9.5258
97840;Hafenlohr;Bayern;49.8694;9.6022
97842;Karbach;Bayern;49.8670;9.6381
97843;Neuhütten;Bayern;50.0000;9.4167
97845;Neustadt am Main;Bayern;49.9302;9.5681
97846;Partenstein;Bayern;50.0418;9.5199
97848;Rechtenbach;Bayern;49.9831;9.5083
97849;Roden;Bayern;49.8956;9.6264
97851;Rothenfels;Bayern;49.8914;9.5926
97852;Schollbrunn;Bayern;49.8350;9.4639
97854;Steinfeld;Bayern;49.9528;9.6694
97855;Triefenstein;Bayern;49.8006;9.6067
97857;Urspringen;Bayern;49.9017;9.6712
97859;Wiesthal;Bayern;50.0333;9.4333
97877;Wertheim;Baden-Württemberg;49.7590;9.5085
97892;Kreuzwertheim;Bayern;49.7682;9.5182
97896;Freudenberg;Baden-Württemberg;49.7535;9.3275
97900;Külsheim;Baden-Württemberg;49.6694;9.5236
97901;Altenbuch;Bayern;49.8286;9.4014
97903;Collenberg;Bayern;49.7435;9.3203
97904;Dorfprozelten;Bayern;49.7806;9.3803
97906;Faulbach;Bayern;49.7853;9.4442
97907;Hasloch;Bayern;49.7919;9.4936
97909;Stadtprozelten;Bayern;49.7847;9.4118
97922;Lauda-Königshofen;Baden-Württemberg;49.5653;9.7082
97941;Tauberbischofsheim;Baden-Württemberg;49.6247;9.6628
97944;Boxberg;Baden-Württemberg;49.4796;9.6401
97947;Grünsfeld;Baden-Württemberg;49.6095;9.7472
97950;Großrinderfeld;Baden-Württemberg;49.6654;9.7336
97953;Königheim;Baden-Württemberg;49.6203;9.5958
97956;Werbach;Baden-Württemberg;49.6708;9.6394
97957;Wittighausen;Baden-Württemberg;49.6192;9.8422
97959;Assamstadt;Baden-Württemberg;49.4281;9.6861
97980;Bad Mergentheim;Baden-Württemberg;49.4925;9.7736
97990;Weikersheim;Baden-Württemberg;49.4787;9.8998
97993;Creglingen;Baden-Württemberg;49.4694;10.0312
97996;Niederstetten;Baden-Württemberg;49.4000;9.9194
97999;Igersheim;Baden-Württemberg;49.4944;9.8169
98527;Suhl;Thüringen;50.6080;10.6957
98528;Suhl;Thüringen;50.6000;10.7000
98529;Suhl;Thüringen;50.6000;10.7000
98530;Marisfeld (Oberstadt, Dillstädt …);Thüringen;50.5675;10.5570
98544;Zella-Mehlis;Thüringen;50.6564;10.6605
98547;Christes (Viernau, Schwarza …);Thüringen;50.6391;10.5157
98553;Sankt Kilian (Schleusingen, Ahlstädt …);Thüringen;50.5314;10.7221
98554;Benshausen;Thüringen;50.6500;10.6000
98559;Oberhof (Gehlberg);Thüringen;50.6912;10.7591
98574;Schmalkalden;Thüringen;50.7214;10.4439
98587;Altersbach (Springstille, Steinbach-Hallenberg …);Thüringen;50.7010;10.5681
98590;Wernshausen (Rosa, Schwallungen …);Thüringen;50.7071;10.2937
98593;Kleinschmalkalden (Floh-Seligenthal);Thüringen;50.7716;10.4684
98596;Trusetal;Thüringen;50.7833;10.4167
98597;Heßles (Fambach, Breitungen);Thüringen;50.7496;10.3670
98599;Brotterode;Thüringen;50.8241;10.4445
98617;Henneberg (Utendorf, Wölfershausen …);Thüringen;50.5357;10.4226
98630;Westenfeld (Römhild, Milz …);Thüringen;50.3968;10.5114
98631;Queienfeld (Schwickershausen, Nordheim …);Thüringen;50.4498;10.4423
98634;Wasungen (Frankenheim, Mehmels …);Thüringen;50.6073;10.1894
98639;Wallbach (Rippershausen, Walldorf …);Thüringen;50.6242;10.3920
98646;Straufhain (Gleichamberg, Trostadt …);Thüringen;50.4244;10.6553
98660;Beinerstadt (Lengfeld, Ehrenberg …);Thüringen;50.4933;10.6228
98663;Ummerstadt (Schweickershausen, Westhausen …);Thüringen;50.2728;10.6966
98666;Masserberg;Thüringen;50.5198;10.9709
98667;Schleusegrund;Thüringen;50.5233;10.8667
98669;Schlechtsart (Veilsdorf);Thüringen;50.3687;10.7160
98673;Auengrund (Eisfeld, Brünn);Thüringen;50.4472;10.8711
98678;Sachsenbrunn;Thüringen;50.4472;10.9495
98693;Martinroda (Ilmenau);Thüringen;50.7032;10.9038
98701;Wildenspring (Gillersdorf, Friedersdorf …);Thüringen;50.5965;11.0151
98704;Wolfsberg (Langewiesen);Thüringen;50.6890;10.9799
98708;Pennewitz (Möhrenbach, Gehren);Thüringen;50.6437;11.0181
98711;Frauenwald (Schmiedefeld am Rennsteig);Thüringen;50.5965;10.8356
98714;Stützerbach;Thüringen;50.6333;10.8667
98716;Elgersburg (Geraberg, Geschwenda);Thüringen;50.7179;10.8386
98724;Neuhaus am Rennweg (Lauscha);Thüringen;50.4935;11.1487
98739;Schmiedefeld (Piesau, Reichmannsdorf …);Thüringen;50.5291;11.2186
98743;Gräfenthal;Thüringen;50.5246;11.3068
98744;Cursdorf (Oberweißbach, Deesbach …);Thüringen;50.5855;11.1546
98746;Mellenbach-Glasbach (Goldisthal, Katzhütte …);Thüringen;50.5630;11.0591
98749;Steinheid (Scheibe-Alsbach, Siegmundsburg);Thüringen;50.4747;11.0657
99084;Erfurt;Thüringen;50.9746;11.0297
99085;Erfurt;Thüringen;50.9945;11.0528
99086;Erfurt;Thüringen;50.9940;11.0276
99087;Erfurt;Thüringen;51.0210;11.0353
99089;Erfurt;Thüringen;50.9968;11.0079
99091;Erfurt;Thüringen;51.0143;10.9929
99092;Erfurt;Thüringen;50.9730;10.9787
99094;Erfurt;Thüringen;50.9833;11.0333
99096;Erfurt;Thüringen;50.9643;11.0410
99097;Erfurt;Thüringen;50.9833;11.0333
99098;Erfurt;Thüringen;50.9833;11.0333
99099;Erfurt;Thüringen;50.9751;11.0637
99100;Dachwig (Bienstädt, Gierstädt/Kleinfahner …);Thüringen;51.0431;10.8429
99102;Klettbach (Rockhausen);Thüringen;50.9091;11.0954
99130;Marlishausen;Thüringen;50.8222;11.0172
99189;Ringleben (Haßleben, Witterda …);Thüringen;51.0799;10.9403
99192;Nottleben (Apfelstädt, Neudietendorf …);Thüringen;50.9303;10.8950
99195;Nöda (Alperstedt, Eckstedt …);Thüringen;51.0843;11.0897
99198;Kleinmölsen (Mönchenholzhausen, Ollendorf …);Thüringen;51.0233;11.1433
99310;Bösleben-Wüllersleben (Alkersleben, Wachsenburggemeinde …);Thüringen;50.8332;11.0161
99326;Stadtilm (Ilmtal);Thüringen;50.7546;11.0830
99330;Frankenhain (Crawinkel, Gräfenroda …);Thüringen;50.7642;10.8052
99334;Elxleben (Ichtershausen, Elleben …);Thüringen;50.8738;11.0467
99338;Neusiß (Angelroda, Plaue …);Thüringen;50.7696;10.8749
99423;Weimar;Thüringen;50.9804;11.3263
99425;Weimar;Thüringen;50.9833;11.3167
99427;Weimar;Thüringen;50.9867;11.3156
99428;Hopfgarten (Niederzimmern, Utzberg …);Thüringen;50.9807;11.2256
99438;Buchfart (Bad Berka, Hetschburg …);Thüringen;50.9168;11.2835
99439;Buttelstedt (Schwerstedt, Rohrbach …);Thüringen;51.0551;11.3001
99441;Lehnstedt (Frankendorf, Kleinschwabhausen …);Thüringen;50.9396;11.4323
99444;Blankenhain;Thüringen;50.8599;11.3439
99448;Nauendorf (Kranichfeld, Hohenfelden …);Thüringen;50.8610;11.1939
99510;Obertrebra (Apolda, Oßmannstedt …);Thüringen;51.0502;11.4816
99518;Großheringen (Rannstedt, Niedertrebra …);Thüringen;51.0857;11.5913
99610;Sömmerda (Sprötau, Wundersleben …);Thüringen;51.1369;11.1973
99625;Beichlingen (Kleinneuhausen, Schillingstedt …);Thüringen;51.1962;11.2612
99628;Hardisleben (Ellersleben, Guthmannshausen …);Thüringen;51.1355;11.3937
99631;Weißensee (Günstedt, Herrnschwende);Thüringen;51.2128;11.0498
99634;Werningshausen (Gangloffsömmern, Schwerstedt …);Thüringen;51.1569;10.9631
99636;Rastenberg (Ostramondra);Thüringen;51.1875;11.3768
99638;Griefstedt (Kindelbrück, Riethgen …);Thüringen;51.2505;11.1052
99706;Sondershausen;Thüringen;51.3697;10.8701
99707;Günserode (Bendeleben, Hachelbich …);Thüringen;51.3572;11.0146
99713;Helbedündorf (Freienbessingen, Bellstedt …);Thüringen;51.2790;10.7474
99718;Niederbösa (Topfstedt, Großenehrich …);Thüringen;51.2561;10.9423
99734;Nordhausen;Thüringen;51.5018;10.7957
99735;Friedrichsthal (Kleinfurra, Etzelsrode …);Thüringen;51.4665;10.6975
99752;Wipperdorf (Kleinbodungen, Kehmstedt …);Thüringen;51.4593;10.5695
99755;Ellrich (Hohenstein);Thüringen;51.5378;10.6214
99759;Großlohra (Obergebra, Niedergebra …);Thüringen;51.4089;10.5881
99762;Herrmannsacker (Niedersachswerfen, Buchholz …);Thüringen;51.5457;10.8537
99765;Urbach (Windehausen, Görsbach …);Thüringen;51.4494;10.8937
99768;Ilfeld;Thüringen;51.5757;10.7847
99817;Eisenach;Thüringen;50.9807;10.3152
99819;Marksuhl (Wolfsburg-Unkeroda, Krauthausen …);Thüringen;50.9329;10.2772
99820;Behringen;Thüringen;51.0217;10.5101
99826;Mihla (Hallungen, Bischofroda …);Thüringen;51.0851;10.3350
99830;Treffurt;Thüringen;51.1369;10.2336
99831;Creuzburg (Ifta);Thüringen;51.0598;10.2154
99834;Lauchröden (Oberellen, Unterellen …);Thüringen;50.9689;10.1423
99837;Dankmarshausen (Großensee, Dippach …);Thüringen;50.9321;10.0271
99842;Ruhla;Thüringen;50.8930;10.3657
99846;Seebach;Thüringen;50.9167;10.4167
99848;Wutha-Farnroda (Hörselberg);Thüringen;50.9627;10.4051
99867;Gotha;Thüringen;50.9482;10.7019
99869;Mühlberg (Emleben, Brüheim …);Thüringen;50.9680;10.7063
99880;Mechterstädt (Leinatal, Laucha …);Thüringen;50.9304;10.5858
99885;Wölfis (Luisenthal, Ohrdruf);Thüringen;50.8068;10.7488
99887;Petriroda (Hohenkirchen, Gräfenhain …);Thüringen;50.8415;10.6899
99891;Tabarz (Emsetal);Thüringen;50.8854;10.4590
99894;Finsterbergen (Friedrichroda, Ernstroda);Thüringen;50.8523;10.5916
99897;Tambach-Dietharz;Thüringen;50.7925;10.6157
99947;Sundhausen (Weberstedt, Kleinwelsbach …);Thüringen;51.1570;10.6380
99955;Hornsömmern (Bad Tennstedt, Klettstedt …);Thüringen;51.1731;10.8020
99958;Großvargula (Tonna);Thüringen;51.0958;10.7583
99974;Unstruttal (Mühlhausen);Thüringen;51.2365;10.4500
99976;Anrode (Hildebrandshausen, Dünwald …);Thüringen;51.2478;10.3289
99986;Kammerforst (Oberdorla, Oppershausen …);Thüringen;51.1440;10.4405
99988;Katharinenberg (Heyerode);Thüringen;51.1729;10.2904
99991;Großengottern (Altengottern, Heroldishausen);Thüringen;51.1485;10.5533
99994;Marolterode (Schlotheim);Thüringen;51.2399;10.6708
99996;Menteroda (Obermehler);Thüringen;51.2888;10.5803
99998;Mühlhausen/Thüringen (Körner);Thüringen;51.2125;10.5625
